dataset,strategy,budget,seed,downstream_model,embedding_model,macro_f1,accuracy,cost_scenario,cost_source,cost_source_url,cost_checked_at,human_cost_per_label,selection_cost_per_example,annotation_cost,selection_cost,total_cost
financial_phrasebank,random,50,0,sentence_transformer_logreg,sentence-transformers/all-MiniLM-L6-v2,0.4925175256983037,0.6843267108167771,low,Amazon Mechanical Turk,https://www.mturk.com/pricing,2026-07-12,0.04,0.0,2.0,0.0,2.0
financial_phrasebank,random,50,0,sentence_transformer_logreg,sentence-transformers/all-MiniLM-L6-v2,0.4925175256983037,0.6843267108167771,base,Prolific,https://www.prolific.com/pricing,2026-07-12,0.09519999999999999,0.0,4.76,0.0,4.76
financial_phrasebank,random,50,0,sentence_transformer_logreg,sentence-transformers/all-MiniLM-L6-v2,0.4925175256983037,0.6843267108167771,high,Prolific,https://www.prolific.com/pricing,2026-07-12,0.42839999999999995,0.0,21.419999999999998,0.0,21.419999999999998
financial_phrasebank,random,100,0,sentence_transformer_logreg,sentence-transformers/all-MiniLM-L6-v2,0.6380508988305834,0.7858719646799117,low,Amazon Mechanical Turk,https://www.mturk.com/pricing,2026-07-12,0.04,0.0,4.0,0.0,4.0
financial_phrasebank,random,100,0,sentence_transformer_logreg,sentence-transformers/all-MiniLM-L6-v2,0.6380508988305834,0.7858719646799117,base,Prolific,https://www.prolific.com/pricing,2026-07-12,0.09519999999999999,0.0,9.52,0.0,9.52
financial_phrasebank,random,100,0,sentence_transformer_logreg,sentence-transformers/all-MiniLM-L6-v2,0.6380508988305834,0.7858719646799117,high,Prolific,https://www.prolific.com/pricing,2026-07-12,0.42839999999999995,0.0,42.839999999999996,0.0,42.839999999999996
financial_phrasebank,random,250,0,sentence_transformer_logreg,sentence-transformers/all-MiniLM-L6-v2,0.8315608189171408,0.8675496688741722,low,Amazon Mechanical Turk,https://www.mturk.com/pricing,2026-07-12,0.04,0.0,10.0,0.0,10.0
financial_phrasebank,random,250,0,sentence_transformer_logreg,sentence-transformers/all-MiniLM-L6-v2,0.8315608189171408,0.8675496688741722,base,Prolific,https://www.prolific.com/pricing,2026-07-12,0.09519999999999999,0.0,23.799999999999997,0.0,23.799999999999997
financial_phrasebank,random,250,0,sentence_transformer_logreg,sentence-transformers/all-MiniLM-L6-v2,0.8315608189171408,0.8675496688741722,high,Prolific,https://www.prolific.com/pricing,2026-07-12,0.42839999999999995,0.0,107.09999999999998,0.0,107.09999999999998
financial_phrasebank,random,500,0,sentence_transformer_logreg,sentence-transformers/all-MiniLM-L6-v2,0.7782337997825423,0.8432671081677704,low,Amazon Mechanical Turk,https://www.mturk.com/pricing,2026-07-12,0.04,0.0,20.0,0.0,20.0
financial_phrasebank,random,500,0,sentence_transformer_logreg,sentence-transformers/all-MiniLM-L6-v2,0.7782337997825423,0.8432671081677704,base,Prolific,https://www.prolific.com/pricing,2026-07-12,0.09519999999999999,0.0,47.599999999999994,0.0,47.599999999999994
financial_phrasebank,random,500,0,sentence_transformer_logreg,sentence-transformers/all-MiniLM-L6-v2,0.7782337997825423,0.8432671081677704,high,Prolific,https://www.prolific.com/pricing,2026-07-12,0.42839999999999995,0.0,214.19999999999996,0.0,214.19999999999996
financial_phrasebank,random,1000,0,sentence_transformer_logreg,sentence-transformers/all-MiniLM-L6-v2,0.8288752183489025,0.8785871964679912,low,Amazon Mechanical Turk,https://www.mturk.com/pricing,2026-07-12,0.04,0.0,40.0,0.0,40.0
financial_phrasebank,random,1000,0,sentence_transformer_logreg,sentence-transformers/all-MiniLM-L6-v2,0.8288752183489025,0.8785871964679912,base,Prolific,https://www.prolific.com/pricing,2026-07-12,0.09519999999999999,0.0,95.19999999999999,0.0,95.19999999999999
financial_phrasebank,random,1000,0,sentence_transformer_logreg,sentence-transformers/all-MiniLM-L6-v2,0.8288752183489025,0.8785871964679912,high,Prolific,https://www.prolific.com/pricing,2026-07-12,0.42839999999999995,0.0,428.3999999999999,0.0,428.3999999999999
financial_phrasebank,uncertainty_al,50,0,sentence_transformer_logreg,sentence-transformers/all-MiniLM-L6-v2,0.43206754204363423,0.423841059602649,low,Amazon Mechanical Turk,https://www.mturk.com/pricing,2026-07-12,0.04,0.002,2.0,0.1,2.1
financial_phrasebank,uncertainty_al,50,0,sentence_transformer_logreg,sentence-transformers/all-MiniLM-L6-v2,0.43206754204363423,0.423841059602649,base,Prolific,https://www.prolific.com/pricing,2026-07-12,0.09519999999999999,0.002,4.76,0.1,4.859999999999999
financial_phrasebank,uncertainty_al,50,0,sentence_transformer_logreg,sentence-transformers/all-MiniLM-L6-v2,0.43206754204363423,0.423841059602649,high,Prolific,https://www.prolific.com/pricing,2026-07-12,0.42839999999999995,0.002,21.419999999999998,0.1,21.52
financial_phrasebank,uncertainty_al,100,0,sentence_transformer_logreg,sentence-transformers/all-MiniLM-L6-v2,0.7764563500004765,0.8013245033112583,low,Amazon Mechanical Turk,https://www.mturk.com/pricing,2026-07-12,0.04,0.002,4.0,0.2,4.2
financial_phrasebank,uncertainty_al,100,0,sentence_transformer_logreg,sentence-transformers/all-MiniLM-L6-v2,0.7764563500004765,0.8013245033112583,base,Prolific,https://www.prolific.com/pricing,2026-07-12,0.09519999999999999,0.002,9.52,0.2,9.719999999999999
financial_phrasebank,uncertainty_al,100,0,sentence_transformer_logreg,sentence-transformers/all-MiniLM-L6-v2,0.7764563500004765,0.8013245033112583,high,Prolific,https://www.prolific.com/pricing,2026-07-12,0.42839999999999995,0.002,42.839999999999996,0.2,43.04
financial_phrasebank,uncertainty_al,250,0,sentence_transformer_logreg,sentence-transformers/all-MiniLM-L6-v2,0.7602613738462795,0.7947019867549668,low,Amazon Mechanical Turk,https://www.mturk.com/pricing,2026-07-12,0.04,0.002,10.0,0.5,10.5
financial_phrasebank,uncertainty_al,250,0,sentence_transformer_logreg,sentence-transformers/all-MiniLM-L6-v2,0.7602613738462795,0.7947019867549668,base,Prolific,https://www.prolific.com/pricing,2026-07-12,0.09519999999999999,0.002,23.799999999999997,0.5,24.299999999999997
financial_phrasebank,uncertainty_al,250,0,sentence_transformer_logreg,sentence-transformers/all-MiniLM-L6-v2,0.7602613738462795,0.7947019867549668,high,Prolific,https://www.prolific.com/pricing,2026-07-12,0.42839999999999995,0.002,107.09999999999998,0.5,107.59999999999998
financial_phrasebank,uncertainty_al,500,0,sentence_transformer_logreg,sentence-transformers/all-MiniLM-L6-v2,0.8445970960964964,0.8763796909492274,low,Amazon Mechanical Turk,https://www.mturk.com/pricing,2026-07-12,0.04,0.002,20.0,1.0,21.0
financial_phrasebank,uncertainty_al,500,0,sentence_transformer_logreg,sentence-transformers/all-MiniLM-L6-v2,0.8445970960964964,0.8763796909492274,base,Prolific,https://www.prolific.com/pricing,2026-07-12,0.09519999999999999,0.002,47.599999999999994,1.0,48.599999999999994
financial_phrasebank,uncertainty_al,500,0,sentence_transformer_logreg,sentence-transformers/all-MiniLM-L6-v2,0.8445970960964964,0.8763796909492274,high,Prolific,https://www.prolific.com/pricing,2026-07-12,0.42839999999999995,0.002,214.19999999999996,1.0,215.19999999999996
financial_phrasebank,uncertainty_al,1000,0,sentence_transformer_logreg,sentence-transformers/all-MiniLM-L6-v2,0.8440323818542032,0.8896247240618101,low,Amazon Mechanical Turk,https://www.mturk.com/pricing,2026-07-12,0.04,0.002,40.0,2.0,42.0
financial_phrasebank,uncertainty_al,1000,0,sentence_transformer_logreg,sentence-transformers/all-MiniLM-L6-v2,0.8440323818542032,0.8896247240618101,base,Prolific,https://www.prolific.com/pricing,2026-07-12,0.09519999999999999,0.002,95.19999999999999,2.0,97.19999999999999
financial_phrasebank,uncertainty_al,1000,0,sentence_transformer_logreg,sentence-transformers/all-MiniLM-L6-v2,0.8440323818542032,0.8896247240618101,high,Prolific,https://www.prolific.com/pricing,2026-07-12,0.42839999999999995,0.002,428.3999999999999,2.0,430.3999999999999
financial_phrasebank,diversity_al,50,0,sentence_transformer_logreg,sentence-transformers/all-MiniLM-L6-v2,0.25353397172822617,0.6136865342163356,low,Amazon Mechanical Turk,https://www.mturk.com/pricing,2026-07-12,0.04,0.003,2.0,0.15,2.15
financial_phrasebank,diversity_al,50,0,sentence_transformer_logreg,sentence-transformers/all-MiniLM-L6-v2,0.25353397172822617,0.6136865342163356,base,Prolific,https://www.prolific.com/pricing,2026-07-12,0.09519999999999999,0.003,4.76,0.15,4.91
financial_phrasebank,diversity_al,50,0,sentence_transformer_logreg,sentence-transformers/all-MiniLM-L6-v2,0.25353397172822617,0.6136865342163356,high,Prolific,https://www.prolific.com/pricing,2026-07-12,0.42839999999999995,0.003,21.419999999999998,0.15,21.569999999999997
financial_phrasebank,diversity_al,100,0,sentence_transformer_logreg,sentence-transformers/all-MiniLM-L6-v2,0.27752780173921154,0.6225165562913907,low,Amazon Mechanical Turk,https://www.mturk.com/pricing,2026-07-12,0.04,0.003,4.0,0.3,4.3
financial_phrasebank,diversity_al,100,0,sentence_transformer_logreg,sentence-transformers/all-MiniLM-L6-v2,0.27752780173921154,0.6225165562913907,base,Prolific,https://www.prolific.com/pricing,2026-07-12,0.09519999999999999,0.003,9.52,0.3,9.82
financial_phrasebank,diversity_al,100,0,sentence_transformer_logreg,sentence-transformers/all-MiniLM-L6-v2,0.27752780173921154,0.6225165562913907,high,Prolific,https://www.prolific.com/pricing,2026-07-12,0.42839999999999995,0.003,42.839999999999996,0.3,43.13999999999999
financial_phrasebank,diversity_al,250,0,sentence_transformer_logreg,sentence-transformers/all-MiniLM-L6-v2,0.6928815845753956,0.8035320088300221,low,Amazon Mechanical Turk,https://www.mturk.com/pricing,2026-07-12,0.04,0.003,10.0,0.75,10.75
financial_phrasebank,diversity_al,250,0,sentence_transformer_logreg,sentence-transformers/all-MiniLM-L6-v2,0.6928815845753956,0.8035320088300221,base,Prolific,https://www.prolific.com/pricing,2026-07-12,0.09519999999999999,0.003,23.799999999999997,0.75,24.549999999999997
financial_phrasebank,diversity_al,250,0,sentence_transformer_logreg,sentence-transformers/all-MiniLM-L6-v2,0.6928815845753956,0.8035320088300221,high,Prolific,https://www.prolific.com/pricing,2026-07-12,0.42839999999999995,0.003,107.09999999999998,0.75,107.84999999999998
financial_phrasebank,diversity_al,500,0,sentence_transformer_logreg,sentence-transformers/all-MiniLM-L6-v2,0.7631443075696934,0.8322295805739515,low,Amazon Mechanical Turk,https://www.mturk.com/pricing,2026-07-12,0.04,0.003,20.0,1.5,21.5
financial_phrasebank,diversity_al,500,0,sentence_transformer_logreg,sentence-transformers/all-MiniLM-L6-v2,0.7631443075696934,0.8322295805739515,base,Prolific,https://www.prolific.com/pricing,2026-07-12,0.09519999999999999,0.003,47.599999999999994,1.5,49.099999999999994
financial_phrasebank,diversity_al,500,0,sentence_transformer_logreg,sentence-transformers/all-MiniLM-L6-v2,0.7631443075696934,0.8322295805739515,high,Prolific,https://www.prolific.com/pricing,2026-07-12,0.42839999999999995,0.003,214.19999999999996,1.5,215.69999999999996
financial_phrasebank,diversity_al,1000,0,sentence_transformer_logreg,sentence-transformers/all-MiniLM-L6-v2,0.8557621057621058,0.8940397350993378,low,Amazon Mechanical Turk,https://www.mturk.com/pricing,2026-07-12,0.04,0.003,40.0,3.0,43.0
financial_phrasebank,diversity_al,1000,0,sentence_transformer_logreg,sentence-transformers/all-MiniLM-L6-v2,0.8557621057621058,0.8940397350993378,base,Prolific,https://www.prolific.com/pricing,2026-07-12,0.09519999999999999,0.003,95.19999999999999,3.0,98.19999999999999
financial_phrasebank,diversity_al,1000,0,sentence_transformer_logreg,sentence-transformers/all-MiniLM-L6-v2,0.8557621057621058,0.8940397350993378,high,Prolific,https://www.prolific.com/pricing,2026-07-12,0.42839999999999995,0.003,428.3999999999999,3.0,431.3999999999999
financial_phrasebank,hybrid_al,50,0,sentence_transformer_logreg,sentence-transformers/all-MiniLM-L6-v2,0.4908040451518712,0.7373068432671082,low,Amazon Mechanical Turk,https://www.mturk.com/pricing,2026-07-12,0.04,0.004,2.0,0.2,2.2
financial_phrasebank,hybrid_al,50,0,sentence_transformer_logreg,sentence-transformers/all-MiniLM-L6-v2,0.4908040451518712,0.7373068432671082,base,Prolific,https://www.prolific.com/pricing,2026-07-12,0.09519999999999999,0.004,4.76,0.2,4.96
financial_phrasebank,hybrid_al,50,0,sentence_transformer_logreg,sentence-transformers/all-MiniLM-L6-v2,0.4908040451518712,0.7373068432671082,high,Prolific,https://www.prolific.com/pricing,2026-07-12,0.42839999999999995,0.004,21.419999999999998,0.2,21.619999999999997
financial_phrasebank,hybrid_al,100,0,sentence_transformer_logreg,sentence-transformers/all-MiniLM-L6-v2,0.5111978840124038,0.7439293598233996,low,Amazon Mechanical Turk,https://www.mturk.com/pricing,2026-07-12,0.04,0.004,4.0,0.4,4.4
financial_phrasebank,hybrid_al,100,0,sentence_transformer_logreg,sentence-transformers/all-MiniLM-L6-v2,0.5111978840124038,0.7439293598233996,base,Prolific,https://www.prolific.com/pricing,2026-07-12,0.09519999999999999,0.004,9.52,0.4,9.92
financial_phrasebank,hybrid_al,100,0,sentence_transformer_logreg,sentence-transformers/all-MiniLM-L6-v2,0.5111978840124038,0.7439293598233996,high,Prolific,https://www.prolific.com/pricing,2026-07-12,0.42839999999999995,0.004,42.839999999999996,0.4,43.239999999999995
financial_phrasebank,hybrid_al,250,0,sentence_transformer_logreg,sentence-transformers/all-MiniLM-L6-v2,0.7567781549321403,0.7991169977924945,low,Amazon Mechanical Turk,https://www.mturk.com/pricing,2026-07-12,0.04,0.004,10.0,1.0,11.0
financial_phrasebank,hybrid_al,250,0,sentence_transformer_logreg,sentence-transformers/all-MiniLM-L6-v2,0.7567781549321403,0.7991169977924945,base,Prolific,https://www.prolific.com/pricing,2026-07-12,0.09519999999999999,0.004,23.799999999999997,1.0,24.799999999999997
financial_phrasebank,hybrid_al,250,0,sentence_transformer_logreg,sentence-transformers/all-MiniLM-L6-v2,0.7567781549321403,0.7991169977924945,high,Prolific,https://www.prolific.com/pricing,2026-07-12,0.42839999999999995,0.004,107.09999999999998,1.0,108.09999999999998
financial_phrasebank,hybrid_al,500,0,sentence_transformer_logreg,sentence-transformers/all-MiniLM-L6-v2,0.8027409148904477,0.8278145695364238,low,Amazon Mechanical Turk,https://www.mturk.com/pricing,2026-07-12,0.04,0.004,20.0,2.0,22.0
financial_phrasebank,hybrid_al,500,0,sentence_transformer_logreg,sentence-transformers/all-MiniLM-L6-v2,0.8027409148904477,0.8278145695364238,base,Prolific,https://www.prolific.com/pricing,2026-07-12,0.09519999999999999,0.004,47.599999999999994,2.0,49.599999999999994
financial_phrasebank,hybrid_al,500,0,sentence_transformer_logreg,sentence-transformers/all-MiniLM-L6-v2,0.8027409148904477,0.8278145695364238,high,Prolific,https://www.prolific.com/pricing,2026-07-12,0.42839999999999995,0.004,214.19999999999996,2.0,216.19999999999996
financial_phrasebank,hybrid_al,1000,0,sentence_transformer_logreg,sentence-transformers/all-MiniLM-L6-v2,0.838750800910276,0.8830022075055187,low,Amazon Mechanical Turk,https://www.mturk.com/pricing,2026-07-12,0.04,0.004,40.0,4.0,44.0
financial_phrasebank,hybrid_al,1000,0,sentence_transformer_logreg,sentence-transformers/all-MiniLM-L6-v2,0.838750800910276,0.8830022075055187,base,Prolific,https://www.prolific.com/pricing,2026-07-12,0.09519999999999999,0.004,95.19999999999999,4.0,99.19999999999999
financial_phrasebank,hybrid_al,1000,0,sentence_transformer_logreg,sentence-transformers/all-MiniLM-L6-v2,0.838750800910276,0.8830022075055187,high,Prolific,https://www.prolific.com/pricing,2026-07-12,0.42839999999999995,0.004,428.3999999999999,4.0,432.3999999999999
financial_phrasebank,random,50,1,sentence_transformer_logreg,sentence-transformers/all-MiniLM-L6-v2,0.6825997132012455,0.7505518763796909,low,Amazon Mechanical Turk,https://www.mturk.com/pricing,2026-07-12,0.04,0.0,2.0,0.0,2.0
financial_phrasebank,random,50,1,sentence_transformer_logreg,sentence-transformers/all-MiniLM-L6-v2,0.6825997132012455,0.7505518763796909,base,Prolific,https://www.prolific.com/pricing,2026-07-12,0.09519999999999999,0.0,4.76,0.0,4.76
financial_phrasebank,random,50,1,sentence_transformer_logreg,sentence-transformers/all-MiniLM-L6-v2,0.6825997132012455,0.7505518763796909,high,Prolific,https://www.prolific.com/pricing,2026-07-12,0.42839999999999995,0.0,21.419999999999998,0.0,21.419999999999998
financial_phrasebank,random,100,1,sentence_transformer_logreg,sentence-transformers/all-MiniLM-L6-v2,0.7214417307084956,0.8079470198675497,low,Amazon Mechanical Turk,https://www.mturk.com/pricing,2026-07-12,0.04,0.0,4.0,0.0,4.0
financial_phrasebank,random,100,1,sentence_transformer_logreg,sentence-transformers/all-MiniLM-L6-v2,0.7214417307084956,0.8079470198675497,base,Prolific,https://www.prolific.com/pricing,2026-07-12,0.09519999999999999,0.0,9.52,0.0,9.52
financial_phrasebank,random,100,1,sentence_transformer_logreg,sentence-transformers/all-MiniLM-L6-v2,0.7214417307084956,0.8079470198675497,high,Prolific,https://www.prolific.com/pricing,2026-07-12,0.42839999999999995,0.0,42.839999999999996,0.0,42.839999999999996
financial_phrasebank,random,250,1,sentence_transformer_logreg,sentence-transformers/all-MiniLM-L6-v2,0.7561782841117007,0.8322295805739515,low,Amazon Mechanical Turk,https://www.mturk.com/pricing,2026-07-12,0.04,0.0,10.0,0.0,10.0
financial_phrasebank,random,250,1,sentence_transformer_logreg,sentence-transformers/all-MiniLM-L6-v2,0.7561782841117007,0.8322295805739515,base,Prolific,https://www.prolific.com/pricing,2026-07-12,0.09519999999999999,0.0,23.799999999999997,0.0,23.799999999999997
financial_phrasebank,random,250,1,sentence_transformer_logreg,sentence-transformers/all-MiniLM-L6-v2,0.7561782841117007,0.8322295805739515,high,Prolific,https://www.prolific.com/pricing,2026-07-12,0.42839999999999995,0.0,107.09999999999998,0.0,107.09999999999998
financial_phrasebank,random,500,1,sentence_transformer_logreg,sentence-transformers/all-MiniLM-L6-v2,0.7964625483954988,0.8543046357615894,low,Amazon Mechanical Turk,https://www.mturk.com/pricing,2026-07-12,0.04,0.0,20.0,0.0,20.0
financial_phrasebank,random,500,1,sentence_transformer_logreg,sentence-transformers/all-MiniLM-L6-v2,0.7964625483954988,0.8543046357615894,base,Prolific,https://www.prolific.com/pricing,2026-07-12,0.09519999999999999,0.0,47.599999999999994,0.0,47.599999999999994
financial_phrasebank,random,500,1,sentence_transformer_logreg,sentence-transformers/all-MiniLM-L6-v2,0.7964625483954988,0.8543046357615894,high,Prolific,https://www.prolific.com/pricing,2026-07-12,0.42839999999999995,0.0,214.19999999999996,0.0,214.19999999999996
financial_phrasebank,random,1000,1,sentence_transformer_logreg,sentence-transformers/all-MiniLM-L6-v2,0.8400524771641519,0.8852097130242825,low,Amazon Mechanical Turk,https://www.mturk.com/pricing,2026-07-12,0.04,0.0,40.0,0.0,40.0
financial_phrasebank,random,1000,1,sentence_transformer_logreg,sentence-transformers/all-MiniLM-L6-v2,0.8400524771641519,0.8852097130242825,base,Prolific,https://www.prolific.com/pricing,2026-07-12,0.09519999999999999,0.0,95.19999999999999,0.0,95.19999999999999
financial_phrasebank,random,1000,1,sentence_transformer_logreg,sentence-transformers/all-MiniLM-L6-v2,0.8400524771641519,0.8852097130242825,high,Prolific,https://www.prolific.com/pricing,2026-07-12,0.42839999999999995,0.0,428.3999999999999,0.0,428.3999999999999
financial_phrasebank,uncertainty_al,50,1,sentence_transformer_logreg,sentence-transformers/all-MiniLM-L6-v2,0.25353397172822617,0.6136865342163356,low,Amazon Mechanical Turk,https://www.mturk.com/pricing,2026-07-12,0.04,0.002,2.0,0.1,2.1
financial_phrasebank,uncertainty_al,50,1,sentence_transformer_logreg,sentence-transformers/all-MiniLM-L6-v2,0.25353397172822617,0.6136865342163356,base,Prolific,https://www.prolific.com/pricing,2026-07-12,0.09519999999999999,0.002,4.76,0.1,4.859999999999999
financial_phrasebank,uncertainty_al,50,1,sentence_transformer_logreg,sentence-transformers/all-MiniLM-L6-v2,0.25353397172822617,0.6136865342163356,high,Prolific,https://www.prolific.com/pricing,2026-07-12,0.42839999999999995,0.002,21.419999999999998,0.1,21.52
financial_phrasebank,uncertainty_al,100,1,sentence_transformer_logreg,sentence-transformers/all-MiniLM-L6-v2,0.4152697184612078,0.3730684326710817,low,Amazon Mechanical Turk,https://www.mturk.com/pricing,2026-07-12,0.04,0.002,4.0,0.2,4.2
financial_phrasebank,uncertainty_al,100,1,sentence_transformer_logreg,sentence-transformers/all-MiniLM-L6-v2,0.4152697184612078,0.3730684326710817,base,Prolific,https://www.prolific.com/pricing,2026-07-12,0.09519999999999999,0.002,9.52,0.2,9.719999999999999
financial_phrasebank,uncertainty_al,100,1,sentence_transformer_logreg,sentence-transformers/all-MiniLM-L6-v2,0.4152697184612078,0.3730684326710817,high,Prolific,https://www.prolific.com/pricing,2026-07-12,0.42839999999999995,0.002,42.839999999999996,0.2,43.04
financial_phrasebank,uncertainty_al,250,1,sentence_transformer_logreg,sentence-transformers/all-MiniLM-L6-v2,0.7157148989907393,0.7196467991169978,low,Amazon Mechanical Turk,https://www.mturk.com/pricing,2026-07-12,0.04,0.002,10.0,0.5,10.5
financial_phrasebank,uncertainty_al,250,1,sentence_transformer_logreg,sentence-transformers/all-MiniLM-L6-v2,0.7157148989907393,0.7196467991169978,base,Prolific,https://www.prolific.com/pricing,2026-07-12,0.09519999999999999,0.002,23.799999999999997,0.5,24.299999999999997
financial_phrasebank,uncertainty_al,250,1,sentence_transformer_logreg,sentence-transformers/all-MiniLM-L6-v2,0.7157148989907393,0.7196467991169978,high,Prolific,https://www.prolific.com/pricing,2026-07-12,0.42839999999999995,0.002,107.09999999999998,0.5,107.59999999999998
financial_phrasebank,uncertainty_al,500,1,sentence_transformer_logreg,sentence-transformers/all-MiniLM-L6-v2,0.8272955010825197,0.8631346578366446,low,Amazon Mechanical Turk,https://www.mturk.com/pricing,2026-07-12,0.04,0.002,20.0,1.0,21.0
financial_phrasebank,uncertainty_al,500,1,sentence_transformer_logreg,sentence-transformers/all-MiniLM-L6-v2,0.8272955010825197,0.8631346578366446,base,Prolific,https://www.prolific.com/pricing,2026-07-12,0.09519999999999999,0.002,47.599999999999994,1.0,48.599999999999994
financial_phrasebank,uncertainty_al,500,1,sentence_transformer_logreg,sentence-transformers/all-MiniLM-L6-v2,0.8272955010825197,0.8631346578366446,high,Prolific,https://www.prolific.com/pricing,2026-07-12,0.42839999999999995,0.002,214.19999999999996,1.0,215.19999999999996
financial_phrasebank,uncertainty_al,1000,1,sentence_transformer_logreg,sentence-transformers/all-MiniLM-L6-v2,0.8402703578731904,0.8830022075055187,low,Amazon Mechanical Turk,https://www.mturk.com/pricing,2026-07-12,0.04,0.002,40.0,2.0,42.0
financial_phrasebank,uncertainty_al,1000,1,sentence_transformer_logreg,sentence-transformers/all-MiniLM-L6-v2,0.8402703578731904,0.8830022075055187,base,Prolific,https://www.prolific.com/pricing,2026-07-12,0.09519999999999999,0.002,95.19999999999999,2.0,97.19999999999999
financial_phrasebank,uncertainty_al,1000,1,sentence_transformer_logreg,sentence-transformers/all-MiniLM-L6-v2,0.8402703578731904,0.8830022075055187,high,Prolific,https://www.prolific.com/pricing,2026-07-12,0.42839999999999995,0.002,428.3999999999999,2.0,430.3999999999999
financial_phrasebank,diversity_al,50,1,sentence_transformer_logreg,sentence-transformers/all-MiniLM-L6-v2,0.2596783799880881,0.6158940397350994,low,Amazon Mechanical Turk,https://www.mturk.com/pricing,2026-07-12,0.04,0.003,2.0,0.15,2.15
financial_phrasebank,diversity_al,50,1,sentence_transformer_logreg,sentence-transformers/all-MiniLM-L6-v2,0.2596783799880881,0.6158940397350994,base,Prolific,https://www.prolific.com/pricing,2026-07-12,0.09519999999999999,0.003,4.76,0.15,4.91
financial_phrasebank,diversity_al,50,1,sentence_transformer_logreg,sentence-transformers/all-MiniLM-L6-v2,0.2596783799880881,0.6158940397350994,high,Prolific,https://www.prolific.com/pricing,2026-07-12,0.42839999999999995,0.003,21.419999999999998,0.15,21.569999999999997
financial_phrasebank,diversity_al,100,1,sentence_transformer_logreg,sentence-transformers/all-MiniLM-L6-v2,0.34579313471319084,0.6512141280353201,low,Amazon Mechanical Turk,https://www.mturk.com/pricing,2026-07-12,0.04,0.003,4.0,0.3,4.3
financial_phrasebank,diversity_al,100,1,sentence_transformer_logreg,sentence-transformers/all-MiniLM-L6-v2,0.34579313471319084,0.6512141280353201,base,Prolific,https://www.prolific.com/pricing,2026-07-12,0.09519999999999999,0.003,9.52,0.3,9.82
financial_phrasebank,diversity_al,100,1,sentence_transformer_logreg,sentence-transformers/all-MiniLM-L6-v2,0.34579313471319084,0.6512141280353201,high,Prolific,https://www.prolific.com/pricing,2026-07-12,0.42839999999999995,0.003,42.839999999999996,0.3,43.13999999999999
financial_phrasebank,diversity_al,250,1,sentence_transformer_logreg,sentence-transformers/all-MiniLM-L6-v2,0.5815033451397088,0.7726269315673289,low,Amazon Mechanical Turk,https://www.mturk.com/pricing,2026-07-12,0.04,0.003,10.0,0.75,10.75
financial_phrasebank,diversity_al,250,1,sentence_transformer_logreg,sentence-transformers/all-MiniLM-L6-v2,0.5815033451397088,0.7726269315673289,base,Prolific,https://www.prolific.com/pricing,2026-07-12,0.09519999999999999,0.003,23.799999999999997,0.75,24.549999999999997
financial_phrasebank,diversity_al,250,1,sentence_transformer_logreg,sentence-transformers/all-MiniLM-L6-v2,0.5815033451397088,0.7726269315673289,high,Prolific,https://www.prolific.com/pricing,2026-07-12,0.42839999999999995,0.003,107.09999999999998,0.75,107.84999999999998
financial_phrasebank,diversity_al,500,1,sentence_transformer_logreg,sentence-transformers/all-MiniLM-L6-v2,0.76123715436775,0.8410596026490066,low,Amazon Mechanical Turk,https://www.mturk.com/pricing,2026-07-12,0.04,0.003,20.0,1.5,21.5
financial_phrasebank,diversity_al,500,1,sentence_transformer_logreg,sentence-transformers/all-MiniLM-L6-v2,0.76123715436775,0.8410596026490066,base,Prolific,https://www.prolific.com/pricing,2026-07-12,0.09519999999999999,0.003,47.599999999999994,1.5,49.099999999999994
financial_phrasebank,diversity_al,500,1,sentence_transformer_logreg,sentence-transformers/all-MiniLM-L6-v2,0.76123715436775,0.8410596026490066,high,Prolific,https://www.prolific.com/pricing,2026-07-12,0.42839999999999995,0.003,214.19999999999996,1.5,215.69999999999996
financial_phrasebank,diversity_al,1000,1,sentence_transformer_logreg,sentence-transformers/all-MiniLM-L6-v2,0.8370990886174132,0.8852097130242825,low,Amazon Mechanical Turk,https://www.mturk.com/pricing,2026-07-12,0.04,0.003,40.0,3.0,43.0
financial_phrasebank,diversity_al,1000,1,sentence_transformer_logreg,sentence-transformers/all-MiniLM-L6-v2,0.8370990886174132,0.8852097130242825,base,Prolific,https://www.prolific.com/pricing,2026-07-12,0.09519999999999999,0.003,95.19999999999999,3.0,98.19999999999999
financial_phrasebank,diversity_al,1000,1,sentence_transformer_logreg,sentence-transformers/all-MiniLM-L6-v2,0.8370990886174132,0.8852097130242825,high,Prolific,https://www.prolific.com/pricing,2026-07-12,0.42839999999999995,0.003,428.3999999999999,3.0,431.3999999999999
financial_phrasebank,hybrid_al,50,1,sentence_transformer_logreg,sentence-transformers/all-MiniLM-L6-v2,0.648282598866707,0.7748344370860927,low,Amazon Mechanical Turk,https://www.mturk.com/pricing,2026-07-12,0.04,0.004,2.0,0.2,2.2
financial_phrasebank,hybrid_al,50,1,sentence_transformer_logreg,sentence-transformers/all-MiniLM-L6-v2,0.648282598866707,0.7748344370860927,base,Prolific,https://www.prolific.com/pricing,2026-07-12,0.09519999999999999,0.004,4.76,0.2,4.96
financial_phrasebank,hybrid_al,50,1,sentence_transformer_logreg,sentence-transformers/all-MiniLM-L6-v2,0.648282598866707,0.7748344370860927,high,Prolific,https://www.prolific.com/pricing,2026-07-12,0.42839999999999995,0.004,21.419999999999998,0.2,21.619999999999997
financial_phrasebank,hybrid_al,100,1,sentence_transformer_logreg,sentence-transformers/all-MiniLM-L6-v2,0.7780943649498324,0.8167770419426048,low,Amazon Mechanical Turk,https://www.mturk.com/pricing,2026-07-12,0.04,0.004,4.0,0.4,4.4
financial_phrasebank,hybrid_al,100,1,sentence_transformer_logreg,sentence-transformers/all-MiniLM-L6-v2,0.7780943649498324,0.8167770419426048,base,Prolific,https://www.prolific.com/pricing,2026-07-12,0.09519999999999999,0.004,9.52,0.4,9.92
financial_phrasebank,hybrid_al,100,1,sentence_transformer_logreg,sentence-transformers/all-MiniLM-L6-v2,0.7780943649498324,0.8167770419426048,high,Prolific,https://www.prolific.com/pricing,2026-07-12,0.42839999999999995,0.004,42.839999999999996,0.4,43.239999999999995
financial_phrasebank,hybrid_al,250,1,sentence_transformer_logreg,sentence-transformers/all-MiniLM-L6-v2,0.7554125226453762,0.8145695364238411,low,Amazon Mechanical Turk,https://www.mturk.com/pricing,2026-07-12,0.04,0.004,10.0,1.0,11.0
financial_phrasebank,hybrid_al,250,1,sentence_transformer_logreg,sentence-transformers/all-MiniLM-L6-v2,0.7554125226453762,0.8145695364238411,base,Prolific,https://www.prolific.com/pricing,2026-07-12,0.09519999999999999,0.004,23.799999999999997,1.0,24.799999999999997
financial_phrasebank,hybrid_al,250,1,sentence_transformer_logreg,sentence-transformers/all-MiniLM-L6-v2,0.7554125226453762,0.8145695364238411,high,Prolific,https://www.prolific.com/pricing,2026-07-12,0.42839999999999995,0.004,107.09999999999998,1.0,108.09999999999998
financial_phrasebank,hybrid_al,500,1,sentence_transformer_logreg,sentence-transformers/all-MiniLM-L6-v2,0.7980681066949634,0.8432671081677704,low,Amazon Mechanical Turk,https://www.mturk.com/pricing,2026-07-12,0.04,0.004,20.0,2.0,22.0
financial_phrasebank,hybrid_al,500,1,sentence_transformer_logreg,sentence-transformers/all-MiniLM-L6-v2,0.7980681066949634,0.8432671081677704,base,Prolific,https://www.prolific.com/pricing,2026-07-12,0.09519999999999999,0.004,47.599999999999994,2.0,49.599999999999994
financial_phrasebank,hybrid_al,500,1,sentence_transformer_logreg,sentence-transformers/all-MiniLM-L6-v2,0.7980681066949634,0.8432671081677704,high,Prolific,https://www.prolific.com/pricing,2026-07-12,0.42839999999999995,0.004,214.19999999999996,2.0,216.19999999999996
financial_phrasebank,hybrid_al,1000,1,sentence_transformer_logreg,sentence-transformers/all-MiniLM-L6-v2,0.8425804963976019,0.8852097130242825,low,Amazon Mechanical Turk,https://www.mturk.com/pricing,2026-07-12,0.04,0.004,40.0,4.0,44.0
financial_phrasebank,hybrid_al,1000,1,sentence_transformer_logreg,sentence-transformers/all-MiniLM-L6-v2,0.8425804963976019,0.8852097130242825,base,Prolific,https://www.prolific.com/pricing,2026-07-12,0.09519999999999999,0.004,95.19999999999999,4.0,99.19999999999999
financial_phrasebank,hybrid_al,1000,1,sentence_transformer_logreg,sentence-transformers/all-MiniLM-L6-v2,0.8425804963976019,0.8852097130242825,high,Prolific,https://www.prolific.com/pricing,2026-07-12,0.42839999999999995,0.004,428.3999999999999,4.0,432.3999999999999
financial_phrasebank,random,50,2,sentence_transformer_logreg,sentence-transformers/all-MiniLM-L6-v2,0.6313460211514209,0.7483443708609272,low,Amazon Mechanical Turk,https://www.mturk.com/pricing,2026-07-12,0.04,0.0,2.0,0.0,2.0
financial_phrasebank,random,50,2,sentence_transformer_logreg,sentence-transformers/all-MiniLM-L6-v2,0.6313460211514209,0.7483443708609272,base,Prolific,https://www.prolific.com/pricing,2026-07-12,0.09519999999999999,0.0,4.76,0.0,4.76
financial_phrasebank,random,50,2,sentence_transformer_logreg,sentence-transformers/all-MiniLM-L6-v2,0.6313460211514209,0.7483443708609272,high,Prolific,https://www.prolific.com/pricing,2026-07-12,0.42839999999999995,0.0,21.419999999999998,0.0,21.419999999999998
financial_phrasebank,random,100,2,sentence_transformer_logreg,sentence-transformers/all-MiniLM-L6-v2,0.7451504626941272,0.8101545253863135,low,Amazon Mechanical Turk,https://www.mturk.com/pricing,2026-07-12,0.04,0.0,4.0,0.0,4.0
financial_phrasebank,random,100,2,sentence_transformer_logreg,sentence-transformers/all-MiniLM-L6-v2,0.7451504626941272,0.8101545253863135,base,Prolific,https://www.prolific.com/pricing,2026-07-12,0.09519999999999999,0.0,9.52,0.0,9.52
financial_phrasebank,random,100,2,sentence_transformer_logreg,sentence-transformers/all-MiniLM-L6-v2,0.7451504626941272,0.8101545253863135,high,Prolific,https://www.prolific.com/pricing,2026-07-12,0.42839999999999995,0.0,42.839999999999996,0.0,42.839999999999996
financial_phrasebank,random,250,2,sentence_transformer_logreg,sentence-transformers/all-MiniLM-L6-v2,0.7528460100415356,0.8278145695364238,low,Amazon Mechanical Turk,https://www.mturk.com/pricing,2026-07-12,0.04,0.0,10.0,0.0,10.0
financial_phrasebank,random,250,2,sentence_transformer_logreg,sentence-transformers/all-MiniLM-L6-v2,0.7528460100415356,0.8278145695364238,base,Prolific,https://www.prolific.com/pricing,2026-07-12,0.09519999999999999,0.0,23.799999999999997,0.0,23.799999999999997
financial_phrasebank,random,250,2,sentence_transformer_logreg,sentence-transformers/all-MiniLM-L6-v2,0.7528460100415356,0.8278145695364238,high,Prolific,https://www.prolific.com/pricing,2026-07-12,0.42839999999999995,0.0,107.09999999999998,0.0,107.09999999999998
financial_phrasebank,random,500,2,sentence_transformer_logreg,sentence-transformers/all-MiniLM-L6-v2,0.8088388187829292,0.8609271523178808,low,Amazon Mechanical Turk,https://www.mturk.com/pricing,2026-07-12,0.04,0.0,20.0,0.0,20.0
financial_phrasebank,random,500,2,sentence_transformer_logreg,sentence-transformers/all-MiniLM-L6-v2,0.8088388187829292,0.8609271523178808,base,Prolific,https://www.prolific.com/pricing,2026-07-12,0.09519999999999999,0.0,47.599999999999994,0.0,47.599999999999994
financial_phrasebank,random,500,2,sentence_transformer_logreg,sentence-transformers/all-MiniLM-L6-v2,0.8088388187829292,0.8609271523178808,high,Prolific,https://www.prolific.com/pricing,2026-07-12,0.42839999999999995,0.0,214.19999999999996,0.0,214.19999999999996
financial_phrasebank,random,1000,2,sentence_transformer_logreg,sentence-transformers/all-MiniLM-L6-v2,0.8373786798466174,0.8785871964679912,low,Amazon Mechanical Turk,https://www.mturk.com/pricing,2026-07-12,0.04,0.0,40.0,0.0,40.0
financial_phrasebank,random,1000,2,sentence_transformer_logreg,sentence-transformers/all-MiniLM-L6-v2,0.8373786798466174,0.8785871964679912,base,Prolific,https://www.prolific.com/pricing,2026-07-12,0.09519999999999999,0.0,95.19999999999999,0.0,95.19999999999999
financial_phrasebank,random,1000,2,sentence_transformer_logreg,sentence-transformers/all-MiniLM-L6-v2,0.8373786798466174,0.8785871964679912,high,Prolific,https://www.prolific.com/pricing,2026-07-12,0.42839999999999995,0.0,428.3999999999999,0.0,428.3999999999999
financial_phrasebank,uncertainty_al,50,2,sentence_transformer_logreg,sentence-transformers/all-MiniLM-L6-v2,0.3963479185447149,0.3443708609271523,low,Amazon Mechanical Turk,https://www.mturk.com/pricing,2026-07-12,0.04,0.002,2.0,0.1,2.1
financial_phrasebank,uncertainty_al,50,2,sentence_transformer_logreg,sentence-transformers/all-MiniLM-L6-v2,0.3963479185447149,0.3443708609271523,base,Prolific,https://www.prolific.com/pricing,2026-07-12,0.09519999999999999,0.002,4.76,0.1,4.859999999999999
financial_phrasebank,uncertainty_al,50,2,sentence_transformer_logreg,sentence-transformers/all-MiniLM-L6-v2,0.3963479185447149,0.3443708609271523,high,Prolific,https://www.prolific.com/pricing,2026-07-12,0.42839999999999995,0.002,21.419999999999998,0.1,21.52
financial_phrasebank,uncertainty_al,100,2,sentence_transformer_logreg,sentence-transformers/all-MiniLM-L6-v2,0.6200181003769002,0.5982339955849889,low,Amazon Mechanical Turk,https://www.mturk.com/pricing,2026-07-12,0.04,0.002,4.0,0.2,4.2
financial_phrasebank,uncertainty_al,100,2,sentence_transformer_logreg,sentence-transformers/all-MiniLM-L6-v2,0.6200181003769002,0.5982339955849889,base,Prolific,https://www.prolific.com/pricing,2026-07-12,0.09519999999999999,0.002,9.52,0.2,9.719999999999999
financial_phrasebank,uncertainty_al,100,2,sentence_transformer_logreg,sentence-transformers/all-MiniLM-L6-v2,0.6200181003769002,0.5982339955849889,high,Prolific,https://www.prolific.com/pricing,2026-07-12,0.42839999999999995,0.002,42.839999999999996,0.2,43.04
financial_phrasebank,uncertainty_al,250,2,sentence_transformer_logreg,sentence-transformers/all-MiniLM-L6-v2,0.7951075909596556,0.8388520971302428,low,Amazon Mechanical Turk,https://www.mturk.com/pricing,2026-07-12,0.04,0.002,10.0,0.5,10.5
financial_phrasebank,uncertainty_al,250,2,sentence_transformer_logreg,sentence-transformers/all-MiniLM-L6-v2,0.7951075909596556,0.8388520971302428,base,Prolific,https://www.prolific.com/pricing,2026-07-12,0.09519999999999999,0.002,23.799999999999997,0.5,24.299999999999997
financial_phrasebank,uncertainty_al,250,2,sentence_transformer_logreg,sentence-transformers/all-MiniLM-L6-v2,0.7951075909596556,0.8388520971302428,high,Prolific,https://www.prolific.com/pricing,2026-07-12,0.42839999999999995,0.002,107.09999999999998,0.5,107.59999999999998
financial_phrasebank,uncertainty_al,500,2,sentence_transformer_logreg,sentence-transformers/all-MiniLM-L6-v2,0.843272688438918,0.8830022075055187,low,Amazon Mechanical Turk,https://www.mturk.com/pricing,2026-07-12,0.04,0.002,20.0,1.0,21.0
financial_phrasebank,uncertainty_al,500,2,sentence_transformer_logreg,sentence-transformers/all-MiniLM-L6-v2,0.843272688438918,0.8830022075055187,base,Prolific,https://www.prolific.com/pricing,2026-07-12,0.09519999999999999,0.002,47.599999999999994,1.0,48.599999999999994
financial_phrasebank,uncertainty_al,500,2,sentence_transformer_logreg,sentence-transformers/all-MiniLM-L6-v2,0.843272688438918,0.8830022075055187,high,Prolific,https://www.prolific.com/pricing,2026-07-12,0.42839999999999995,0.002,214.19999999999996,1.0,215.19999999999996
financial_phrasebank,uncertainty_al,1000,2,sentence_transformer_logreg,sentence-transformers/all-MiniLM-L6-v2,0.8371094764638647,0.8830022075055187,low,Amazon Mechanical Turk,https://www.mturk.com/pricing,2026-07-12,0.04,0.002,40.0,2.0,42.0
financial_phrasebank,uncertainty_al,1000,2,sentence_transformer_logreg,sentence-transformers/all-MiniLM-L6-v2,0.8371094764638647,0.8830022075055187,base,Prolific,https://www.prolific.com/pricing,2026-07-12,0.09519999999999999,0.002,95.19999999999999,2.0,97.19999999999999
financial_phrasebank,uncertainty_al,1000,2,sentence_transformer_logreg,sentence-transformers/all-MiniLM-L6-v2,0.8371094764638647,0.8830022075055187,high,Prolific,https://www.prolific.com/pricing,2026-07-12,0.42839999999999995,0.002,428.3999999999999,2.0,430.3999999999999
financial_phrasebank,diversity_al,50,2,sentence_transformer_logreg,sentence-transformers/all-MiniLM-L6-v2,0.25353397172822617,0.6136865342163356,low,Amazon Mechanical Turk,https://www.mturk.com/pricing,2026-07-12,0.04,0.003,2.0,0.15,2.15
financial_phrasebank,diversity_al,50,2,sentence_transformer_logreg,sentence-transformers/all-MiniLM-L6-v2,0.25353397172822617,0.6136865342163356,base,Prolific,https://www.prolific.com/pricing,2026-07-12,0.09519999999999999,0.003,4.76,0.15,4.91
financial_phrasebank,diversity_al,50,2,sentence_transformer_logreg,sentence-transformers/all-MiniLM-L6-v2,0.25353397172822617,0.6136865342163356,high,Prolific,https://www.prolific.com/pricing,2026-07-12,0.42839999999999995,0.003,21.419999999999998,0.15,21.569999999999997
financial_phrasebank,diversity_al,100,2,sentence_transformer_logreg,sentence-transformers/all-MiniLM-L6-v2,0.2596783799880881,0.6158940397350994,low,Amazon Mechanical Turk,https://www.mturk.com/pricing,2026-07-12,0.04,0.003,4.0,0.3,4.3
financial_phrasebank,diversity_al,100,2,sentence_transformer_logreg,sentence-transformers/all-MiniLM-L6-v2,0.2596783799880881,0.6158940397350994,base,Prolific,https://www.prolific.com/pricing,2026-07-12,0.09519999999999999,0.003,9.52,0.3,9.82
financial_phrasebank,diversity_al,100,2,sentence_transformer_logreg,sentence-transformers/all-MiniLM-L6-v2,0.2596783799880881,0.6158940397350994,high,Prolific,https://www.prolific.com/pricing,2026-07-12,0.42839999999999995,0.003,42.839999999999996,0.3,43.13999999999999
financial_phrasebank,diversity_al,250,2,sentence_transformer_logreg,sentence-transformers/all-MiniLM-L6-v2,0.6515208505729833,0.7814569536423841,low,Amazon Mechanical Turk,https://www.mturk.com/pricing,2026-07-12,0.04,0.003,10.0,0.75,10.75
financial_phrasebank,diversity_al,250,2,sentence_transformer_logreg,sentence-transformers/all-MiniLM-L6-v2,0.6515208505729833,0.7814569536423841,base,Prolific,https://www.prolific.com/pricing,2026-07-12,0.09519999999999999,0.003,23.799999999999997,0.75,24.549999999999997
financial_phrasebank,diversity_al,250,2,sentence_transformer_logreg,sentence-transformers/all-MiniLM-L6-v2,0.6515208505729833,0.7814569536423841,high,Prolific,https://www.prolific.com/pricing,2026-07-12,0.42839999999999995,0.003,107.09999999999998,0.75,107.84999999999998
financial_phrasebank,diversity_al,500,2,sentence_transformer_logreg,sentence-transformers/all-MiniLM-L6-v2,0.8096517804670694,0.8565121412803532,low,Amazon Mechanical Turk,https://www.mturk.com/pricing,2026-07-12,0.04,0.003,20.0,1.5,21.5
financial_phrasebank,diversity_al,500,2,sentence_transformer_logreg,sentence-transformers/all-MiniLM-L6-v2,0.8096517804670694,0.8565121412803532,base,Prolific,https://www.prolific.com/pricing,2026-07-12,0.09519999999999999,0.003,47.599999999999994,1.5,49.099999999999994
financial_phrasebank,diversity_al,500,2,sentence_transformer_logreg,sentence-transformers/all-MiniLM-L6-v2,0.8096517804670694,0.8565121412803532,high,Prolific,https://www.prolific.com/pricing,2026-07-12,0.42839999999999995,0.003,214.19999999999996,1.5,215.69999999999996
financial_phrasebank,diversity_al,1000,2,sentence_transformer_logreg,sentence-transformers/all-MiniLM-L6-v2,0.8504805907962293,0.891832229580574,low,Amazon Mechanical Turk,https://www.mturk.com/pricing,2026-07-12,0.04,0.003,40.0,3.0,43.0
financial_phrasebank,diversity_al,1000,2,sentence_transformer_logreg,sentence-transformers/all-MiniLM-L6-v2,0.8504805907962293,0.891832229580574,base,Prolific,https://www.prolific.com/pricing,2026-07-12,0.09519999999999999,0.003,95.19999999999999,3.0,98.19999999999999
financial_phrasebank,diversity_al,1000,2,sentence_transformer_logreg,sentence-transformers/all-MiniLM-L6-v2,0.8504805907962293,0.891832229580574,high,Prolific,https://www.prolific.com/pricing,2026-07-12,0.42839999999999995,0.003,428.3999999999999,3.0,431.3999999999999
financial_phrasebank,hybrid_al,50,2,sentence_transformer_logreg,sentence-transformers/all-MiniLM-L6-v2,0.6582569391392921,0.7660044150110376,low,Amazon Mechanical Turk,https://www.mturk.com/pricing,2026-07-12,0.04,0.004,2.0,0.2,2.2
financial_phrasebank,hybrid_al,50,2,sentence_transformer_logreg,sentence-transformers/all-MiniLM-L6-v2,0.6582569391392921,0.7660044150110376,base,Prolific,https://www.prolific.com/pricing,2026-07-12,0.09519999999999999,0.004,4.76,0.2,4.96
financial_phrasebank,hybrid_al,50,2,sentence_transformer_logreg,sentence-transformers/all-MiniLM-L6-v2,0.6582569391392921,0.7660044150110376,high,Prolific,https://www.prolific.com/pricing,2026-07-12,0.42839999999999995,0.004,21.419999999999998,0.2,21.619999999999997
financial_phrasebank,hybrid_al,100,2,sentence_transformer_logreg,sentence-transformers/all-MiniLM-L6-v2,0.6975392482748265,0.7593818984547461,low,Amazon Mechanical Turk,https://www.mturk.com/pricing,2026-07-12,0.04,0.004,4.0,0.4,4.4
financial_phrasebank,hybrid_al,100,2,sentence_transformer_logreg,sentence-transformers/all-MiniLM-L6-v2,0.6975392482748265,0.7593818984547461,base,Prolific,https://www.prolific.com/pricing,2026-07-12,0.09519999999999999,0.004,9.52,0.4,9.92
financial_phrasebank,hybrid_al,100,2,sentence_transformer_logreg,sentence-transformers/all-MiniLM-L6-v2,0.6975392482748265,0.7593818984547461,high,Prolific,https://www.prolific.com/pricing,2026-07-12,0.42839999999999995,0.004,42.839999999999996,0.4,43.239999999999995
financial_phrasebank,hybrid_al,250,2,sentence_transformer_logreg,sentence-transformers/all-MiniLM-L6-v2,0.8094594594594594,0.8410596026490066,low,Amazon Mechanical Turk,https://www.mturk.com/pricing,2026-07-12,0.04,0.004,10.0,1.0,11.0
financial_phrasebank,hybrid_al,250,2,sentence_transformer_logreg,sentence-transformers/all-MiniLM-L6-v2,0.8094594594594594,0.8410596026490066,base,Prolific,https://www.prolific.com/pricing,2026-07-12,0.09519999999999999,0.004,23.799999999999997,1.0,24.799999999999997
financial_phrasebank,hybrid_al,250,2,sentence_transformer_logreg,sentence-transformers/all-MiniLM-L6-v2,0.8094594594594594,0.8410596026490066,high,Prolific,https://www.prolific.com/pricing,2026-07-12,0.42839999999999995,0.004,107.09999999999998,1.0,108.09999999999998
financial_phrasebank,hybrid_al,500,2,sentence_transformer_logreg,sentence-transformers/all-MiniLM-L6-v2,0.8154214555587728,0.8454746136865342,low,Amazon Mechanical Turk,https://www.mturk.com/pricing,2026-07-12,0.04,0.004,20.0,2.0,22.0
financial_phrasebank,hybrid_al,500,2,sentence_transformer_logreg,sentence-transformers/all-MiniLM-L6-v2,0.8154214555587728,0.8454746136865342,base,Prolific,https://www.prolific.com/pricing,2026-07-12,0.09519999999999999,0.004,47.599999999999994,2.0,49.599999999999994
financial_phrasebank,hybrid_al,500,2,sentence_transformer_logreg,sentence-transformers/all-MiniLM-L6-v2,0.8154214555587728,0.8454746136865342,high,Prolific,https://www.prolific.com/pricing,2026-07-12,0.42839999999999995,0.004,214.19999999999996,2.0,216.19999999999996
financial_phrasebank,hybrid_al,1000,2,sentence_transformer_logreg,sentence-transformers/all-MiniLM-L6-v2,0.8496283742304591,0.8896247240618101,low,Amazon Mechanical Turk,https://www.mturk.com/pricing,2026-07-12,0.04,0.004,40.0,4.0,44.0
financial_phrasebank,hybrid_al,1000,2,sentence_transformer_logreg,sentence-transformers/all-MiniLM-L6-v2,0.8496283742304591,0.8896247240618101,base,Prolific,https://www.prolific.com/pricing,2026-07-12,0.09519999999999999,0.004,95.19999999999999,4.0,99.19999999999999
financial_phrasebank,hybrid_al,1000,2,sentence_transformer_logreg,sentence-transformers/all-MiniLM-L6-v2,0.8496283742304591,0.8896247240618101,high,Prolific,https://www.prolific.com/pricing,2026-07-12,0.42839999999999995,0.004,428.3999999999999,4.0,432.3999999999999
trec,random,50,0,sentence_transformer_logreg,sentence-transformers/all-MiniLM-L6-v2,0.20895520235353857,0.37,low,Amazon Mechanical Turk,https://www.mturk.com/pricing,2026-07-12,0.04,0.0,2.0,0.0,2.0
trec,random,50,0,sentence_transformer_logreg,sentence-transformers/all-MiniLM-L6-v2,0.20895520235353857,0.37,base,Prolific,https://www.prolific.com/pricing,2026-07-12,0.09519999999999999,0.0,4.76,0.0,4.76
trec,random,50,0,sentence_transformer_logreg,sentence-transformers/all-MiniLM-L6-v2,0.20895520235353857,0.37,high,Prolific,https://www.prolific.com/pricing,2026-07-12,0.42839999999999995,0.0,21.419999999999998,0.0,21.419999999999998
trec,random,100,0,sentence_transformer_logreg,sentence-transformers/all-MiniLM-L6-v2,0.5850866728231514,0.72,low,Amazon Mechanical Turk,https://www.mturk.com/pricing,2026-07-12,0.04,0.0,4.0,0.0,4.0
trec,random,100,0,sentence_transformer_logreg,sentence-transformers/all-MiniLM-L6-v2,0.5850866728231514,0.72,base,Prolific,https://www.prolific.com/pricing,2026-07-12,0.09519999999999999,0.0,9.52,0.0,9.52
trec,random,100,0,sentence_transformer_logreg,sentence-transformers/all-MiniLM-L6-v2,0.5850866728231514,0.72,high,Prolific,https://www.prolific.com/pricing,2026-07-12,0.42839999999999995,0.0,42.839999999999996,0.0,42.839999999999996
trec,random,250,0,sentence_transformer_logreg,sentence-transformers/all-MiniLM-L6-v2,0.536597927086398,0.634,low,Amazon Mechanical Turk,https://www.mturk.com/pricing,2026-07-12,0.04,0.0,10.0,0.0,10.0
trec,random,250,0,sentence_transformer_logreg,sentence-transformers/all-MiniLM-L6-v2,0.536597927086398,0.634,base,Prolific,https://www.prolific.com/pricing,2026-07-12,0.09519999999999999,0.0,23.799999999999997,0.0,23.799999999999997
trec,random,250,0,sentence_transformer_logreg,sentence-transformers/all-MiniLM-L6-v2,0.536597927086398,0.634,high,Prolific,https://www.prolific.com/pricing,2026-07-12,0.42839999999999995,0.0,107.09999999999998,0.0,107.09999999999998
trec,random,500,0,sentence_transformer_logreg,sentence-transformers/all-MiniLM-L6-v2,0.6747684380792434,0.808,low,Amazon Mechanical Turk,https://www.mturk.com/pricing,2026-07-12,0.04,0.0,20.0,0.0,20.0
trec,random,500,0,sentence_transformer_logreg,sentence-transformers/all-MiniLM-L6-v2,0.6747684380792434,0.808,base,Prolific,https://www.prolific.com/pricing,2026-07-12,0.09519999999999999,0.0,47.599999999999994,0.0,47.599999999999994
trec,random,500,0,sentence_transformer_logreg,sentence-transformers/all-MiniLM-L6-v2,0.6747684380792434,0.808,high,Prolific,https://www.prolific.com/pricing,2026-07-12,0.42839999999999995,0.0,214.19999999999996,0.0,214.19999999999996
trec,random,1000,0,sentence_transformer_logreg,sentence-transformers/all-MiniLM-L6-v2,0.695724454668956,0.834,low,Amazon Mechanical Turk,https://www.mturk.com/pricing,2026-07-12,0.04,0.0,40.0,0.0,40.0
trec,random,1000,0,sentence_transformer_logreg,sentence-transformers/all-MiniLM-L6-v2,0.695724454668956,0.834,base,Prolific,https://www.prolific.com/pricing,2026-07-12,0.09519999999999999,0.0,95.19999999999999,0.0,95.19999999999999
trec,random,1000,0,sentence_transformer_logreg,sentence-transformers/all-MiniLM-L6-v2,0.695724454668956,0.834,high,Prolific,https://www.prolific.com/pricing,2026-07-12,0.42839999999999995,0.0,428.3999999999999,0.0,428.3999999999999
trec,uncertainty_al,50,0,sentence_transformer_logreg,sentence-transformers/all-MiniLM-L6-v2,0.13792621314217823,0.212,low,Amazon Mechanical Turk,https://www.mturk.com/pricing,2026-07-12,0.04,0.002,2.0,0.1,2.1
trec,uncertainty_al,50,0,sentence_transformer_logreg,sentence-transformers/all-MiniLM-L6-v2,0.13792621314217823,0.212,base,Prolific,https://www.prolific.com/pricing,2026-07-12,0.09519999999999999,0.002,4.76,0.1,4.859999999999999
trec,uncertainty_al,50,0,sentence_transformer_logreg,sentence-transformers/all-MiniLM-L6-v2,0.13792621314217823,0.212,high,Prolific,https://www.prolific.com/pricing,2026-07-12,0.42839999999999995,0.002,21.419999999999998,0.1,21.52
trec,uncertainty_al,100,0,sentence_transformer_logreg,sentence-transformers/all-MiniLM-L6-v2,0.08268853394627389,0.236,low,Amazon Mechanical Turk,https://www.mturk.com/pricing,2026-07-12,0.04,0.002,4.0,0.2,4.2
trec,uncertainty_al,100,0,sentence_transformer_logreg,sentence-transformers/all-MiniLM-L6-v2,0.08268853394627389,0.236,base,Prolific,https://www.prolific.com/pricing,2026-07-12,0.09519999999999999,0.002,9.52,0.2,9.719999999999999
trec,uncertainty_al,100,0,sentence_transformer_logreg,sentence-transformers/all-MiniLM-L6-v2,0.08268853394627389,0.236,high,Prolific,https://www.prolific.com/pricing,2026-07-12,0.42839999999999995,0.002,42.839999999999996,0.2,43.04
trec,uncertainty_al,250,0,sentence_transformer_logreg,sentence-transformers/all-MiniLM-L6-v2,0.5015968179821416,0.606,low,Amazon Mechanical Turk,https://www.mturk.com/pricing,2026-07-12,0.04,0.002,10.0,0.5,10.5
trec,uncertainty_al,250,0,sentence_transformer_logreg,sentence-transformers/all-MiniLM-L6-v2,0.5015968179821416,0.606,base,Prolific,https://www.prolific.com/pricing,2026-07-12,0.09519999999999999,0.002,23.799999999999997,0.5,24.299999999999997
trec,uncertainty_al,250,0,sentence_transformer_logreg,sentence-transformers/all-MiniLM-L6-v2,0.5015968179821416,0.606,high,Prolific,https://www.prolific.com/pricing,2026-07-12,0.42839999999999995,0.002,107.09999999999998,0.5,107.59999999999998
trec,uncertainty_al,500,0,sentence_transformer_logreg,sentence-transformers/all-MiniLM-L6-v2,0.6037261535572939,0.724,low,Amazon Mechanical Turk,https://www.mturk.com/pricing,2026-07-12,0.04,0.002,20.0,1.0,21.0
trec,uncertainty_al,500,0,sentence_transformer_logreg,sentence-transformers/all-MiniLM-L6-v2,0.6037261535572939,0.724,base,Prolific,https://www.prolific.com/pricing,2026-07-12,0.09519999999999999,0.002,47.599999999999994,1.0,48.599999999999994
trec,uncertainty_al,500,0,sentence_transformer_logreg,sentence-transformers/all-MiniLM-L6-v2,0.6037261535572939,0.724,high,Prolific,https://www.prolific.com/pricing,2026-07-12,0.42839999999999995,0.002,214.19999999999996,1.0,215.19999999999996
trec,uncertainty_al,1000,0,sentence_transformer_logreg,sentence-transformers/all-MiniLM-L6-v2,0.7011016206157352,0.792,low,Amazon Mechanical Turk,https://www.mturk.com/pricing,2026-07-12,0.04,0.002,40.0,2.0,42.0
trec,uncertainty_al,1000,0,sentence_transformer_logreg,sentence-transformers/all-MiniLM-L6-v2,0.7011016206157352,0.792,base,Prolific,https://www.prolific.com/pricing,2026-07-12,0.09519999999999999,0.002,95.19999999999999,2.0,97.19999999999999
trec,uncertainty_al,1000,0,sentence_transformer_logreg,sentence-transformers/all-MiniLM-L6-v2,0.7011016206157352,0.792,high,Prolific,https://www.prolific.com/pricing,2026-07-12,0.42839999999999995,0.002,428.3999999999999,2.0,430.3999999999999
trec,diversity_al,50,0,sentence_transformer_logreg,sentence-transformers/all-MiniLM-L6-v2,0.16449539096124632,0.266,low,Amazon Mechanical Turk,https://www.mturk.com/pricing,2026-07-12,0.04,0.003,2.0,0.15,2.15
trec,diversity_al,50,0,sentence_transformer_logreg,sentence-transformers/all-MiniLM-L6-v2,0.16449539096124632,0.266,base,Prolific,https://www.prolific.com/pricing,2026-07-12,0.09519999999999999,0.003,4.76,0.15,4.91
trec,diversity_al,50,0,sentence_transformer_logreg,sentence-transformers/all-MiniLM-L6-v2,0.16449539096124632,0.266,high,Prolific,https://www.prolific.com/pricing,2026-07-12,0.42839999999999995,0.003,21.419999999999998,0.15,21.569999999999997
trec,diversity_al,100,0,sentence_transformer_logreg,sentence-transformers/all-MiniLM-L6-v2,0.345831821755158,0.456,low,Amazon Mechanical Turk,https://www.mturk.com/pricing,2026-07-12,0.04,0.003,4.0,0.3,4.3
trec,diversity_al,100,0,sentence_transformer_logreg,sentence-transformers/all-MiniLM-L6-v2,0.345831821755158,0.456,base,Prolific,https://www.prolific.com/pricing,2026-07-12,0.09519999999999999,0.003,9.52,0.3,9.82
trec,diversity_al,100,0,sentence_transformer_logreg,sentence-transformers/all-MiniLM-L6-v2,0.345831821755158,0.456,high,Prolific,https://www.prolific.com/pricing,2026-07-12,0.42839999999999995,0.003,42.839999999999996,0.3,43.13999999999999
trec,diversity_al,250,0,sentence_transformer_logreg,sentence-transformers/all-MiniLM-L6-v2,0.5557996457114397,0.678,low,Amazon Mechanical Turk,https://www.mturk.com/pricing,2026-07-12,0.04,0.003,10.0,0.75,10.75
trec,diversity_al,250,0,sentence_transformer_logreg,sentence-transformers/all-MiniLM-L6-v2,0.5557996457114397,0.678,base,Prolific,https://www.prolific.com/pricing,2026-07-12,0.09519999999999999,0.003,23.799999999999997,0.75,24.549999999999997
trec,diversity_al,250,0,sentence_transformer_logreg,sentence-transformers/all-MiniLM-L6-v2,0.5557996457114397,0.678,high,Prolific,https://www.prolific.com/pricing,2026-07-12,0.42839999999999995,0.003,107.09999999999998,0.75,107.84999999999998
trec,diversity_al,500,0,sentence_transformer_logreg,sentence-transformers/all-MiniLM-L6-v2,0.6572876102561754,0.794,low,Amazon Mechanical Turk,https://www.mturk.com/pricing,2026-07-12,0.04,0.003,20.0,1.5,21.5
trec,diversity_al,500,0,sentence_transformer_logreg,sentence-transformers/all-MiniLM-L6-v2,0.6572876102561754,0.794,base,Prolific,https://www.prolific.com/pricing,2026-07-12,0.09519999999999999,0.003,47.599999999999994,1.5,49.099999999999994
trec,diversity_al,500,0,sentence_transformer_logreg,sentence-transformers/all-MiniLM-L6-v2,0.6572876102561754,0.794,high,Prolific,https://www.prolific.com/pricing,2026-07-12,0.42839999999999995,0.003,214.19999999999996,1.5,215.69999999999996
trec,diversity_al,1000,0,sentence_transformer_logreg,sentence-transformers/all-MiniLM-L6-v2,0.7038243341142029,0.844,low,Amazon Mechanical Turk,https://www.mturk.com/pricing,2026-07-12,0.04,0.003,40.0,3.0,43.0
trec,diversity_al,1000,0,sentence_transformer_logreg,sentence-transformers/all-MiniLM-L6-v2,0.7038243341142029,0.844,base,Prolific,https://www.prolific.com/pricing,2026-07-12,0.09519999999999999,0.003,95.19999999999999,3.0,98.19999999999999
trec,diversity_al,1000,0,sentence_transformer_logreg,sentence-transformers/all-MiniLM-L6-v2,0.7038243341142029,0.844,high,Prolific,https://www.prolific.com/pricing,2026-07-12,0.42839999999999995,0.003,428.3999999999999,3.0,431.3999999999999
trec,hybrid_al,50,0,sentence_transformer_logreg,sentence-transformers/all-MiniLM-L6-v2,0.097950956263139,0.25,low,Amazon Mechanical Turk,https://www.mturk.com/pricing,2026-07-12,0.04,0.004,2.0,0.2,2.2
trec,hybrid_al,50,0,sentence_transformer_logreg,sentence-transformers/all-MiniLM-L6-v2,0.097950956263139,0.25,base,Prolific,https://www.prolific.com/pricing,2026-07-12,0.09519999999999999,0.004,4.76,0.2,4.96
trec,hybrid_al,50,0,sentence_transformer_logreg,sentence-transformers/all-MiniLM-L6-v2,0.097950956263139,0.25,high,Prolific,https://www.prolific.com/pricing,2026-07-12,0.42839999999999995,0.004,21.419999999999998,0.2,21.619999999999997
trec,hybrid_al,100,0,sentence_transformer_logreg,sentence-transformers/all-MiniLM-L6-v2,0.445423892568315,0.556,low,Amazon Mechanical Turk,https://www.mturk.com/pricing,2026-07-12,0.04,0.004,4.0,0.4,4.4
trec,hybrid_al,100,0,sentence_transformer_logreg,sentence-transformers/all-MiniLM-L6-v2,0.445423892568315,0.556,base,Prolific,https://www.prolific.com/pricing,2026-07-12,0.09519999999999999,0.004,9.52,0.4,9.92
trec,hybrid_al,100,0,sentence_transformer_logreg,sentence-transformers/all-MiniLM-L6-v2,0.445423892568315,0.556,high,Prolific,https://www.prolific.com/pricing,2026-07-12,0.42839999999999995,0.004,42.839999999999996,0.4,43.239999999999995
trec,hybrid_al,250,0,sentence_transformer_logreg,sentence-transformers/all-MiniLM-L6-v2,0.5809548676126709,0.738,low,Amazon Mechanical Turk,https://www.mturk.com/pricing,2026-07-12,0.04,0.004,10.0,1.0,11.0
trec,hybrid_al,250,0,sentence_transformer_logreg,sentence-transformers/all-MiniLM-L6-v2,0.5809548676126709,0.738,base,Prolific,https://www.prolific.com/pricing,2026-07-12,0.09519999999999999,0.004,23.799999999999997,1.0,24.799999999999997
trec,hybrid_al,250,0,sentence_transformer_logreg,sentence-transformers/all-MiniLM-L6-v2,0.5809548676126709,0.738,high,Prolific,https://www.prolific.com/pricing,2026-07-12,0.42839999999999995,0.004,107.09999999999998,1.0,108.09999999999998
trec,hybrid_al,500,0,sentence_transformer_logreg,sentence-transformers/all-MiniLM-L6-v2,0.6414913195976913,0.79,low,Amazon Mechanical Turk,https://www.mturk.com/pricing,2026-07-12,0.04,0.004,20.0,2.0,22.0
trec,hybrid_al,500,0,sentence_transformer_logreg,sentence-transformers/all-MiniLM-L6-v2,0.6414913195976913,0.79,base,Prolific,https://www.prolific.com/pricing,2026-07-12,0.09519999999999999,0.004,47.599999999999994,2.0,49.599999999999994
trec,hybrid_al,500,0,sentence_transformer_logreg,sentence-transformers/all-MiniLM-L6-v2,0.6414913195976913,0.79,high,Prolific,https://www.prolific.com/pricing,2026-07-12,0.42839999999999995,0.004,214.19999999999996,2.0,216.19999999999996
trec,hybrid_al,1000,0,sentence_transformer_logreg,sentence-transformers/all-MiniLM-L6-v2,0.729316742361655,0.84,low,Amazon Mechanical Turk,https://www.mturk.com/pricing,2026-07-12,0.04,0.004,40.0,4.0,44.0
trec,hybrid_al,1000,0,sentence_transformer_logreg,sentence-transformers/all-MiniLM-L6-v2,0.729316742361655,0.84,base,Prolific,https://www.prolific.com/pricing,2026-07-12,0.09519999999999999,0.004,95.19999999999999,4.0,99.19999999999999
trec,hybrid_al,1000,0,sentence_transformer_logreg,sentence-transformers/all-MiniLM-L6-v2,0.729316742361655,0.84,high,Prolific,https://www.prolific.com/pricing,2026-07-12,0.42839999999999995,0.004,428.3999999999999,4.0,432.3999999999999
trec,random,50,1,sentence_transformer_logreg,sentence-transformers/all-MiniLM-L6-v2,0.23237786387606205,0.396,low,Amazon Mechanical Turk,https://www.mturk.com/pricing,2026-07-12,0.04,0.0,2.0,0.0,2.0
trec,random,50,1,sentence_transformer_logreg,sentence-transformers/all-MiniLM-L6-v2,0.23237786387606205,0.396,base,Prolific,https://www.prolific.com/pricing,2026-07-12,0.09519999999999999,0.0,4.76,0.0,4.76
trec,random,50,1,sentence_transformer_logreg,sentence-transformers/all-MiniLM-L6-v2,0.23237786387606205,0.396,high,Prolific,https://www.prolific.com/pricing,2026-07-12,0.42839999999999995,0.0,21.419999999999998,0.0,21.419999999999998
trec,random,100,1,sentence_transformer_logreg,sentence-transformers/all-MiniLM-L6-v2,0.4185570591419268,0.56,low,Amazon Mechanical Turk,https://www.mturk.com/pricing,2026-07-12,0.04,0.0,4.0,0.0,4.0
trec,random,100,1,sentence_transformer_logreg,sentence-transformers/all-MiniLM-L6-v2,0.4185570591419268,0.56,base,Prolific,https://www.prolific.com/pricing,2026-07-12,0.09519999999999999,0.0,9.52,0.0,9.52
trec,random,100,1,sentence_transformer_logreg,sentence-transformers/all-MiniLM-L6-v2,0.4185570591419268,0.56,high,Prolific,https://www.prolific.com/pricing,2026-07-12,0.42839999999999995,0.0,42.839999999999996,0.0,42.839999999999996
trec,random,250,1,sentence_transformer_logreg,sentence-transformers/all-MiniLM-L6-v2,0.6338543374552137,0.768,low,Amazon Mechanical Turk,https://www.mturk.com/pricing,2026-07-12,0.04,0.0,10.0,0.0,10.0
trec,random,250,1,sentence_transformer_logreg,sentence-transformers/all-MiniLM-L6-v2,0.6338543374552137,0.768,base,Prolific,https://www.prolific.com/pricing,2026-07-12,0.09519999999999999,0.0,23.799999999999997,0.0,23.799999999999997
trec,random,250,1,sentence_transformer_logreg,sentence-transformers/all-MiniLM-L6-v2,0.6338543374552137,0.768,high,Prolific,https://www.prolific.com/pricing,2026-07-12,0.42839999999999995,0.0,107.09999999999998,0.0,107.09999999999998
trec,random,500,1,sentence_transformer_logreg,sentence-transformers/all-MiniLM-L6-v2,0.6700607709980212,0.806,low,Amazon Mechanical Turk,https://www.mturk.com/pricing,2026-07-12,0.04,0.0,20.0,0.0,20.0
trec,random,500,1,sentence_transformer_logreg,sentence-transformers/all-MiniLM-L6-v2,0.6700607709980212,0.806,base,Prolific,https://www.prolific.com/pricing,2026-07-12,0.09519999999999999,0.0,47.599999999999994,0.0,47.599999999999994
trec,random,500,1,sentence_transformer_logreg,sentence-transformers/all-MiniLM-L6-v2,0.6700607709980212,0.806,high,Prolific,https://www.prolific.com/pricing,2026-07-12,0.42839999999999995,0.0,214.19999999999996,0.0,214.19999999999996
trec,random,1000,1,sentence_transformer_logreg,sentence-transformers/all-MiniLM-L6-v2,0.6926571757648289,0.83,low,Amazon Mechanical Turk,https://www.mturk.com/pricing,2026-07-12,0.04,0.0,40.0,0.0,40.0
trec,random,1000,1,sentence_transformer_logreg,sentence-transformers/all-MiniLM-L6-v2,0.6926571757648289,0.83,base,Prolific,https://www.prolific.com/pricing,2026-07-12,0.09519999999999999,0.0,95.19999999999999,0.0,95.19999999999999
trec,random,1000,1,sentence_transformer_logreg,sentence-transformers/all-MiniLM-L6-v2,0.6926571757648289,0.83,high,Prolific,https://www.prolific.com/pricing,2026-07-12,0.42839999999999995,0.0,428.3999999999999,0.0,428.3999999999999
trec,uncertainty_al,50,1,sentence_transformer_logreg,sentence-transformers/all-MiniLM-L6-v2,0.10724032929171617,0.214,low,Amazon Mechanical Turk,https://www.mturk.com/pricing,2026-07-12,0.04,0.002,2.0,0.1,2.1
trec,uncertainty_al,50,1,sentence_transformer_logreg,sentence-transformers/all-MiniLM-L6-v2,0.10724032929171617,0.214,base,Prolific,https://www.prolific.com/pricing,2026-07-12,0.09519999999999999,0.002,4.76,0.1,4.859999999999999
trec,uncertainty_al,50,1,sentence_transformer_logreg,sentence-transformers/all-MiniLM-L6-v2,0.10724032929171617,0.214,high,Prolific,https://www.prolific.com/pricing,2026-07-12,0.42839999999999995,0.002,21.419999999999998,0.1,21.52
trec,uncertainty_al,100,1,sentence_transformer_logreg,sentence-transformers/all-MiniLM-L6-v2,0.3051329117769803,0.498,low,Amazon Mechanical Turk,https://www.mturk.com/pricing,2026-07-12,0.04,0.002,4.0,0.2,4.2
trec,uncertainty_al,100,1,sentence_transformer_logreg,sentence-transformers/all-MiniLM-L6-v2,0.3051329117769803,0.498,base,Prolific,https://www.prolific.com/pricing,2026-07-12,0.09519999999999999,0.002,9.52,0.2,9.719999999999999
trec,uncertainty_al,100,1,sentence_transformer_logreg,sentence-transformers/all-MiniLM-L6-v2,0.3051329117769803,0.498,high,Prolific,https://www.prolific.com/pricing,2026-07-12,0.42839999999999995,0.002,42.839999999999996,0.2,43.04
trec,uncertainty_al,250,1,sentence_transformer_logreg,sentence-transformers/all-MiniLM-L6-v2,0.5898868932064993,0.73,low,Amazon Mechanical Turk,https://www.mturk.com/pricing,2026-07-12,0.04,0.002,10.0,0.5,10.5
trec,uncertainty_al,250,1,sentence_transformer_logreg,sentence-transformers/all-MiniLM-L6-v2,0.5898868932064993,0.73,base,Prolific,https://www.prolific.com/pricing,2026-07-12,0.09519999999999999,0.002,23.799999999999997,0.5,24.299999999999997
trec,uncertainty_al,250,1,sentence_transformer_logreg,sentence-transformers/all-MiniLM-L6-v2,0.5898868932064993,0.73,high,Prolific,https://www.prolific.com/pricing,2026-07-12,0.42839999999999995,0.002,107.09999999999998,0.5,107.59999999999998
trec,uncertainty_al,500,1,sentence_transformer_logreg,sentence-transformers/all-MiniLM-L6-v2,0.669211762398395,0.762,low,Amazon Mechanical Turk,https://www.mturk.com/pricing,2026-07-12,0.04,0.002,20.0,1.0,21.0
trec,uncertainty_al,500,1,sentence_transformer_logreg,sentence-transformers/all-MiniLM-L6-v2,0.669211762398395,0.762,base,Prolific,https://www.prolific.com/pricing,2026-07-12,0.09519999999999999,0.002,47.599999999999994,1.0,48.599999999999994
trec,uncertainty_al,500,1,sentence_transformer_logreg,sentence-transformers/all-MiniLM-L6-v2,0.669211762398395,0.762,high,Prolific,https://www.prolific.com/pricing,2026-07-12,0.42839999999999995,0.002,214.19999999999996,1.0,215.19999999999996
trec,uncertainty_al,1000,1,sentence_transformer_logreg,sentence-transformers/all-MiniLM-L6-v2,0.7293585464709021,0.838,low,Amazon Mechanical Turk,https://www.mturk.com/pricing,2026-07-12,0.04,0.002,40.0,2.0,42.0
trec,uncertainty_al,1000,1,sentence_transformer_logreg,sentence-transformers/all-MiniLM-L6-v2,0.7293585464709021,0.838,base,Prolific,https://www.prolific.com/pricing,2026-07-12,0.09519999999999999,0.002,95.19999999999999,2.0,97.19999999999999
trec,uncertainty_al,1000,1,sentence_transformer_logreg,sentence-transformers/all-MiniLM-L6-v2,0.7293585464709021,0.838,high,Prolific,https://www.prolific.com/pricing,2026-07-12,0.42839999999999995,0.002,428.3999999999999,2.0,430.3999999999999
trec,diversity_al,50,1,sentence_transformer_logreg,sentence-transformers/all-MiniLM-L6-v2,0.17290629062689336,0.278,low,Amazon Mechanical Turk,https://www.mturk.com/pricing,2026-07-12,0.04,0.003,2.0,0.15,2.15
trec,diversity_al,50,1,sentence_transformer_logreg,sentence-transformers/all-MiniLM-L6-v2,0.17290629062689336,0.278,base,Prolific,https://www.prolific.com/pricing,2026-07-12,0.09519999999999999,0.003,4.76,0.15,4.91
trec,diversity_al,50,1,sentence_transformer_logreg,sentence-transformers/all-MiniLM-L6-v2,0.17290629062689336,0.278,high,Prolific,https://www.prolific.com/pricing,2026-07-12,0.42839999999999995,0.003,21.419999999999998,0.15,21.569999999999997
trec,diversity_al,100,1,sentence_transformer_logreg,sentence-transformers/all-MiniLM-L6-v2,0.32394539730689637,0.406,low,Amazon Mechanical Turk,https://www.mturk.com/pricing,2026-07-12,0.04,0.003,4.0,0.3,4.3
trec,diversity_al,100,1,sentence_transformer_logreg,sentence-transformers/all-MiniLM-L6-v2,0.32394539730689637,0.406,base,Prolific,https://www.prolific.com/pricing,2026-07-12,0.09519999999999999,0.003,9.52,0.3,9.82
trec,diversity_al,100,1,sentence_transformer_logreg,sentence-transformers/all-MiniLM-L6-v2,0.32394539730689637,0.406,high,Prolific,https://www.prolific.com/pricing,2026-07-12,0.42839999999999995,0.003,42.839999999999996,0.3,43.13999999999999
trec,diversity_al,250,1,sentence_transformer_logreg,sentence-transformers/all-MiniLM-L6-v2,0.5309193111506765,0.652,low,Amazon Mechanical Turk,https://www.mturk.com/pricing,2026-07-12,0.04,0.003,10.0,0.75,10.75
trec,diversity_al,250,1,sentence_transformer_logreg,sentence-transformers/all-MiniLM-L6-v2,0.5309193111506765,0.652,base,Prolific,https://www.prolific.com/pricing,2026-07-12,0.09519999999999999,0.003,23.799999999999997,0.75,24.549999999999997
trec,diversity_al,250,1,sentence_transformer_logreg,sentence-transformers/all-MiniLM-L6-v2,0.5309193111506765,0.652,high,Prolific,https://www.prolific.com/pricing,2026-07-12,0.42839999999999995,0.003,107.09999999999998,0.75,107.84999999999998
trec,diversity_al,500,1,sentence_transformer_logreg,sentence-transformers/all-MiniLM-L6-v2,0.6372379993116991,0.77,low,Amazon Mechanical Turk,https://www.mturk.com/pricing,2026-07-12,0.04,0.003,20.0,1.5,21.5
trec,diversity_al,500,1,sentence_transformer_logreg,sentence-transformers/all-MiniLM-L6-v2,0.6372379993116991,0.77,base,Prolific,https://www.prolific.com/pricing,2026-07-12,0.09519999999999999,0.003,47.599999999999994,1.5,49.099999999999994
trec,diversity_al,500,1,sentence_transformer_logreg,sentence-transformers/all-MiniLM-L6-v2,0.6372379993116991,0.77,high,Prolific,https://www.prolific.com/pricing,2026-07-12,0.42839999999999995,0.003,214.19999999999996,1.5,215.69999999999996
trec,diversity_al,1000,1,sentence_transformer_logreg,sentence-transformers/all-MiniLM-L6-v2,0.7023798590414089,0.844,low,Amazon Mechanical Turk,https://www.mturk.com/pricing,2026-07-12,0.04,0.003,40.0,3.0,43.0
trec,diversity_al,1000,1,sentence_transformer_logreg,sentence-transformers/all-MiniLM-L6-v2,0.7023798590414089,0.844,base,Prolific,https://www.prolific.com/pricing,2026-07-12,0.09519999999999999,0.003,95.19999999999999,3.0,98.19999999999999
trec,diversity_al,1000,1,sentence_transformer_logreg,sentence-transformers/all-MiniLM-L6-v2,0.7023798590414089,0.844,high,Prolific,https://www.prolific.com/pricing,2026-07-12,0.42839999999999995,0.003,428.3999999999999,3.0,431.3999999999999
trec,hybrid_al,50,1,sentence_transformer_logreg,sentence-transformers/all-MiniLM-L6-v2,0.0994547492714658,0.246,low,Amazon Mechanical Turk,https://www.mturk.com/pricing,2026-07-12,0.04,0.004,2.0,0.2,2.2
trec,hybrid_al,50,1,sentence_transformer_logreg,sentence-transformers/all-MiniLM-L6-v2,0.0994547492714658,0.246,base,Prolific,https://www.prolific.com/pricing,2026-07-12,0.09519999999999999,0.004,4.76,0.2,4.96
trec,hybrid_al,50,1,sentence_transformer_logreg,sentence-transformers/all-MiniLM-L6-v2,0.0994547492714658,0.246,high,Prolific,https://www.prolific.com/pricing,2026-07-12,0.42839999999999995,0.004,21.419999999999998,0.2,21.619999999999997
trec,hybrid_al,100,1,sentence_transformer_logreg,sentence-transformers/all-MiniLM-L6-v2,0.2954296365629075,0.412,low,Amazon Mechanical Turk,https://www.mturk.com/pricing,2026-07-12,0.04,0.004,4.0,0.4,4.4
trec,hybrid_al,100,1,sentence_transformer_logreg,sentence-transformers/all-MiniLM-L6-v2,0.2954296365629075,0.412,base,Prolific,https://www.prolific.com/pricing,2026-07-12,0.09519999999999999,0.004,9.52,0.4,9.92
trec,hybrid_al,100,1,sentence_transformer_logreg,sentence-transformers/all-MiniLM-L6-v2,0.2954296365629075,0.412,high,Prolific,https://www.prolific.com/pricing,2026-07-12,0.42839999999999995,0.004,42.839999999999996,0.4,43.239999999999995
trec,hybrid_al,250,1,sentence_transformer_logreg,sentence-transformers/all-MiniLM-L6-v2,0.5451949796576332,0.706,low,Amazon Mechanical Turk,https://www.mturk.com/pricing,2026-07-12,0.04,0.004,10.0,1.0,11.0
trec,hybrid_al,250,1,sentence_transformer_logreg,sentence-transformers/all-MiniLM-L6-v2,0.5451949796576332,0.706,base,Prolific,https://www.prolific.com/pricing,2026-07-12,0.09519999999999999,0.004,23.799999999999997,1.0,24.799999999999997
trec,hybrid_al,250,1,sentence_transformer_logreg,sentence-transformers/all-MiniLM-L6-v2,0.5451949796576332,0.706,high,Prolific,https://www.prolific.com/pricing,2026-07-12,0.42839999999999995,0.004,107.09999999999998,1.0,108.09999999999998
trec,hybrid_al,500,1,sentence_transformer_logreg,sentence-transformers/all-MiniLM-L6-v2,0.6124379374036992,0.766,low,Amazon Mechanical Turk,https://www.mturk.com/pricing,2026-07-12,0.04,0.004,20.0,2.0,22.0
trec,hybrid_al,500,1,sentence_transformer_logreg,sentence-transformers/all-MiniLM-L6-v2,0.6124379374036992,0.766,base,Prolific,https://www.prolific.com/pricing,2026-07-12,0.09519999999999999,0.004,47.599999999999994,2.0,49.599999999999994
trec,hybrid_al,500,1,sentence_transformer_logreg,sentence-transformers/all-MiniLM-L6-v2,0.6124379374036992,0.766,high,Prolific,https://www.prolific.com/pricing,2026-07-12,0.42839999999999995,0.004,214.19999999999996,2.0,216.19999999999996
trec,hybrid_al,1000,1,sentence_transformer_logreg,sentence-transformers/all-MiniLM-L6-v2,0.7150742828926973,0.826,low,Amazon Mechanical Turk,https://www.mturk.com/pricing,2026-07-12,0.04,0.004,40.0,4.0,44.0
trec,hybrid_al,1000,1,sentence_transformer_logreg,sentence-transformers/all-MiniLM-L6-v2,0.7150742828926973,0.826,base,Prolific,https://www.prolific.com/pricing,2026-07-12,0.09519999999999999,0.004,95.19999999999999,4.0,99.19999999999999
trec,hybrid_al,1000,1,sentence_transformer_logreg,sentence-transformers/all-MiniLM-L6-v2,0.7150742828926973,0.826,high,Prolific,https://www.prolific.com/pricing,2026-07-12,0.42839999999999995,0.004,428.3999999999999,4.0,432.3999999999999
trec,random,50,2,sentence_transformer_logreg,sentence-transformers/all-MiniLM-L6-v2,0.23542553572102465,0.338,low,Amazon Mechanical Turk,https://www.mturk.com/pricing,2026-07-12,0.04,0.0,2.0,0.0,2.0
trec,random,50,2,sentence_transformer_logreg,sentence-transformers/all-MiniLM-L6-v2,0.23542553572102465,0.338,base,Prolific,https://www.prolific.com/pricing,2026-07-12,0.09519999999999999,0.0,4.76,0.0,4.76
trec,random,50,2,sentence_transformer_logreg,sentence-transformers/all-MiniLM-L6-v2,0.23542553572102465,0.338,high,Prolific,https://www.prolific.com/pricing,2026-07-12,0.42839999999999995,0.0,21.419999999999998,0.0,21.419999999999998
trec,random,100,2,sentence_transformer_logreg,sentence-transformers/all-MiniLM-L6-v2,0.44804808573756666,0.536,low,Amazon Mechanical Turk,https://www.mturk.com/pricing,2026-07-12,0.04,0.0,4.0,0.0,4.0
trec,random,100,2,sentence_transformer_logreg,sentence-transformers/all-MiniLM-L6-v2,0.44804808573756666,0.536,base,Prolific,https://www.prolific.com/pricing,2026-07-12,0.09519999999999999,0.0,9.52,0.0,9.52
trec,random,100,2,sentence_transformer_logreg,sentence-transformers/all-MiniLM-L6-v2,0.44804808573756666,0.536,high,Prolific,https://www.prolific.com/pricing,2026-07-12,0.42839999999999995,0.0,42.839999999999996,0.0,42.839999999999996
trec,random,250,2,sentence_transformer_logreg,sentence-transformers/all-MiniLM-L6-v2,0.6317437289447291,0.774,low,Amazon Mechanical Turk,https://www.mturk.com/pricing,2026-07-12,0.04,0.0,10.0,0.0,10.0
trec,random,250,2,sentence_transformer_logreg,sentence-transformers/all-MiniLM-L6-v2,0.6317437289447291,0.774,base,Prolific,https://www.prolific.com/pricing,2026-07-12,0.09519999999999999,0.0,23.799999999999997,0.0,23.799999999999997
trec,random,250,2,sentence_transformer_logreg,sentence-transformers/all-MiniLM-L6-v2,0.6317437289447291,0.774,high,Prolific,https://www.prolific.com/pricing,2026-07-12,0.42839999999999995,0.0,107.09999999999998,0.0,107.09999999999998
trec,random,500,2,sentence_transformer_logreg,sentence-transformers/all-MiniLM-L6-v2,0.6617335964598436,0.798,low,Amazon Mechanical Turk,https://www.mturk.com/pricing,2026-07-12,0.04,0.0,20.0,0.0,20.0
trec,random,500,2,sentence_transformer_logreg,sentence-transformers/all-MiniLM-L6-v2,0.6617335964598436,0.798,base,Prolific,https://www.prolific.com/pricing,2026-07-12,0.09519999999999999,0.0,47.599999999999994,0.0,47.599999999999994
trec,random,500,2,sentence_transformer_logreg,sentence-transformers/all-MiniLM-L6-v2,0.6617335964598436,0.798,high,Prolific,https://www.prolific.com/pricing,2026-07-12,0.42839999999999995,0.0,214.19999999999996,0.0,214.19999999999996
trec,random,1000,2,sentence_transformer_logreg,sentence-transformers/all-MiniLM-L6-v2,0.6933964707701182,0.834,low,Amazon Mechanical Turk,https://www.mturk.com/pricing,2026-07-12,0.04,0.0,40.0,0.0,40.0
trec,random,1000,2,sentence_transformer_logreg,sentence-transformers/all-MiniLM-L6-v2,0.6933964707701182,0.834,base,Prolific,https://www.prolific.com/pricing,2026-07-12,0.09519999999999999,0.0,95.19999999999999,0.0,95.19999999999999
trec,random,1000,2,sentence_transformer_logreg,sentence-transformers/all-MiniLM-L6-v2,0.6933964707701182,0.834,high,Prolific,https://www.prolific.com/pricing,2026-07-12,0.42839999999999995,0.0,428.3999999999999,0.0,428.3999999999999
trec,uncertainty_al,50,2,sentence_transformer_logreg,sentence-transformers/all-MiniLM-L6-v2,0.060719255841207055,0.146,low,Amazon Mechanical Turk,https://www.mturk.com/pricing,2026-07-12,0.04,0.002,2.0,0.1,2.1
trec,uncertainty_al,50,2,sentence_transformer_logreg,sentence-transformers/all-MiniLM-L6-v2,0.060719255841207055,0.146,base,Prolific,https://www.prolific.com/pricing,2026-07-12,0.09519999999999999,0.002,4.76,0.1,4.859999999999999
trec,uncertainty_al,50,2,sentence_transformer_logreg,sentence-transformers/all-MiniLM-L6-v2,0.060719255841207055,0.146,high,Prolific,https://www.prolific.com/pricing,2026-07-12,0.42839999999999995,0.002,21.419999999999998,0.1,21.52
trec,uncertainty_al,100,2,sentence_transformer_logreg,sentence-transformers/all-MiniLM-L6-v2,0.2928374893080775,0.442,low,Amazon Mechanical Turk,https://www.mturk.com/pricing,2026-07-12,0.04,0.002,4.0,0.2,4.2
trec,uncertainty_al,100,2,sentence_transformer_logreg,sentence-transformers/all-MiniLM-L6-v2,0.2928374893080775,0.442,base,Prolific,https://www.prolific.com/pricing,2026-07-12,0.09519999999999999,0.002,9.52,0.2,9.719999999999999
trec,uncertainty_al,100,2,sentence_transformer_logreg,sentence-transformers/all-MiniLM-L6-v2,0.2928374893080775,0.442,high,Prolific,https://www.prolific.com/pricing,2026-07-12,0.42839999999999995,0.002,42.839999999999996,0.2,43.04
trec,uncertainty_al,250,2,sentence_transformer_logreg,sentence-transformers/all-MiniLM-L6-v2,0.48194210792050035,0.576,low,Amazon Mechanical Turk,https://www.mturk.com/pricing,2026-07-12,0.04,0.002,10.0,0.5,10.5
trec,uncertainty_al,250,2,sentence_transformer_logreg,sentence-transformers/all-MiniLM-L6-v2,0.48194210792050035,0.576,base,Prolific,https://www.prolific.com/pricing,2026-07-12,0.09519999999999999,0.002,23.799999999999997,0.5,24.299999999999997
trec,uncertainty_al,250,2,sentence_transformer_logreg,sentence-transformers/all-MiniLM-L6-v2,0.48194210792050035,0.576,high,Prolific,https://www.prolific.com/pricing,2026-07-12,0.42839999999999995,0.002,107.09999999999998,0.5,107.59999999999998
trec,uncertainty_al,500,2,sentence_transformer_logreg,sentence-transformers/all-MiniLM-L6-v2,0.6002437708291314,0.724,low,Amazon Mechanical Turk,https://www.mturk.com/pricing,2026-07-12,0.04,0.002,20.0,1.0,21.0
trec,uncertainty_al,500,2,sentence_transformer_logreg,sentence-transformers/all-MiniLM-L6-v2,0.6002437708291314,0.724,base,Prolific,https://www.prolific.com/pricing,2026-07-12,0.09519999999999999,0.002,47.599999999999994,1.0,48.599999999999994
trec,uncertainty_al,500,2,sentence_transformer_logreg,sentence-transformers/all-MiniLM-L6-v2,0.6002437708291314,0.724,high,Prolific,https://www.prolific.com/pricing,2026-07-12,0.42839999999999995,0.002,214.19999999999996,1.0,215.19999999999996
trec,uncertainty_al,1000,2,sentence_transformer_logreg,sentence-transformers/all-MiniLM-L6-v2,0.7156652347778519,0.816,low,Amazon Mechanical Turk,https://www.mturk.com/pricing,2026-07-12,0.04,0.002,40.0,2.0,42.0
trec,uncertainty_al,1000,2,sentence_transformer_logreg,sentence-transformers/all-MiniLM-L6-v2,0.7156652347778519,0.816,base,Prolific,https://www.prolific.com/pricing,2026-07-12,0.09519999999999999,0.002,95.19999999999999,2.0,97.19999999999999
trec,uncertainty_al,1000,2,sentence_transformer_logreg,sentence-transformers/all-MiniLM-L6-v2,0.7156652347778519,0.816,high,Prolific,https://www.prolific.com/pricing,2026-07-12,0.42839999999999995,0.002,428.3999999999999,2.0,430.3999999999999
trec,diversity_al,50,2,sentence_transformer_logreg,sentence-transformers/all-MiniLM-L6-v2,0.2329594729851908,0.386,low,Amazon Mechanical Turk,https://www.mturk.com/pricing,2026-07-12,0.04,0.003,2.0,0.15,2.15
trec,diversity_al,50,2,sentence_transformer_logreg,sentence-transformers/all-MiniLM-L6-v2,0.2329594729851908,0.386,base,Prolific,https://www.prolific.com/pricing,2026-07-12,0.09519999999999999,0.003,4.76,0.15,4.91
trec,diversity_al,50,2,sentence_transformer_logreg,sentence-transformers/all-MiniLM-L6-v2,0.2329594729851908,0.386,high,Prolific,https://www.prolific.com/pricing,2026-07-12,0.42839999999999995,0.003,21.419999999999998,0.15,21.569999999999997
trec,diversity_al,100,2,sentence_transformer_logreg,sentence-transformers/all-MiniLM-L6-v2,0.30079393126789156,0.422,low,Amazon Mechanical Turk,https://www.mturk.com/pricing,2026-07-12,0.04,0.003,4.0,0.3,4.3
trec,diversity_al,100,2,sentence_transformer_logreg,sentence-transformers/all-MiniLM-L6-v2,0.30079393126789156,0.422,base,Prolific,https://www.prolific.com/pricing,2026-07-12,0.09519999999999999,0.003,9.52,0.3,9.82
trec,diversity_al,100,2,sentence_transformer_logreg,sentence-transformers/all-MiniLM-L6-v2,0.30079393126789156,0.422,high,Prolific,https://www.prolific.com/pricing,2026-07-12,0.42839999999999995,0.003,42.839999999999996,0.3,43.13999999999999
trec,diversity_al,250,2,sentence_transformer_logreg,sentence-transformers/all-MiniLM-L6-v2,0.559785570242319,0.68,low,Amazon Mechanical Turk,https://www.mturk.com/pricing,2026-07-12,0.04,0.003,10.0,0.75,10.75
trec,diversity_al,250,2,sentence_transformer_logreg,sentence-transformers/all-MiniLM-L6-v2,0.559785570242319,0.68,base,Prolific,https://www.prolific.com/pricing,2026-07-12,0.09519999999999999,0.003,23.799999999999997,0.75,24.549999999999997
trec,diversity_al,250,2,sentence_transformer_logreg,sentence-transformers/all-MiniLM-L6-v2,0.559785570242319,0.68,high,Prolific,https://www.prolific.com/pricing,2026-07-12,0.42839999999999995,0.003,107.09999999999998,0.75,107.84999999999998
trec,diversity_al,500,2,sentence_transformer_logreg,sentence-transformers/all-MiniLM-L6-v2,0.6395671628566365,0.774,low,Amazon Mechanical Turk,https://www.mturk.com/pricing,2026-07-12,0.04,0.003,20.0,1.5,21.5
trec,diversity_al,500,2,sentence_transformer_logreg,sentence-transformers/all-MiniLM-L6-v2,0.6395671628566365,0.774,base,Prolific,https://www.prolific.com/pricing,2026-07-12,0.09519999999999999,0.003,47.599999999999994,1.5,49.099999999999994
trec,diversity_al,500,2,sentence_transformer_logreg,sentence-transformers/all-MiniLM-L6-v2,0.6395671628566365,0.774,high,Prolific,https://www.prolific.com/pricing,2026-07-12,0.42839999999999995,0.003,214.19999999999996,1.5,215.69999999999996
trec,diversity_al,1000,2,sentence_transformer_logreg,sentence-transformers/all-MiniLM-L6-v2,0.6958356514247925,0.836,low,Amazon Mechanical Turk,https://www.mturk.com/pricing,2026-07-12,0.04,0.003,40.0,3.0,43.0
trec,diversity_al,1000,2,sentence_transformer_logreg,sentence-transformers/all-MiniLM-L6-v2,0.6958356514247925,0.836,base,Prolific,https://www.prolific.com/pricing,2026-07-12,0.09519999999999999,0.003,95.19999999999999,3.0,98.19999999999999
trec,diversity_al,1000,2,sentence_transformer_logreg,sentence-transformers/all-MiniLM-L6-v2,0.6958356514247925,0.836,high,Prolific,https://www.prolific.com/pricing,2026-07-12,0.42839999999999995,0.003,428.3999999999999,3.0,431.3999999999999
trec,hybrid_al,50,2,sentence_transformer_logreg,sentence-transformers/all-MiniLM-L6-v2,0.20014622591468387,0.268,low,Amazon Mechanical Turk,https://www.mturk.com/pricing,2026-07-12,0.04,0.004,2.0,0.2,2.2
trec,hybrid_al,50,2,sentence_transformer_logreg,sentence-transformers/all-MiniLM-L6-v2,0.20014622591468387,0.268,base,Prolific,https://www.prolific.com/pricing,2026-07-12,0.09519999999999999,0.004,4.76,0.2,4.96
trec,hybrid_al,50,2,sentence_transformer_logreg,sentence-transformers/all-MiniLM-L6-v2,0.20014622591468387,0.268,high,Prolific,https://www.prolific.com/pricing,2026-07-12,0.42839999999999995,0.004,21.419999999999998,0.2,21.619999999999997
trec,hybrid_al,100,2,sentence_transformer_logreg,sentence-transformers/all-MiniLM-L6-v2,0.33655266903669756,0.416,low,Amazon Mechanical Turk,https://www.mturk.com/pricing,2026-07-12,0.04,0.004,4.0,0.4,4.4
trec,hybrid_al,100,2,sentence_transformer_logreg,sentence-transformers/all-MiniLM-L6-v2,0.33655266903669756,0.416,base,Prolific,https://www.prolific.com/pricing,2026-07-12,0.09519999999999999,0.004,9.52,0.4,9.92
trec,hybrid_al,100,2,sentence_transformer_logreg,sentence-transformers/all-MiniLM-L6-v2,0.33655266903669756,0.416,high,Prolific,https://www.prolific.com/pricing,2026-07-12,0.42839999999999995,0.004,42.839999999999996,0.4,43.239999999999995
trec,hybrid_al,250,2,sentence_transformer_logreg,sentence-transformers/all-MiniLM-L6-v2,0.5747560381999384,0.726,low,Amazon Mechanical Turk,https://www.mturk.com/pricing,2026-07-12,0.04,0.004,10.0,1.0,11.0
trec,hybrid_al,250,2,sentence_transformer_logreg,sentence-transformers/all-MiniLM-L6-v2,0.5747560381999384,0.726,base,Prolific,https://www.prolific.com/pricing,2026-07-12,0.09519999999999999,0.004,23.799999999999997,1.0,24.799999999999997
trec,hybrid_al,250,2,sentence_transformer_logreg,sentence-transformers/all-MiniLM-L6-v2,0.5747560381999384,0.726,high,Prolific,https://www.prolific.com/pricing,2026-07-12,0.42839999999999995,0.004,107.09999999999998,1.0,108.09999999999998
trec,hybrid_al,500,2,sentence_transformer_logreg,sentence-transformers/all-MiniLM-L6-v2,0.6236201142999268,0.774,low,Amazon Mechanical Turk,https://www.mturk.com/pricing,2026-07-12,0.04,0.004,20.0,2.0,22.0
trec,hybrid_al,500,2,sentence_transformer_logreg,sentence-transformers/all-MiniLM-L6-v2,0.6236201142999268,0.774,base,Prolific,https://www.prolific.com/pricing,2026-07-12,0.09519999999999999,0.004,47.599999999999994,2.0,49.599999999999994
trec,hybrid_al,500,2,sentence_transformer_logreg,sentence-transformers/all-MiniLM-L6-v2,0.6236201142999268,0.774,high,Prolific,https://www.prolific.com/pricing,2026-07-12,0.42839999999999995,0.004,214.19999999999996,2.0,216.19999999999996
trec,hybrid_al,1000,2,sentence_transformer_logreg,sentence-transformers/all-MiniLM-L6-v2,0.7256586128212424,0.836,low,Amazon Mechanical Turk,https://www.mturk.com/pricing,2026-07-12,0.04,0.004,40.0,4.0,44.0
trec,hybrid_al,1000,2,sentence_transformer_logreg,sentence-transformers/all-MiniLM-L6-v2,0.7256586128212424,0.836,base,Prolific,https://www.prolific.com/pricing,2026-07-12,0.09519999999999999,0.004,95.19999999999999,4.0,99.19999999999999
trec,hybrid_al,1000,2,sentence_transformer_logreg,sentence-transformers/all-MiniLM-L6-v2,0.7256586128212424,0.836,high,Prolific,https://www.prolific.com/pricing,2026-07-12,0.42839999999999995,0.004,428.3999999999999,4.0,432.3999999999999
banking77,random,50,0,sentence_transformer_logreg,sentence-transformers/all-MiniLM-L6-v2,0.0326336121702519,0.091,low,Amazon Mechanical Turk,https://www.mturk.com/pricing,2026-07-12,0.04,0.0,2.0,0.0,2.0
banking77,random,50,0,sentence_transformer_logreg,sentence-transformers/all-MiniLM-L6-v2,0.0326336121702519,0.091,base,Prolific,https://www.prolific.com/pricing,2026-07-12,0.09519999999999999,0.0,4.76,0.0,4.76
banking77,random,50,0,sentence_transformer_logreg,sentence-transformers/all-MiniLM-L6-v2,0.0326336121702519,0.091,high,Prolific,https://www.prolific.com/pricing,2026-07-12,0.42839999999999995,0.0,21.419999999999998,0.0,21.419999999999998
banking77,random,100,0,sentence_transformer_logreg,sentence-transformers/all-MiniLM-L6-v2,0.08908039667700206,0.156,low,Amazon Mechanical Turk,https://www.mturk.com/pricing,2026-07-12,0.04,0.0,4.0,0.0,4.0
banking77,random,100,0,sentence_transformer_logreg,sentence-transformers/all-MiniLM-L6-v2,0.08908039667700206,0.156,base,Prolific,https://www.prolific.com/pricing,2026-07-12,0.09519999999999999,0.0,9.52,0.0,9.52
banking77,random,100,0,sentence_transformer_logreg,sentence-transformers/all-MiniLM-L6-v2,0.08908039667700206,0.156,high,Prolific,https://www.prolific.com/pricing,2026-07-12,0.42839999999999995,0.0,42.839999999999996,0.0,42.839999999999996
banking77,random,250,0,sentence_transformer_logreg,sentence-transformers/all-MiniLM-L6-v2,0.1888039574728486,0.268,low,Amazon Mechanical Turk,https://www.mturk.com/pricing,2026-07-12,0.04,0.0,10.0,0.0,10.0
banking77,random,250,0,sentence_transformer_logreg,sentence-transformers/all-MiniLM-L6-v2,0.1888039574728486,0.268,base,Prolific,https://www.prolific.com/pricing,2026-07-12,0.09519999999999999,0.0,23.799999999999997,0.0,23.799999999999997
banking77,random,250,0,sentence_transformer_logreg,sentence-transformers/all-MiniLM-L6-v2,0.1888039574728486,0.268,high,Prolific,https://www.prolific.com/pricing,2026-07-12,0.42839999999999995,0.0,107.09999999999998,0.0,107.09999999999998
banking77,random,500,0,sentence_transformer_logreg,sentence-transformers/all-MiniLM-L6-v2,0.5056504131973882,0.563,low,Amazon Mechanical Turk,https://www.mturk.com/pricing,2026-07-12,0.04,0.0,20.0,0.0,20.0
banking77,random,500,0,sentence_transformer_logreg,sentence-transformers/all-MiniLM-L6-v2,0.5056504131973882,0.563,base,Prolific,https://www.prolific.com/pricing,2026-07-12,0.09519999999999999,0.0,47.599999999999994,0.0,47.599999999999994
banking77,random,500,0,sentence_transformer_logreg,sentence-transformers/all-MiniLM-L6-v2,0.5056504131973882,0.563,high,Prolific,https://www.prolific.com/pricing,2026-07-12,0.42839999999999995,0.0,214.19999999999996,0.0,214.19999999999996
banking77,random,1000,0,sentence_transformer_logreg,sentence-transformers/all-MiniLM-L6-v2,0.7401695268966163,0.76,low,Amazon Mechanical Turk,https://www.mturk.com/pricing,2026-07-12,0.04,0.0,40.0,0.0,40.0
banking77,random,1000,0,sentence_transformer_logreg,sentence-transformers/all-MiniLM-L6-v2,0.7401695268966163,0.76,base,Prolific,https://www.prolific.com/pricing,2026-07-12,0.09519999999999999,0.0,95.19999999999999,0.0,95.19999999999999
banking77,random,1000,0,sentence_transformer_logreg,sentence-transformers/all-MiniLM-L6-v2,0.7401695268966163,0.76,high,Prolific,https://www.prolific.com/pricing,2026-07-12,0.42839999999999995,0.0,428.3999999999999,0.0,428.3999999999999
banking77,uncertainty_al,50,0,sentence_transformer_logreg,sentence-transformers/all-MiniLM-L6-v2,0.027492789411940086,0.061,low,Amazon Mechanical Turk,https://www.mturk.com/pricing,2026-07-12,0.04,0.002,2.0,0.1,2.1
banking77,uncertainty_al,50,0,sentence_transformer_logreg,sentence-transformers/all-MiniLM-L6-v2,0.027492789411940086,0.061,base,Prolific,https://www.prolific.com/pricing,2026-07-12,0.09519999999999999,0.002,4.76,0.1,4.859999999999999
banking77,uncertainty_al,50,0,sentence_transformer_logreg,sentence-transformers/all-MiniLM-L6-v2,0.027492789411940086,0.061,high,Prolific,https://www.prolific.com/pricing,2026-07-12,0.42839999999999995,0.002,21.419999999999998,0.1,21.52
banking77,uncertainty_al,100,0,sentence_transformer_logreg,sentence-transformers/all-MiniLM-L6-v2,0.07306535965020501,0.161,low,Amazon Mechanical Turk,https://www.mturk.com/pricing,2026-07-12,0.04,0.002,4.0,0.2,4.2
banking77,uncertainty_al,100,0,sentence_transformer_logreg,sentence-transformers/all-MiniLM-L6-v2,0.07306535965020501,0.161,base,Prolific,https://www.prolific.com/pricing,2026-07-12,0.09519999999999999,0.002,9.52,0.2,9.719999999999999
banking77,uncertainty_al,100,0,sentence_transformer_logreg,sentence-transformers/all-MiniLM-L6-v2,0.07306535965020501,0.161,high,Prolific,https://www.prolific.com/pricing,2026-07-12,0.42839999999999995,0.002,42.839999999999996,0.2,43.04
banking77,uncertainty_al,250,0,sentence_transformer_logreg,sentence-transformers/all-MiniLM-L6-v2,0.20162455982245933,0.28,low,Amazon Mechanical Turk,https://www.mturk.com/pricing,2026-07-12,0.04,0.002,10.0,0.5,10.5
banking77,uncertainty_al,250,0,sentence_transformer_logreg,sentence-transformers/all-MiniLM-L6-v2,0.20162455982245933,0.28,base,Prolific,https://www.prolific.com/pricing,2026-07-12,0.09519999999999999,0.002,23.799999999999997,0.5,24.299999999999997
banking77,uncertainty_al,250,0,sentence_transformer_logreg,sentence-transformers/all-MiniLM-L6-v2,0.20162455982245933,0.28,high,Prolific,https://www.prolific.com/pricing,2026-07-12,0.42839999999999995,0.002,107.09999999999998,0.5,107.59999999999998
banking77,uncertainty_al,500,0,sentence_transformer_logreg,sentence-transformers/all-MiniLM-L6-v2,0.3873622349721323,0.466,low,Amazon Mechanical Turk,https://www.mturk.com/pricing,2026-07-12,0.04,0.002,20.0,1.0,21.0
banking77,uncertainty_al,500,0,sentence_transformer_logreg,sentence-transformers/all-MiniLM-L6-v2,0.3873622349721323,0.466,base,Prolific,https://www.prolific.com/pricing,2026-07-12,0.09519999999999999,0.002,47.599999999999994,1.0,48.599999999999994
banking77,uncertainty_al,500,0,sentence_transformer_logreg,sentence-transformers/all-MiniLM-L6-v2,0.3873622349721323,0.466,high,Prolific,https://www.prolific.com/pricing,2026-07-12,0.42839999999999995,0.002,214.19999999999996,1.0,215.19999999999996
banking77,uncertainty_al,1000,0,sentence_transformer_logreg,sentence-transformers/all-MiniLM-L6-v2,0.6890330478509524,0.724,low,Amazon Mechanical Turk,https://www.mturk.com/pricing,2026-07-12,0.04,0.002,40.0,2.0,42.0
banking77,uncertainty_al,1000,0,sentence_transformer_logreg,sentence-transformers/all-MiniLM-L6-v2,0.6890330478509524,0.724,base,Prolific,https://www.prolific.com/pricing,2026-07-12,0.09519999999999999,0.002,95.19999999999999,2.0,97.19999999999999
banking77,uncertainty_al,1000,0,sentence_transformer_logreg,sentence-transformers/all-MiniLM-L6-v2,0.6890330478509524,0.724,high,Prolific,https://www.prolific.com/pricing,2026-07-12,0.42839999999999995,0.002,428.3999999999999,2.0,430.3999999999999
banking77,diversity_al,50,0,sentence_transformer_logreg,sentence-transformers/all-MiniLM-L6-v2,0.048754106209716694,0.146,low,Amazon Mechanical Turk,https://www.mturk.com/pricing,2026-07-12,0.04,0.003,2.0,0.15,2.15
banking77,diversity_al,50,0,sentence_transformer_logreg,sentence-transformers/all-MiniLM-L6-v2,0.048754106209716694,0.146,base,Prolific,https://www.prolific.com/pricing,2026-07-12,0.09519999999999999,0.003,4.76,0.15,4.91
banking77,diversity_al,50,0,sentence_transformer_logreg,sentence-transformers/all-MiniLM-L6-v2,0.048754106209716694,0.146,high,Prolific,https://www.prolific.com/pricing,2026-07-12,0.42839999999999995,0.003,21.419999999999998,0.15,21.569999999999997
banking77,diversity_al,100,0,sentence_transformer_logreg,sentence-transformers/all-MiniLM-L6-v2,0.1205261764148722,0.206,low,Amazon Mechanical Turk,https://www.mturk.com/pricing,2026-07-12,0.04,0.003,4.0,0.3,4.3
banking77,diversity_al,100,0,sentence_transformer_logreg,sentence-transformers/all-MiniLM-L6-v2,0.1205261764148722,0.206,base,Prolific,https://www.prolific.com/pricing,2026-07-12,0.09519999999999999,0.003,9.52,0.3,9.82
banking77,diversity_al,100,0,sentence_transformer_logreg,sentence-transformers/all-MiniLM-L6-v2,0.1205261764148722,0.206,high,Prolific,https://www.prolific.com/pricing,2026-07-12,0.42839999999999995,0.003,42.839999999999996,0.3,43.13999999999999
banking77,diversity_al,250,0,sentence_transformer_logreg,sentence-transformers/all-MiniLM-L6-v2,0.22485217623251233,0.292,low,Amazon Mechanical Turk,https://www.mturk.com/pricing,2026-07-12,0.04,0.003,10.0,0.75,10.75
banking77,diversity_al,250,0,sentence_transformer_logreg,sentence-transformers/all-MiniLM-L6-v2,0.22485217623251233,0.292,base,Prolific,https://www.prolific.com/pricing,2026-07-12,0.09519999999999999,0.003,23.799999999999997,0.75,24.549999999999997
banking77,diversity_al,250,0,sentence_transformer_logreg,sentence-transformers/all-MiniLM-L6-v2,0.22485217623251233,0.292,high,Prolific,https://www.prolific.com/pricing,2026-07-12,0.42839999999999995,0.003,107.09999999999998,0.75,107.84999999999998
banking77,diversity_al,500,0,sentence_transformer_logreg,sentence-transformers/all-MiniLM-L6-v2,0.417069664624593,0.484,low,Amazon Mechanical Turk,https://www.mturk.com/pricing,2026-07-12,0.04,0.003,20.0,1.5,21.5
banking77,diversity_al,500,0,sentence_transformer_logreg,sentence-transformers/all-MiniLM-L6-v2,0.417069664624593,0.484,base,Prolific,https://www.prolific.com/pricing,2026-07-12,0.09519999999999999,0.003,47.599999999999994,1.5,49.099999999999994
banking77,diversity_al,500,0,sentence_transformer_logreg,sentence-transformers/all-MiniLM-L6-v2,0.417069664624593,0.484,high,Prolific,https://www.prolific.com/pricing,2026-07-12,0.42839999999999995,0.003,214.19999999999996,1.5,215.69999999999996
banking77,diversity_al,1000,0,sentence_transformer_logreg,sentence-transformers/all-MiniLM-L6-v2,0.7360944672659336,0.76,low,Amazon Mechanical Turk,https://www.mturk.com/pricing,2026-07-12,0.04,0.003,40.0,3.0,43.0
banking77,diversity_al,1000,0,sentence_transformer_logreg,sentence-transformers/all-MiniLM-L6-v2,0.7360944672659336,0.76,base,Prolific,https://www.prolific.com/pricing,2026-07-12,0.09519999999999999,0.003,95.19999999999999,3.0,98.19999999999999
banking77,diversity_al,1000,0,sentence_transformer_logreg,sentence-transformers/all-MiniLM-L6-v2,0.7360944672659336,0.76,high,Prolific,https://www.prolific.com/pricing,2026-07-12,0.42839999999999995,0.003,428.3999999999999,3.0,431.3999999999999
banking77,hybrid_al,50,0,sentence_transformer_logreg,sentence-transformers/all-MiniLM-L6-v2,0.05409440365938064,0.09,low,Amazon Mechanical Turk,https://www.mturk.com/pricing,2026-07-12,0.04,0.004,2.0,0.2,2.2
banking77,hybrid_al,50,0,sentence_transformer_logreg,sentence-transformers/all-MiniLM-L6-v2,0.05409440365938064,0.09,base,Prolific,https://www.prolific.com/pricing,2026-07-12,0.09519999999999999,0.004,4.76,0.2,4.96
banking77,hybrid_al,50,0,sentence_transformer_logreg,sentence-transformers/all-MiniLM-L6-v2,0.05409440365938064,0.09,high,Prolific,https://www.prolific.com/pricing,2026-07-12,0.42839999999999995,0.004,21.419999999999998,0.2,21.619999999999997
banking77,hybrid_al,100,0,sentence_transformer_logreg,sentence-transformers/all-MiniLM-L6-v2,0.13856818130822324,0.223,low,Amazon Mechanical Turk,https://www.mturk.com/pricing,2026-07-12,0.04,0.004,4.0,0.4,4.4
banking77,hybrid_al,100,0,sentence_transformer_logreg,sentence-transformers/all-MiniLM-L6-v2,0.13856818130822324,0.223,base,Prolific,https://www.prolific.com/pricing,2026-07-12,0.09519999999999999,0.004,9.52,0.4,9.92
banking77,hybrid_al,100,0,sentence_transformer_logreg,sentence-transformers/all-MiniLM-L6-v2,0.13856818130822324,0.223,high,Prolific,https://www.prolific.com/pricing,2026-07-12,0.42839999999999995,0.004,42.839999999999996,0.4,43.239999999999995
banking77,hybrid_al,250,0,sentence_transformer_logreg,sentence-transformers/all-MiniLM-L6-v2,0.28240681474009444,0.355,low,Amazon Mechanical Turk,https://www.mturk.com/pricing,2026-07-12,0.04,0.004,10.0,1.0,11.0
banking77,hybrid_al,250,0,sentence_transformer_logreg,sentence-transformers/all-MiniLM-L6-v2,0.28240681474009444,0.355,base,Prolific,https://www.prolific.com/pricing,2026-07-12,0.09519999999999999,0.004,23.799999999999997,1.0,24.799999999999997
banking77,hybrid_al,250,0,sentence_transformer_logreg,sentence-transformers/all-MiniLM-L6-v2,0.28240681474009444,0.355,high,Prolific,https://www.prolific.com/pricing,2026-07-12,0.42839999999999995,0.004,107.09999999999998,1.0,108.09999999999998
banking77,hybrid_al,500,0,sentence_transformer_logreg,sentence-transformers/all-MiniLM-L6-v2,0.43877675409628586,0.503,low,Amazon Mechanical Turk,https://www.mturk.com/pricing,2026-07-12,0.04,0.004,20.0,2.0,22.0
banking77,hybrid_al,500,0,sentence_transformer_logreg,sentence-transformers/all-MiniLM-L6-v2,0.43877675409628586,0.503,base,Prolific,https://www.prolific.com/pricing,2026-07-12,0.09519999999999999,0.004,47.599999999999994,2.0,49.599999999999994
banking77,hybrid_al,500,0,sentence_transformer_logreg,sentence-transformers/all-MiniLM-L6-v2,0.43877675409628586,0.503,high,Prolific,https://www.prolific.com/pricing,2026-07-12,0.42839999999999995,0.004,214.19999999999996,2.0,216.19999999999996
banking77,hybrid_al,1000,0,sentence_transformer_logreg,sentence-transformers/all-MiniLM-L6-v2,0.7208573548254743,0.745,low,Amazon Mechanical Turk,https://www.mturk.com/pricing,2026-07-12,0.04,0.004,40.0,4.0,44.0
banking77,hybrid_al,1000,0,sentence_transformer_logreg,sentence-transformers/all-MiniLM-L6-v2,0.7208573548254743,0.745,base,Prolific,https://www.prolific.com/pricing,2026-07-12,0.09519999999999999,0.004,95.19999999999999,4.0,99.19999999999999
banking77,hybrid_al,1000,0,sentence_transformer_logreg,sentence-transformers/all-MiniLM-L6-v2,0.7208573548254743,0.745,high,Prolific,https://www.prolific.com/pricing,2026-07-12,0.42839999999999995,0.004,428.3999999999999,4.0,432.3999999999999
banking77,random,50,1,sentence_transformer_logreg,sentence-transformers/all-MiniLM-L6-v2,0.038215152383784735,0.116,low,Amazon Mechanical Turk,https://www.mturk.com/pricing,2026-07-12,0.04,0.0,2.0,0.0,2.0
banking77,random,50,1,sentence_transformer_logreg,sentence-transformers/all-MiniLM-L6-v2,0.038215152383784735,0.116,base,Prolific,https://www.prolific.com/pricing,2026-07-12,0.09519999999999999,0.0,4.76,0.0,4.76
banking77,random,50,1,sentence_transformer_logreg,sentence-transformers/all-MiniLM-L6-v2,0.038215152383784735,0.116,high,Prolific,https://www.prolific.com/pricing,2026-07-12,0.42839999999999995,0.0,21.419999999999998,0.0,21.419999999999998
banking77,random,100,1,sentence_transformer_logreg,sentence-transformers/all-MiniLM-L6-v2,0.13075487344017264,0.181,low,Amazon Mechanical Turk,https://www.mturk.com/pricing,2026-07-12,0.04,0.0,4.0,0.0,4.0
banking77,random,100,1,sentence_transformer_logreg,sentence-transformers/all-MiniLM-L6-v2,0.13075487344017264,0.181,base,Prolific,https://www.prolific.com/pricing,2026-07-12,0.09519999999999999,0.0,9.52,0.0,9.52
banking77,random,100,1,sentence_transformer_logreg,sentence-transformers/all-MiniLM-L6-v2,0.13075487344017264,0.181,high,Prolific,https://www.prolific.com/pricing,2026-07-12,0.42839999999999995,0.0,42.839999999999996,0.0,42.839999999999996
banking77,random,250,1,sentence_transformer_logreg,sentence-transformers/all-MiniLM-L6-v2,0.2607532703743577,0.334,low,Amazon Mechanical Turk,https://www.mturk.com/pricing,2026-07-12,0.04,0.0,10.0,0.0,10.0
banking77,random,250,1,sentence_transformer_logreg,sentence-transformers/all-MiniLM-L6-v2,0.2607532703743577,0.334,base,Prolific,https://www.prolific.com/pricing,2026-07-12,0.09519999999999999,0.0,23.799999999999997,0.0,23.799999999999997
banking77,random,250,1,sentence_transformer_logreg,sentence-transformers/all-MiniLM-L6-v2,0.2607532703743577,0.334,high,Prolific,https://www.prolific.com/pricing,2026-07-12,0.42839999999999995,0.0,107.09999999999998,0.0,107.09999999999998
banking77,random,500,1,sentence_transformer_logreg,sentence-transformers/all-MiniLM-L6-v2,0.44472931117208525,0.523,low,Amazon Mechanical Turk,https://www.mturk.com/pricing,2026-07-12,0.04,0.0,20.0,0.0,20.0
banking77,random,500,1,sentence_transformer_logreg,sentence-transformers/all-MiniLM-L6-v2,0.44472931117208525,0.523,base,Prolific,https://www.prolific.com/pricing,2026-07-12,0.09519999999999999,0.0,47.599999999999994,0.0,47.599999999999994
banking77,random,500,1,sentence_transformer_logreg,sentence-transformers/all-MiniLM-L6-v2,0.44472931117208525,0.523,high,Prolific,https://www.prolific.com/pricing,2026-07-12,0.42839999999999995,0.0,214.19999999999996,0.0,214.19999999999996
banking77,random,1000,1,sentence_transformer_logreg,sentence-transformers/all-MiniLM-L6-v2,0.7371315262057656,0.764,low,Amazon Mechanical Turk,https://www.mturk.com/pricing,2026-07-12,0.04,0.0,40.0,0.0,40.0
banking77,random,1000,1,sentence_transformer_logreg,sentence-transformers/all-MiniLM-L6-v2,0.7371315262057656,0.764,base,Prolific,https://www.prolific.com/pricing,2026-07-12,0.09519999999999999,0.0,95.19999999999999,0.0,95.19999999999999
banking77,random,1000,1,sentence_transformer_logreg,sentence-transformers/all-MiniLM-L6-v2,0.7371315262057656,0.764,high,Prolific,https://www.prolific.com/pricing,2026-07-12,0.42839999999999995,0.0,428.3999999999999,0.0,428.3999999999999
banking77,uncertainty_al,50,1,sentence_transformer_logreg,sentence-transformers/all-MiniLM-L6-v2,0.04309555176672859,0.088,low,Amazon Mechanical Turk,https://www.mturk.com/pricing,2026-07-12,0.04,0.002,2.0,0.1,2.1
banking77,uncertainty_al,50,1,sentence_transformer_logreg,sentence-transformers/all-MiniLM-L6-v2,0.04309555176672859,0.088,base,Prolific,https://www.prolific.com/pricing,2026-07-12,0.09519999999999999,0.002,4.76,0.1,4.859999999999999
banking77,uncertainty_al,50,1,sentence_transformer_logreg,sentence-transformers/all-MiniLM-L6-v2,0.04309555176672859,0.088,high,Prolific,https://www.prolific.com/pricing,2026-07-12,0.42839999999999995,0.002,21.419999999999998,0.1,21.52
banking77,uncertainty_al,100,1,sentence_transformer_logreg,sentence-transformers/all-MiniLM-L6-v2,0.08996944155812091,0.172,low,Amazon Mechanical Turk,https://www.mturk.com/pricing,2026-07-12,0.04,0.002,4.0,0.2,4.2
banking77,uncertainty_al,100,1,sentence_transformer_logreg,sentence-transformers/all-MiniLM-L6-v2,0.08996944155812091,0.172,base,Prolific,https://www.prolific.com/pricing,2026-07-12,0.09519999999999999,0.002,9.52,0.2,9.719999999999999
banking77,uncertainty_al,100,1,sentence_transformer_logreg,sentence-transformers/all-MiniLM-L6-v2,0.08996944155812091,0.172,high,Prolific,https://www.prolific.com/pricing,2026-07-12,0.42839999999999995,0.002,42.839999999999996,0.2,43.04
banking77,uncertainty_al,250,1,sentence_transformer_logreg,sentence-transformers/all-MiniLM-L6-v2,0.22389202334878827,0.317,low,Amazon Mechanical Turk,https://www.mturk.com/pricing,2026-07-12,0.04,0.002,10.0,0.5,10.5
banking77,uncertainty_al,250,1,sentence_transformer_logreg,sentence-transformers/all-MiniLM-L6-v2,0.22389202334878827,0.317,base,Prolific,https://www.prolific.com/pricing,2026-07-12,0.09519999999999999,0.002,23.799999999999997,0.5,24.299999999999997
banking77,uncertainty_al,250,1,sentence_transformer_logreg,sentence-transformers/all-MiniLM-L6-v2,0.22389202334878827,0.317,high,Prolific,https://www.prolific.com/pricing,2026-07-12,0.42839999999999995,0.002,107.09999999999998,0.5,107.59999999999998
banking77,uncertainty_al,500,1,sentence_transformer_logreg,sentence-transformers/all-MiniLM-L6-v2,0.37049990328384896,0.441,low,Amazon Mechanical Turk,https://www.mturk.com/pricing,2026-07-12,0.04,0.002,20.0,1.0,21.0
banking77,uncertainty_al,500,1,sentence_transformer_logreg,sentence-transformers/all-MiniLM-L6-v2,0.37049990328384896,0.441,base,Prolific,https://www.prolific.com/pricing,2026-07-12,0.09519999999999999,0.002,47.599999999999994,1.0,48.599999999999994
banking77,uncertainty_al,500,1,sentence_transformer_logreg,sentence-transformers/all-MiniLM-L6-v2,0.37049990328384896,0.441,high,Prolific,https://www.prolific.com/pricing,2026-07-12,0.42839999999999995,0.002,214.19999999999996,1.0,215.19999999999996
banking77,uncertainty_al,1000,1,sentence_transformer_logreg,sentence-transformers/all-MiniLM-L6-v2,0.700549755444337,0.73,low,Amazon Mechanical Turk,https://www.mturk.com/pricing,2026-07-12,0.04,0.002,40.0,2.0,42.0
banking77,uncertainty_al,1000,1,sentence_transformer_logreg,sentence-transformers/all-MiniLM-L6-v2,0.700549755444337,0.73,base,Prolific,https://www.prolific.com/pricing,2026-07-12,0.09519999999999999,0.002,95.19999999999999,2.0,97.19999999999999
banking77,uncertainty_al,1000,1,sentence_transformer_logreg,sentence-transformers/all-MiniLM-L6-v2,0.700549755444337,0.73,high,Prolific,https://www.prolific.com/pricing,2026-07-12,0.42839999999999995,0.002,428.3999999999999,2.0,430.3999999999999
banking77,diversity_al,50,1,sentence_transformer_logreg,sentence-transformers/all-MiniLM-L6-v2,0.048966950492035685,0.11,low,Amazon Mechanical Turk,https://www.mturk.com/pricing,2026-07-12,0.04,0.003,2.0,0.15,2.15
banking77,diversity_al,50,1,sentence_transformer_logreg,sentence-transformers/all-MiniLM-L6-v2,0.048966950492035685,0.11,base,Prolific,https://www.prolific.com/pricing,2026-07-12,0.09519999999999999,0.003,4.76,0.15,4.91
banking77,diversity_al,50,1,sentence_transformer_logreg,sentence-transformers/all-MiniLM-L6-v2,0.048966950492035685,0.11,high,Prolific,https://www.prolific.com/pricing,2026-07-12,0.42839999999999995,0.003,21.419999999999998,0.15,21.569999999999997
banking77,diversity_al,100,1,sentence_transformer_logreg,sentence-transformers/all-MiniLM-L6-v2,0.13525318998071162,0.203,low,Amazon Mechanical Turk,https://www.mturk.com/pricing,2026-07-12,0.04,0.003,4.0,0.3,4.3
banking77,diversity_al,100,1,sentence_transformer_logreg,sentence-transformers/all-MiniLM-L6-v2,0.13525318998071162,0.203,base,Prolific,https://www.prolific.com/pricing,2026-07-12,0.09519999999999999,0.003,9.52,0.3,9.82
banking77,diversity_al,100,1,sentence_transformer_logreg,sentence-transformers/all-MiniLM-L6-v2,0.13525318998071162,0.203,high,Prolific,https://www.prolific.com/pricing,2026-07-12,0.42839999999999995,0.003,42.839999999999996,0.3,43.13999999999999
banking77,diversity_al,250,1,sentence_transformer_logreg,sentence-transformers/all-MiniLM-L6-v2,0.273266405954921,0.354,low,Amazon Mechanical Turk,https://www.mturk.com/pricing,2026-07-12,0.04,0.003,10.0,0.75,10.75
banking77,diversity_al,250,1,sentence_transformer_logreg,sentence-transformers/all-MiniLM-L6-v2,0.273266405954921,0.354,base,Prolific,https://www.prolific.com/pricing,2026-07-12,0.09519999999999999,0.003,23.799999999999997,0.75,24.549999999999997
banking77,diversity_al,250,1,sentence_transformer_logreg,sentence-transformers/all-MiniLM-L6-v2,0.273266405954921,0.354,high,Prolific,https://www.prolific.com/pricing,2026-07-12,0.42839999999999995,0.003,107.09999999999998,0.75,107.84999999999998
banking77,diversity_al,500,1,sentence_transformer_logreg,sentence-transformers/all-MiniLM-L6-v2,0.46272505516903123,0.522,low,Amazon Mechanical Turk,https://www.mturk.com/pricing,2026-07-12,0.04,0.003,20.0,1.5,21.5
banking77,diversity_al,500,1,sentence_transformer_logreg,sentence-transformers/all-MiniLM-L6-v2,0.46272505516903123,0.522,base,Prolific,https://www.prolific.com/pricing,2026-07-12,0.09519999999999999,0.003,47.599999999999994,1.5,49.099999999999994
banking77,diversity_al,500,1,sentence_transformer_logreg,sentence-transformers/all-MiniLM-L6-v2,0.46272505516903123,0.522,high,Prolific,https://www.prolific.com/pricing,2026-07-12,0.42839999999999995,0.003,214.19999999999996,1.5,215.69999999999996
banking77,diversity_al,1000,1,sentence_transformer_logreg,sentence-transformers/all-MiniLM-L6-v2,0.7287633501098156,0.755,low,Amazon Mechanical Turk,https://www.mturk.com/pricing,2026-07-12,0.04,0.003,40.0,3.0,43.0
banking77,diversity_al,1000,1,sentence_transformer_logreg,sentence-transformers/all-MiniLM-L6-v2,0.7287633501098156,0.755,base,Prolific,https://www.prolific.com/pricing,2026-07-12,0.09519999999999999,0.003,95.19999999999999,3.0,98.19999999999999
banking77,diversity_al,1000,1,sentence_transformer_logreg,sentence-transformers/all-MiniLM-L6-v2,0.7287633501098156,0.755,high,Prolific,https://www.prolific.com/pricing,2026-07-12,0.42839999999999995,0.003,428.3999999999999,3.0,431.3999999999999
banking77,hybrid_al,50,1,sentence_transformer_logreg,sentence-transformers/all-MiniLM-L6-v2,0.053380237767442135,0.101,low,Amazon Mechanical Turk,https://www.mturk.com/pricing,2026-07-12,0.04,0.004,2.0,0.2,2.2
banking77,hybrid_al,50,1,sentence_transformer_logreg,sentence-transformers/all-MiniLM-L6-v2,0.053380237767442135,0.101,base,Prolific,https://www.prolific.com/pricing,2026-07-12,0.09519999999999999,0.004,4.76,0.2,4.96
banking77,hybrid_al,50,1,sentence_transformer_logreg,sentence-transformers/all-MiniLM-L6-v2,0.053380237767442135,0.101,high,Prolific,https://www.prolific.com/pricing,2026-07-12,0.42839999999999995,0.004,21.419999999999998,0.2,21.619999999999997
banking77,hybrid_al,100,1,sentence_transformer_logreg,sentence-transformers/all-MiniLM-L6-v2,0.12949351609301313,0.184,low,Amazon Mechanical Turk,https://www.mturk.com/pricing,2026-07-12,0.04,0.004,4.0,0.4,4.4
banking77,hybrid_al,100,1,sentence_transformer_logreg,sentence-transformers/all-MiniLM-L6-v2,0.12949351609301313,0.184,base,Prolific,https://www.prolific.com/pricing,2026-07-12,0.09519999999999999,0.004,9.52,0.4,9.92
banking77,hybrid_al,100,1,sentence_transformer_logreg,sentence-transformers/all-MiniLM-L6-v2,0.12949351609301313,0.184,high,Prolific,https://www.prolific.com/pricing,2026-07-12,0.42839999999999995,0.004,42.839999999999996,0.4,43.239999999999995
banking77,hybrid_al,250,1,sentence_transformer_logreg,sentence-transformers/all-MiniLM-L6-v2,0.23441578007809588,0.323,low,Amazon Mechanical Turk,https://www.mturk.com/pricing,2026-07-12,0.04,0.004,10.0,1.0,11.0
banking77,hybrid_al,250,1,sentence_transformer_logreg,sentence-transformers/all-MiniLM-L6-v2,0.23441578007809588,0.323,base,Prolific,https://www.prolific.com/pricing,2026-07-12,0.09519999999999999,0.004,23.799999999999997,1.0,24.799999999999997
banking77,hybrid_al,250,1,sentence_transformer_logreg,sentence-transformers/all-MiniLM-L6-v2,0.23441578007809588,0.323,high,Prolific,https://www.prolific.com/pricing,2026-07-12,0.42839999999999995,0.004,107.09999999999998,1.0,108.09999999999998
banking77,hybrid_al,500,1,sentence_transformer_logreg,sentence-transformers/all-MiniLM-L6-v2,0.43019084838903626,0.509,low,Amazon Mechanical Turk,https://www.mturk.com/pricing,2026-07-12,0.04,0.004,20.0,2.0,22.0
banking77,hybrid_al,500,1,sentence_transformer_logreg,sentence-transformers/all-MiniLM-L6-v2,0.43019084838903626,0.509,base,Prolific,https://www.prolific.com/pricing,2026-07-12,0.09519999999999999,0.004,47.599999999999994,2.0,49.599999999999994
banking77,hybrid_al,500,1,sentence_transformer_logreg,sentence-transformers/all-MiniLM-L6-v2,0.43019084838903626,0.509,high,Prolific,https://www.prolific.com/pricing,2026-07-12,0.42839999999999995,0.004,214.19999999999996,2.0,216.19999999999996
banking77,hybrid_al,1000,1,sentence_transformer_logreg,sentence-transformers/all-MiniLM-L6-v2,0.7400608327803381,0.761,low,Amazon Mechanical Turk,https://www.mturk.com/pricing,2026-07-12,0.04,0.004,40.0,4.0,44.0
banking77,hybrid_al,1000,1,sentence_transformer_logreg,sentence-transformers/all-MiniLM-L6-v2,0.7400608327803381,0.761,base,Prolific,https://www.prolific.com/pricing,2026-07-12,0.09519999999999999,0.004,95.19999999999999,4.0,99.19999999999999
banking77,hybrid_al,1000,1,sentence_transformer_logreg,sentence-transformers/all-MiniLM-L6-v2,0.7400608327803381,0.761,high,Prolific,https://www.prolific.com/pricing,2026-07-12,0.42839999999999995,0.004,428.3999999999999,4.0,432.3999999999999
banking77,random,50,2,sentence_transformer_logreg,sentence-transformers/all-MiniLM-L6-v2,0.03534437381961586,0.102,low,Amazon Mechanical Turk,https://www.mturk.com/pricing,2026-07-12,0.04,0.0,2.0,0.0,2.0
banking77,random,50,2,sentence_transformer_logreg,sentence-transformers/all-MiniLM-L6-v2,0.03534437381961586,0.102,base,Prolific,https://www.prolific.com/pricing,2026-07-12,0.09519999999999999,0.0,4.76,0.0,4.76
banking77,random,50,2,sentence_transformer_logreg,sentence-transformers/all-MiniLM-L6-v2,0.03534437381961586,0.102,high,Prolific,https://www.prolific.com/pricing,2026-07-12,0.42839999999999995,0.0,21.419999999999998,0.0,21.419999999999998
banking77,random,100,2,sentence_transformer_logreg,sentence-transformers/all-MiniLM-L6-v2,0.06681215034065291,0.138,low,Amazon Mechanical Turk,https://www.mturk.com/pricing,2026-07-12,0.04,0.0,4.0,0.0,4.0
banking77,random,100,2,sentence_transformer_logreg,sentence-transformers/all-MiniLM-L6-v2,0.06681215034065291,0.138,base,Prolific,https://www.prolific.com/pricing,2026-07-12,0.09519999999999999,0.0,9.52,0.0,9.52
banking77,random,100,2,sentence_transformer_logreg,sentence-transformers/all-MiniLM-L6-v2,0.06681215034065291,0.138,high,Prolific,https://www.prolific.com/pricing,2026-07-12,0.42839999999999995,0.0,42.839999999999996,0.0,42.839999999999996
banking77,random,250,2,sentence_transformer_logreg,sentence-transformers/all-MiniLM-L6-v2,0.25447647116843713,0.334,low,Amazon Mechanical Turk,https://www.mturk.com/pricing,2026-07-12,0.04,0.0,10.0,0.0,10.0
banking77,random,250,2,sentence_transformer_logreg,sentence-transformers/all-MiniLM-L6-v2,0.25447647116843713,0.334,base,Prolific,https://www.prolific.com/pricing,2026-07-12,0.09519999999999999,0.0,23.799999999999997,0.0,23.799999999999997
banking77,random,250,2,sentence_transformer_logreg,sentence-transformers/all-MiniLM-L6-v2,0.25447647116843713,0.334,high,Prolific,https://www.prolific.com/pricing,2026-07-12,0.42839999999999995,0.0,107.09999999999998,0.0,107.09999999999998
banking77,random,500,2,sentence_transformer_logreg,sentence-transformers/all-MiniLM-L6-v2,0.5053045584320748,0.573,low,Amazon Mechanical Turk,https://www.mturk.com/pricing,2026-07-12,0.04,0.0,20.0,0.0,20.0
banking77,random,500,2,sentence_transformer_logreg,sentence-transformers/all-MiniLM-L6-v2,0.5053045584320748,0.573,base,Prolific,https://www.prolific.com/pricing,2026-07-12,0.09519999999999999,0.0,47.599999999999994,0.0,47.599999999999994
banking77,random,500,2,sentence_transformer_logreg,sentence-transformers/all-MiniLM-L6-v2,0.5053045584320748,0.573,high,Prolific,https://www.prolific.com/pricing,2026-07-12,0.42839999999999995,0.0,214.19999999999996,0.0,214.19999999999996
banking77,random,1000,2,sentence_transformer_logreg,sentence-transformers/all-MiniLM-L6-v2,0.7391330779606861,0.764,low,Amazon Mechanical Turk,https://www.mturk.com/pricing,2026-07-12,0.04,0.0,40.0,0.0,40.0
banking77,random,1000,2,sentence_transformer_logreg,sentence-transformers/all-MiniLM-L6-v2,0.7391330779606861,0.764,base,Prolific,https://www.prolific.com/pricing,2026-07-12,0.09519999999999999,0.0,95.19999999999999,0.0,95.19999999999999
banking77,random,1000,2,sentence_transformer_logreg,sentence-transformers/all-MiniLM-L6-v2,0.7391330779606861,0.764,high,Prolific,https://www.prolific.com/pricing,2026-07-12,0.42839999999999995,0.0,428.3999999999999,0.0,428.3999999999999
banking77,uncertainty_al,50,2,sentence_transformer_logreg,sentence-transformers/all-MiniLM-L6-v2,0.019965963779193067,0.084,low,Amazon Mechanical Turk,https://www.mturk.com/pricing,2026-07-12,0.04,0.002,2.0,0.1,2.1
banking77,uncertainty_al,50,2,sentence_transformer_logreg,sentence-transformers/all-MiniLM-L6-v2,0.019965963779193067,0.084,base,Prolific,https://www.prolific.com/pricing,2026-07-12,0.09519999999999999,0.002,4.76,0.1,4.859999999999999
banking77,uncertainty_al,50,2,sentence_transformer_logreg,sentence-transformers/all-MiniLM-L6-v2,0.019965963779193067,0.084,high,Prolific,https://www.prolific.com/pricing,2026-07-12,0.42839999999999995,0.002,21.419999999999998,0.1,21.52
banking77,uncertainty_al,100,2,sentence_transformer_logreg,sentence-transformers/all-MiniLM-L6-v2,0.08335793887418821,0.147,low,Amazon Mechanical Turk,https://www.mturk.com/pricing,2026-07-12,0.04,0.002,4.0,0.2,4.2
banking77,uncertainty_al,100,2,sentence_transformer_logreg,sentence-transformers/all-MiniLM-L6-v2,0.08335793887418821,0.147,base,Prolific,https://www.prolific.com/pricing,2026-07-12,0.09519999999999999,0.002,9.52,0.2,9.719999999999999
banking77,uncertainty_al,100,2,sentence_transformer_logreg,sentence-transformers/all-MiniLM-L6-v2,0.08335793887418821,0.147,high,Prolific,https://www.prolific.com/pricing,2026-07-12,0.42839999999999995,0.002,42.839999999999996,0.2,43.04
banking77,uncertainty_al,250,2,sentence_transformer_logreg,sentence-transformers/all-MiniLM-L6-v2,0.17632863081833797,0.26,low,Amazon Mechanical Turk,https://www.mturk.com/pricing,2026-07-12,0.04,0.002,10.0,0.5,10.5
banking77,uncertainty_al,250,2,sentence_transformer_logreg,sentence-transformers/all-MiniLM-L6-v2,0.17632863081833797,0.26,base,Prolific,https://www.prolific.com/pricing,2026-07-12,0.09519999999999999,0.002,23.799999999999997,0.5,24.299999999999997
banking77,uncertainty_al,250,2,sentence_transformer_logreg,sentence-transformers/all-MiniLM-L6-v2,0.17632863081833797,0.26,high,Prolific,https://www.prolific.com/pricing,2026-07-12,0.42839999999999995,0.002,107.09999999999998,0.5,107.59999999999998
banking77,uncertainty_al,500,2,sentence_transformer_logreg,sentence-transformers/all-MiniLM-L6-v2,0.3282537363148487,0.426,low,Amazon Mechanical Turk,https://www.mturk.com/pricing,2026-07-12,0.04,0.002,20.0,1.0,21.0
banking77,uncertainty_al,500,2,sentence_transformer_logreg,sentence-transformers/all-MiniLM-L6-v2,0.3282537363148487,0.426,base,Prolific,https://www.prolific.com/pricing,2026-07-12,0.09519999999999999,0.002,47.599999999999994,1.0,48.599999999999994
banking77,uncertainty_al,500,2,sentence_transformer_logreg,sentence-transformers/all-MiniLM-L6-v2,0.3282537363148487,0.426,high,Prolific,https://www.prolific.com/pricing,2026-07-12,0.42839999999999995,0.002,214.19999999999996,1.0,215.19999999999996
banking77,uncertainty_al,1000,2,sentence_transformer_logreg,sentence-transformers/all-MiniLM-L6-v2,0.6926422503934083,0.727,low,Amazon Mechanical Turk,https://www.mturk.com/pricing,2026-07-12,0.04,0.002,40.0,2.0,42.0
banking77,uncertainty_al,1000,2,sentence_transformer_logreg,sentence-transformers/all-MiniLM-L6-v2,0.6926422503934083,0.727,base,Prolific,https://www.prolific.com/pricing,2026-07-12,0.09519999999999999,0.002,95.19999999999999,2.0,97.19999999999999
banking77,uncertainty_al,1000,2,sentence_transformer_logreg,sentence-transformers/all-MiniLM-L6-v2,0.6926422503934083,0.727,high,Prolific,https://www.prolific.com/pricing,2026-07-12,0.42839999999999995,0.002,428.3999999999999,2.0,430.3999999999999
banking77,diversity_al,50,2,sentence_transformer_logreg,sentence-transformers/all-MiniLM-L6-v2,0.048290186209430874,0.149,low,Amazon Mechanical Turk,https://www.mturk.com/pricing,2026-07-12,0.04,0.003,2.0,0.15,2.15
banking77,diversity_al,50,2,sentence_transformer_logreg,sentence-transformers/all-MiniLM-L6-v2,0.048290186209430874,0.149,base,Prolific,https://www.prolific.com/pricing,2026-07-12,0.09519999999999999,0.003,4.76,0.15,4.91
banking77,diversity_al,50,2,sentence_transformer_logreg,sentence-transformers/all-MiniLM-L6-v2,0.048290186209430874,0.149,high,Prolific,https://www.prolific.com/pricing,2026-07-12,0.42839999999999995,0.003,21.419999999999998,0.15,21.569999999999997
banking77,diversity_al,100,2,sentence_transformer_logreg,sentence-transformers/all-MiniLM-L6-v2,0.10597357540858707,0.168,low,Amazon Mechanical Turk,https://www.mturk.com/pricing,2026-07-12,0.04,0.003,4.0,0.3,4.3
banking77,diversity_al,100,2,sentence_transformer_logreg,sentence-transformers/all-MiniLM-L6-v2,0.10597357540858707,0.168,base,Prolific,https://www.prolific.com/pricing,2026-07-12,0.09519999999999999,0.003,9.52,0.3,9.82
banking77,diversity_al,100,2,sentence_transformer_logreg,sentence-transformers/all-MiniLM-L6-v2,0.10597357540858707,0.168,high,Prolific,https://www.prolific.com/pricing,2026-07-12,0.42839999999999995,0.003,42.839999999999996,0.3,43.13999999999999
banking77,diversity_al,250,2,sentence_transformer_logreg,sentence-transformers/all-MiniLM-L6-v2,0.22490072112385853,0.302,low,Amazon Mechanical Turk,https://www.mturk.com/pricing,2026-07-12,0.04,0.003,10.0,0.75,10.75
banking77,diversity_al,250,2,sentence_transformer_logreg,sentence-transformers/all-MiniLM-L6-v2,0.22490072112385853,0.302,base,Prolific,https://www.prolific.com/pricing,2026-07-12,0.09519999999999999,0.003,23.799999999999997,0.75,24.549999999999997
banking77,diversity_al,250,2,sentence_transformer_logreg,sentence-transformers/all-MiniLM-L6-v2,0.22490072112385853,0.302,high,Prolific,https://www.prolific.com/pricing,2026-07-12,0.42839999999999995,0.003,107.09999999999998,0.75,107.84999999999998
banking77,diversity_al,500,2,sentence_transformer_logreg,sentence-transformers/all-MiniLM-L6-v2,0.42973643113551996,0.502,low,Amazon Mechanical Turk,https://www.mturk.com/pricing,2026-07-12,0.04,0.003,20.0,1.5,21.5
banking77,diversity_al,500,2,sentence_transformer_logreg,sentence-transformers/all-MiniLM-L6-v2,0.42973643113551996,0.502,base,Prolific,https://www.prolific.com/pricing,2026-07-12,0.09519999999999999,0.003,47.599999999999994,1.5,49.099999999999994
banking77,diversity_al,500,2,sentence_transformer_logreg,sentence-transformers/all-MiniLM-L6-v2,0.42973643113551996,0.502,high,Prolific,https://www.prolific.com/pricing,2026-07-12,0.42839999999999995,0.003,214.19999999999996,1.5,215.69999999999996
banking77,diversity_al,1000,2,sentence_transformer_logreg,sentence-transformers/all-MiniLM-L6-v2,0.7374045070029864,0.761,low,Amazon Mechanical Turk,https://www.mturk.com/pricing,2026-07-12,0.04,0.003,40.0,3.0,43.0
banking77,diversity_al,1000,2,sentence_transformer_logreg,sentence-transformers/all-MiniLM-L6-v2,0.7374045070029864,0.761,base,Prolific,https://www.prolific.com/pricing,2026-07-12,0.09519999999999999,0.003,95.19999999999999,3.0,98.19999999999999
banking77,diversity_al,1000,2,sentence_transformer_logreg,sentence-transformers/all-MiniLM-L6-v2,0.7374045070029864,0.761,high,Prolific,https://www.prolific.com/pricing,2026-07-12,0.42839999999999995,0.003,428.3999999999999,3.0,431.3999999999999
banking77,hybrid_al,50,2,sentence_transformer_logreg,sentence-transformers/all-MiniLM-L6-v2,0.0629887980285724,0.103,low,Amazon Mechanical Turk,https://www.mturk.com/pricing,2026-07-12,0.04,0.004,2.0,0.2,2.2
banking77,hybrid_al,50,2,sentence_transformer_logreg,sentence-transformers/all-MiniLM-L6-v2,0.0629887980285724,0.103,base,Prolific,https://www.prolific.com/pricing,2026-07-12,0.09519999999999999,0.004,4.76,0.2,4.96
banking77,hybrid_al,50,2,sentence_transformer_logreg,sentence-transformers/all-MiniLM-L6-v2,0.0629887980285724,0.103,high,Prolific,https://www.prolific.com/pricing,2026-07-12,0.42839999999999995,0.004,21.419999999999998,0.2,21.619999999999997
banking77,hybrid_al,100,2,sentence_transformer_logreg,sentence-transformers/all-MiniLM-L6-v2,0.10687653573878174,0.146,low,Amazon Mechanical Turk,https://www.mturk.com/pricing,2026-07-12,0.04,0.004,4.0,0.4,4.4
banking77,hybrid_al,100,2,sentence_transformer_logreg,sentence-transformers/all-MiniLM-L6-v2,0.10687653573878174,0.146,base,Prolific,https://www.prolific.com/pricing,2026-07-12,0.09519999999999999,0.004,9.52,0.4,9.92
banking77,hybrid_al,100,2,sentence_transformer_logreg,sentence-transformers/all-MiniLM-L6-v2,0.10687653573878174,0.146,high,Prolific,https://www.prolific.com/pricing,2026-07-12,0.42839999999999995,0.004,42.839999999999996,0.4,43.239999999999995
banking77,hybrid_al,250,2,sentence_transformer_logreg,sentence-transformers/all-MiniLM-L6-v2,0.18997816267965212,0.255,low,Amazon Mechanical Turk,https://www.mturk.com/pricing,2026-07-12,0.04,0.004,10.0,1.0,11.0
banking77,hybrid_al,250,2,sentence_transformer_logreg,sentence-transformers/all-MiniLM-L6-v2,0.18997816267965212,0.255,base,Prolific,https://www.prolific.com/pricing,2026-07-12,0.09519999999999999,0.004,23.799999999999997,1.0,24.799999999999997
banking77,hybrid_al,250,2,sentence_transformer_logreg,sentence-transformers/all-MiniLM-L6-v2,0.18997816267965212,0.255,high,Prolific,https://www.prolific.com/pricing,2026-07-12,0.42839999999999995,0.004,107.09999999999998,1.0,108.09999999999998
banking77,hybrid_al,500,2,sentence_transformer_logreg,sentence-transformers/all-MiniLM-L6-v2,0.45929830829350504,0.529,low,Amazon Mechanical Turk,https://www.mturk.com/pricing,2026-07-12,0.04,0.004,20.0,2.0,22.0
banking77,hybrid_al,500,2,sentence_transformer_logreg,sentence-transformers/all-MiniLM-L6-v2,0.45929830829350504,0.529,base,Prolific,https://www.prolific.com/pricing,2026-07-12,0.09519999999999999,0.004,47.599999999999994,2.0,49.599999999999994
banking77,hybrid_al,500,2,sentence_transformer_logreg,sentence-transformers/all-MiniLM-L6-v2,0.45929830829350504,0.529,high,Prolific,https://www.prolific.com/pricing,2026-07-12,0.42839999999999995,0.004,214.19999999999996,2.0,216.19999999999996
banking77,hybrid_al,1000,2,sentence_transformer_logreg,sentence-transformers/all-MiniLM-L6-v2,0.7281408726744247,0.751,low,Amazon Mechanical Turk,https://www.mturk.com/pricing,2026-07-12,0.04,0.004,40.0,4.0,44.0
banking77,hybrid_al,1000,2,sentence_transformer_logreg,sentence-transformers/all-MiniLM-L6-v2,0.7281408726744247,0.751,base,Prolific,https://www.prolific.com/pricing,2026-07-12,0.09519999999999999,0.004,95.19999999999999,4.0,99.19999999999999
banking77,hybrid_al,1000,2,sentence_transformer_logreg,sentence-transformers/all-MiniLM-L6-v2,0.7281408726744247,0.751,high,Prolific,https://www.prolific.com/pricing,2026-07-12,0.42839999999999995,0.004,428.3999999999999,4.0,432.3999999999999
ag_news,random,50,0,sentence_transformer_logreg,sentence-transformers/all-MiniLM-L6-v2,0.45219537697978057,0.497,low,Amazon Mechanical Turk,https://www.mturk.com/pricing,2026-07-12,0.04,0.0,2.0,0.0,2.0
ag_news,random,50,0,sentence_transformer_logreg,sentence-transformers/all-MiniLM-L6-v2,0.45219537697978057,0.497,base,Prolific,https://www.prolific.com/pricing,2026-07-12,0.09519999999999999,0.0,4.76,0.0,4.76
ag_news,random,50,0,sentence_transformer_logreg,sentence-transformers/all-MiniLM-L6-v2,0.45219537697978057,0.497,high,Prolific,https://www.prolific.com/pricing,2026-07-12,0.42839999999999995,0.0,21.419999999999998,0.0,21.419999999999998
ag_news,random,100,0,sentence_transformer_logreg,sentence-transformers/all-MiniLM-L6-v2,0.7818351710152988,0.778,low,Amazon Mechanical Turk,https://www.mturk.com/pricing,2026-07-12,0.04,0.0,4.0,0.0,4.0
ag_news,random,100,0,sentence_transformer_logreg,sentence-transformers/all-MiniLM-L6-v2,0.7818351710152988,0.778,base,Prolific,https://www.prolific.com/pricing,2026-07-12,0.09519999999999999,0.0,9.52,0.0,9.52
ag_news,random,100,0,sentence_transformer_logreg,sentence-transformers/all-MiniLM-L6-v2,0.7818351710152988,0.778,high,Prolific,https://www.prolific.com/pricing,2026-07-12,0.42839999999999995,0.0,42.839999999999996,0.0,42.839999999999996
ag_news,random,250,0,sentence_transformer_logreg,sentence-transformers/all-MiniLM-L6-v2,0.8266720510168661,0.825,low,Amazon Mechanical Turk,https://www.mturk.com/pricing,2026-07-12,0.04,0.0,10.0,0.0,10.0
ag_news,random,250,0,sentence_transformer_logreg,sentence-transformers/all-MiniLM-L6-v2,0.8266720510168661,0.825,base,Prolific,https://www.prolific.com/pricing,2026-07-12,0.09519999999999999,0.0,23.799999999999997,0.0,23.799999999999997
ag_news,random,250,0,sentence_transformer_logreg,sentence-transformers/all-MiniLM-L6-v2,0.8266720510168661,0.825,high,Prolific,https://www.prolific.com/pricing,2026-07-12,0.42839999999999995,0.0,107.09999999999998,0.0,107.09999999999998
ag_news,random,500,0,sentence_transformer_logreg,sentence-transformers/all-MiniLM-L6-v2,0.8491901410990286,0.849,low,Amazon Mechanical Turk,https://www.mturk.com/pricing,2026-07-12,0.04,0.0,20.0,0.0,20.0
ag_news,random,500,0,sentence_transformer_logreg,sentence-transformers/all-MiniLM-L6-v2,0.8491901410990286,0.849,base,Prolific,https://www.prolific.com/pricing,2026-07-12,0.09519999999999999,0.0,47.599999999999994,0.0,47.599999999999994
ag_news,random,500,0,sentence_transformer_logreg,sentence-transformers/all-MiniLM-L6-v2,0.8491901410990286,0.849,high,Prolific,https://www.prolific.com/pricing,2026-07-12,0.42839999999999995,0.0,214.19999999999996,0.0,214.19999999999996
ag_news,random,1000,0,sentence_transformer_logreg,sentence-transformers/all-MiniLM-L6-v2,0.8561229615064013,0.856,low,Amazon Mechanical Turk,https://www.mturk.com/pricing,2026-07-12,0.04,0.0,40.0,0.0,40.0
ag_news,random,1000,0,sentence_transformer_logreg,sentence-transformers/all-MiniLM-L6-v2,0.8561229615064013,0.856,base,Prolific,https://www.prolific.com/pricing,2026-07-12,0.09519999999999999,0.0,95.19999999999999,0.0,95.19999999999999
ag_news,random,1000,0,sentence_transformer_logreg,sentence-transformers/all-MiniLM-L6-v2,0.8561229615064013,0.856,high,Prolific,https://www.prolific.com/pricing,2026-07-12,0.42839999999999995,0.0,428.3999999999999,0.0,428.3999999999999
ag_news,uncertainty_al,50,0,sentence_transformer_logreg,sentence-transformers/all-MiniLM-L6-v2,0.7074528118143582,0.727,low,Amazon Mechanical Turk,https://www.mturk.com/pricing,2026-07-12,0.04,0.002,2.0,0.1,2.1
ag_news,uncertainty_al,50,0,sentence_transformer_logreg,sentence-transformers/all-MiniLM-L6-v2,0.7074528118143582,0.727,base,Prolific,https://www.prolific.com/pricing,2026-07-12,0.09519999999999999,0.002,4.76,0.1,4.859999999999999
ag_news,uncertainty_al,50,0,sentence_transformer_logreg,sentence-transformers/all-MiniLM-L6-v2,0.7074528118143582,0.727,high,Prolific,https://www.prolific.com/pricing,2026-07-12,0.42839999999999995,0.002,21.419999999999998,0.1,21.52
ag_news,uncertainty_al,100,0,sentence_transformer_logreg,sentence-transformers/all-MiniLM-L6-v2,0.7401717247793802,0.745,low,Amazon Mechanical Turk,https://www.mturk.com/pricing,2026-07-12,0.04,0.002,4.0,0.2,4.2
ag_news,uncertainty_al,100,0,sentence_transformer_logreg,sentence-transformers/all-MiniLM-L6-v2,0.7401717247793802,0.745,base,Prolific,https://www.prolific.com/pricing,2026-07-12,0.09519999999999999,0.002,9.52,0.2,9.719999999999999
ag_news,uncertainty_al,100,0,sentence_transformer_logreg,sentence-transformers/all-MiniLM-L6-v2,0.7401717247793802,0.745,high,Prolific,https://www.prolific.com/pricing,2026-07-12,0.42839999999999995,0.002,42.839999999999996,0.2,43.04
ag_news,uncertainty_al,250,0,sentence_transformer_logreg,sentence-transformers/all-MiniLM-L6-v2,0.8173805969089111,0.821,low,Amazon Mechanical Turk,https://www.mturk.com/pricing,2026-07-12,0.04,0.002,10.0,0.5,10.5
ag_news,uncertainty_al,250,0,sentence_transformer_logreg,sentence-transformers/all-MiniLM-L6-v2,0.8173805969089111,0.821,base,Prolific,https://www.prolific.com/pricing,2026-07-12,0.09519999999999999,0.002,23.799999999999997,0.5,24.299999999999997
ag_news,uncertainty_al,250,0,sentence_transformer_logreg,sentence-transformers/all-MiniLM-L6-v2,0.8173805969089111,0.821,high,Prolific,https://www.prolific.com/pricing,2026-07-12,0.42839999999999995,0.002,107.09999999999998,0.5,107.59999999999998
ag_news,uncertainty_al,500,0,sentence_transformer_logreg,sentence-transformers/all-MiniLM-L6-v2,0.8382974757239979,0.839,low,Amazon Mechanical Turk,https://www.mturk.com/pricing,2026-07-12,0.04,0.002,20.0,1.0,21.0
ag_news,uncertainty_al,500,0,sentence_transformer_logreg,sentence-transformers/all-MiniLM-L6-v2,0.8382974757239979,0.839,base,Prolific,https://www.prolific.com/pricing,2026-07-12,0.09519999999999999,0.002,47.599999999999994,1.0,48.599999999999994
ag_news,uncertainty_al,500,0,sentence_transformer_logreg,sentence-transformers/all-MiniLM-L6-v2,0.8382974757239979,0.839,high,Prolific,https://www.prolific.com/pricing,2026-07-12,0.42839999999999995,0.002,214.19999999999996,1.0,215.19999999999996
ag_news,uncertainty_al,1000,0,sentence_transformer_logreg,sentence-transformers/all-MiniLM-L6-v2,0.8491587396152405,0.849,low,Amazon Mechanical Turk,https://www.mturk.com/pricing,2026-07-12,0.04,0.002,40.0,2.0,42.0
ag_news,uncertainty_al,1000,0,sentence_transformer_logreg,sentence-transformers/all-MiniLM-L6-v2,0.8491587396152405,0.849,base,Prolific,https://www.prolific.com/pricing,2026-07-12,0.09519999999999999,0.002,95.19999999999999,2.0,97.19999999999999
ag_news,uncertainty_al,1000,0,sentence_transformer_logreg,sentence-transformers/all-MiniLM-L6-v2,0.8491587396152405,0.849,high,Prolific,https://www.prolific.com/pricing,2026-07-12,0.42839999999999995,0.002,428.3999999999999,2.0,430.3999999999999
ag_news,diversity_al,50,0,sentence_transformer_logreg,sentence-transformers/all-MiniLM-L6-v2,0.4899977453268066,0.51,low,Amazon Mechanical Turk,https://www.mturk.com/pricing,2026-07-12,0.04,0.003,2.0,0.15,2.15
ag_news,diversity_al,50,0,sentence_transformer_logreg,sentence-transformers/all-MiniLM-L6-v2,0.4899977453268066,0.51,base,Prolific,https://www.prolific.com/pricing,2026-07-12,0.09519999999999999,0.003,4.76,0.15,4.91
ag_news,diversity_al,50,0,sentence_transformer_logreg,sentence-transformers/all-MiniLM-L6-v2,0.4899977453268066,0.51,high,Prolific,https://www.prolific.com/pricing,2026-07-12,0.42839999999999995,0.003,21.419999999999998,0.15,21.569999999999997
ag_news,diversity_al,100,0,sentence_transformer_logreg,sentence-transformers/all-MiniLM-L6-v2,0.7087610344815869,0.709,low,Amazon Mechanical Turk,https://www.mturk.com/pricing,2026-07-12,0.04,0.003,4.0,0.3,4.3
ag_news,diversity_al,100,0,sentence_transformer_logreg,sentence-transformers/all-MiniLM-L6-v2,0.7087610344815869,0.709,base,Prolific,https://www.prolific.com/pricing,2026-07-12,0.09519999999999999,0.003,9.52,0.3,9.82
ag_news,diversity_al,100,0,sentence_transformer_logreg,sentence-transformers/all-MiniLM-L6-v2,0.7087610344815869,0.709,high,Prolific,https://www.prolific.com/pricing,2026-07-12,0.42839999999999995,0.003,42.839999999999996,0.3,43.13999999999999
ag_news,diversity_al,250,0,sentence_transformer_logreg,sentence-transformers/all-MiniLM-L6-v2,0.8260349459957407,0.825,low,Amazon Mechanical Turk,https://www.mturk.com/pricing,2026-07-12,0.04,0.003,10.0,0.75,10.75
ag_news,diversity_al,250,0,sentence_transformer_logreg,sentence-transformers/all-MiniLM-L6-v2,0.8260349459957407,0.825,base,Prolific,https://www.prolific.com/pricing,2026-07-12,0.09519999999999999,0.003,23.799999999999997,0.75,24.549999999999997
ag_news,diversity_al,250,0,sentence_transformer_logreg,sentence-transformers/all-MiniLM-L6-v2,0.8260349459957407,0.825,high,Prolific,https://www.prolific.com/pricing,2026-07-12,0.42839999999999995,0.003,107.09999999999998,0.75,107.84999999999998
ag_news,diversity_al,500,0,sentence_transformer_logreg,sentence-transformers/all-MiniLM-L6-v2,0.8429885824451367,0.843,low,Amazon Mechanical Turk,https://www.mturk.com/pricing,2026-07-12,0.04,0.003,20.0,1.5,21.5
ag_news,diversity_al,500,0,sentence_transformer_logreg,sentence-transformers/all-MiniLM-L6-v2,0.8429885824451367,0.843,base,Prolific,https://www.prolific.com/pricing,2026-07-12,0.09519999999999999,0.003,47.599999999999994,1.5,49.099999999999994
ag_news,diversity_al,500,0,sentence_transformer_logreg,sentence-transformers/all-MiniLM-L6-v2,0.8429885824451367,0.843,high,Prolific,https://www.prolific.com/pricing,2026-07-12,0.42839999999999995,0.003,214.19999999999996,1.5,215.69999999999996
ag_news,diversity_al,1000,0,sentence_transformer_logreg,sentence-transformers/all-MiniLM-L6-v2,0.851185506115797,0.851,low,Amazon Mechanical Turk,https://www.mturk.com/pricing,2026-07-12,0.04,0.003,40.0,3.0,43.0
ag_news,diversity_al,1000,0,sentence_transformer_logreg,sentence-transformers/all-MiniLM-L6-v2,0.851185506115797,0.851,base,Prolific,https://www.prolific.com/pricing,2026-07-12,0.09519999999999999,0.003,95.19999999999999,3.0,98.19999999999999
ag_news,diversity_al,1000,0,sentence_transformer_logreg,sentence-transformers/all-MiniLM-L6-v2,0.851185506115797,0.851,high,Prolific,https://www.prolific.com/pricing,2026-07-12,0.42839999999999995,0.003,428.3999999999999,3.0,431.3999999999999
ag_news,hybrid_al,50,0,sentence_transformer_logreg,sentence-transformers/all-MiniLM-L6-v2,0.405471691873995,0.494,low,Amazon Mechanical Turk,https://www.mturk.com/pricing,2026-07-12,0.04,0.004,2.0,0.2,2.2
ag_news,hybrid_al,50,0,sentence_transformer_logreg,sentence-transformers/all-MiniLM-L6-v2,0.405471691873995,0.494,base,Prolific,https://www.prolific.com/pricing,2026-07-12,0.09519999999999999,0.004,4.76,0.2,4.96
ag_news,hybrid_al,50,0,sentence_transformer_logreg,sentence-transformers/all-MiniLM-L6-v2,0.405471691873995,0.494,high,Prolific,https://www.prolific.com/pricing,2026-07-12,0.42839999999999995,0.004,21.419999999999998,0.2,21.619999999999997
ag_news,hybrid_al,100,0,sentence_transformer_logreg,sentence-transformers/all-MiniLM-L6-v2,0.7985084525851089,0.799,low,Amazon Mechanical Turk,https://www.mturk.com/pricing,2026-07-12,0.04,0.004,4.0,0.4,4.4
ag_news,hybrid_al,100,0,sentence_transformer_logreg,sentence-transformers/all-MiniLM-L6-v2,0.7985084525851089,0.799,base,Prolific,https://www.prolific.com/pricing,2026-07-12,0.09519999999999999,0.004,9.52,0.4,9.92
ag_news,hybrid_al,100,0,sentence_transformer_logreg,sentence-transformers/all-MiniLM-L6-v2,0.7985084525851089,0.799,high,Prolific,https://www.prolific.com/pricing,2026-07-12,0.42839999999999995,0.004,42.839999999999996,0.4,43.239999999999995
ag_news,hybrid_al,250,0,sentence_transformer_logreg,sentence-transformers/all-MiniLM-L6-v2,0.8220153965930106,0.823,low,Amazon Mechanical Turk,https://www.mturk.com/pricing,2026-07-12,0.04,0.004,10.0,1.0,11.0
ag_news,hybrid_al,250,0,sentence_transformer_logreg,sentence-transformers/all-MiniLM-L6-v2,0.8220153965930106,0.823,base,Prolific,https://www.prolific.com/pricing,2026-07-12,0.09519999999999999,0.004,23.799999999999997,1.0,24.799999999999997
ag_news,hybrid_al,250,0,sentence_transformer_logreg,sentence-transformers/all-MiniLM-L6-v2,0.8220153965930106,0.823,high,Prolific,https://www.prolific.com/pricing,2026-07-12,0.42839999999999995,0.004,107.09999999999998,1.0,108.09999999999998
ag_news,hybrid_al,500,0,sentence_transformer_logreg,sentence-transformers/all-MiniLM-L6-v2,0.8464618850654582,0.847,low,Amazon Mechanical Turk,https://www.mturk.com/pricing,2026-07-12,0.04,0.004,20.0,2.0,22.0
ag_news,hybrid_al,500,0,sentence_transformer_logreg,sentence-transformers/all-MiniLM-L6-v2,0.8464618850654582,0.847,base,Prolific,https://www.prolific.com/pricing,2026-07-12,0.09519999999999999,0.004,47.599999999999994,2.0,49.599999999999994
ag_news,hybrid_al,500,0,sentence_transformer_logreg,sentence-transformers/all-MiniLM-L6-v2,0.8464618850654582,0.847,high,Prolific,https://www.prolific.com/pricing,2026-07-12,0.42839999999999995,0.004,214.19999999999996,2.0,216.19999999999996
ag_news,hybrid_al,1000,0,sentence_transformer_logreg,sentence-transformers/all-MiniLM-L6-v2,0.8560942375667997,0.856,low,Amazon Mechanical Turk,https://www.mturk.com/pricing,2026-07-12,0.04,0.004,40.0,4.0,44.0
ag_news,hybrid_al,1000,0,sentence_transformer_logreg,sentence-transformers/all-MiniLM-L6-v2,0.8560942375667997,0.856,base,Prolific,https://www.prolific.com/pricing,2026-07-12,0.09519999999999999,0.004,95.19999999999999,4.0,99.19999999999999
ag_news,hybrid_al,1000,0,sentence_transformer_logreg,sentence-transformers/all-MiniLM-L6-v2,0.8560942375667997,0.856,high,Prolific,https://www.prolific.com/pricing,2026-07-12,0.42839999999999995,0.004,428.3999999999999,4.0,432.3999999999999
ag_news,random,50,1,sentence_transformer_logreg,sentence-transformers/all-MiniLM-L6-v2,0.5111543161879638,0.593,low,Amazon Mechanical Turk,https://www.mturk.com/pricing,2026-07-12,0.04,0.0,2.0,0.0,2.0
ag_news,random,50,1,sentence_transformer_logreg,sentence-transformers/all-MiniLM-L6-v2,0.5111543161879638,0.593,base,Prolific,https://www.prolific.com/pricing,2026-07-12,0.09519999999999999,0.0,4.76,0.0,4.76
ag_news,random,50,1,sentence_transformer_logreg,sentence-transformers/all-MiniLM-L6-v2,0.5111543161879638,0.593,high,Prolific,https://www.prolific.com/pricing,2026-07-12,0.42839999999999995,0.0,21.419999999999998,0.0,21.419999999999998
ag_news,random,100,1,sentence_transformer_logreg,sentence-transformers/all-MiniLM-L6-v2,0.7821470693187291,0.78,low,Amazon Mechanical Turk,https://www.mturk.com/pricing,2026-07-12,0.04,0.0,4.0,0.0,4.0
ag_news,random,100,1,sentence_transformer_logreg,sentence-transformers/all-MiniLM-L6-v2,0.7821470693187291,0.78,base,Prolific,https://www.prolific.com/pricing,2026-07-12,0.09519999999999999,0.0,9.52,0.0,9.52
ag_news,random,100,1,sentence_transformer_logreg,sentence-transformers/all-MiniLM-L6-v2,0.7821470693187291,0.78,high,Prolific,https://www.prolific.com/pricing,2026-07-12,0.42839999999999995,0.0,42.839999999999996,0.0,42.839999999999996
ag_news,random,250,1,sentence_transformer_logreg,sentence-transformers/all-MiniLM-L6-v2,0.8335601511508314,0.833,low,Amazon Mechanical Turk,https://www.mturk.com/pricing,2026-07-12,0.04,0.0,10.0,0.0,10.0
ag_news,random,250,1,sentence_transformer_logreg,sentence-transformers/all-MiniLM-L6-v2,0.8335601511508314,0.833,base,Prolific,https://www.prolific.com/pricing,2026-07-12,0.09519999999999999,0.0,23.799999999999997,0.0,23.799999999999997
ag_news,random,250,1,sentence_transformer_logreg,sentence-transformers/all-MiniLM-L6-v2,0.8335601511508314,0.833,high,Prolific,https://www.prolific.com/pricing,2026-07-12,0.42839999999999995,0.0,107.09999999999998,0.0,107.09999999999998
ag_news,random,500,1,sentence_transformer_logreg,sentence-transformers/all-MiniLM-L6-v2,0.8391293908903148,0.839,low,Amazon Mechanical Turk,https://www.mturk.com/pricing,2026-07-12,0.04,0.0,20.0,0.0,20.0
ag_news,random,500,1,sentence_transformer_logreg,sentence-transformers/all-MiniLM-L6-v2,0.8391293908903148,0.839,base,Prolific,https://www.prolific.com/pricing,2026-07-12,0.09519999999999999,0.0,47.599999999999994,0.0,47.599999999999994
ag_news,random,500,1,sentence_transformer_logreg,sentence-transformers/all-MiniLM-L6-v2,0.8391293908903148,0.839,high,Prolific,https://www.prolific.com/pricing,2026-07-12,0.42839999999999995,0.0,214.19999999999996,0.0,214.19999999999996
ag_news,random,1000,1,sentence_transformer_logreg,sentence-transformers/all-MiniLM-L6-v2,0.8502917744468302,0.85,low,Amazon Mechanical Turk,https://www.mturk.com/pricing,2026-07-12,0.04,0.0,40.0,0.0,40.0
ag_news,random,1000,1,sentence_transformer_logreg,sentence-transformers/all-MiniLM-L6-v2,0.8502917744468302,0.85,base,Prolific,https://www.prolific.com/pricing,2026-07-12,0.09519999999999999,0.0,95.19999999999999,0.0,95.19999999999999
ag_news,random,1000,1,sentence_transformer_logreg,sentence-transformers/all-MiniLM-L6-v2,0.8502917744468302,0.85,high,Prolific,https://www.prolific.com/pricing,2026-07-12,0.42839999999999995,0.0,428.3999999999999,0.0,428.3999999999999
ag_news,uncertainty_al,50,1,sentence_transformer_logreg,sentence-transformers/all-MiniLM-L6-v2,0.6988176485903518,0.706,low,Amazon Mechanical Turk,https://www.mturk.com/pricing,2026-07-12,0.04,0.002,2.0,0.1,2.1
ag_news,uncertainty_al,50,1,sentence_transformer_logreg,sentence-transformers/all-MiniLM-L6-v2,0.6988176485903518,0.706,base,Prolific,https://www.prolific.com/pricing,2026-07-12,0.09519999999999999,0.002,4.76,0.1,4.859999999999999
ag_news,uncertainty_al,50,1,sentence_transformer_logreg,sentence-transformers/all-MiniLM-L6-v2,0.6988176485903518,0.706,high,Prolific,https://www.prolific.com/pricing,2026-07-12,0.42839999999999995,0.002,21.419999999999998,0.1,21.52
ag_news,uncertainty_al,100,1,sentence_transformer_logreg,sentence-transformers/all-MiniLM-L6-v2,0.41191557146138874,0.512,low,Amazon Mechanical Turk,https://www.mturk.com/pricing,2026-07-12,0.04,0.002,4.0,0.2,4.2
ag_news,uncertainty_al,100,1,sentence_transformer_logreg,sentence-transformers/all-MiniLM-L6-v2,0.41191557146138874,0.512,base,Prolific,https://www.prolific.com/pricing,2026-07-12,0.09519999999999999,0.002,9.52,0.2,9.719999999999999
ag_news,uncertainty_al,100,1,sentence_transformer_logreg,sentence-transformers/all-MiniLM-L6-v2,0.41191557146138874,0.512,high,Prolific,https://www.prolific.com/pricing,2026-07-12,0.42839999999999995,0.002,42.839999999999996,0.2,43.04
ag_news,uncertainty_al,250,1,sentence_transformer_logreg,sentence-transformers/all-MiniLM-L6-v2,0.7474997999491817,0.765,low,Amazon Mechanical Turk,https://www.mturk.com/pricing,2026-07-12,0.04,0.002,10.0,0.5,10.5
ag_news,uncertainty_al,250,1,sentence_transformer_logreg,sentence-transformers/all-MiniLM-L6-v2,0.7474997999491817,0.765,base,Prolific,https://www.prolific.com/pricing,2026-07-12,0.09519999999999999,0.002,23.799999999999997,0.5,24.299999999999997
ag_news,uncertainty_al,250,1,sentence_transformer_logreg,sentence-transformers/all-MiniLM-L6-v2,0.7474997999491817,0.765,high,Prolific,https://www.prolific.com/pricing,2026-07-12,0.42839999999999995,0.002,107.09999999999998,0.5,107.59999999999998
ag_news,uncertainty_al,500,1,sentence_transformer_logreg,sentence-transformers/all-MiniLM-L6-v2,0.8251637939704229,0.827,low,Amazon Mechanical Turk,https://www.mturk.com/pricing,2026-07-12,0.04,0.002,20.0,1.0,21.0
ag_news,uncertainty_al,500,1,sentence_transformer_logreg,sentence-transformers/all-MiniLM-L6-v2,0.8251637939704229,0.827,base,Prolific,https://www.prolific.com/pricing,2026-07-12,0.09519999999999999,0.002,47.599999999999994,1.0,48.599999999999994
ag_news,uncertainty_al,500,1,sentence_transformer_logreg,sentence-transformers/all-MiniLM-L6-v2,0.8251637939704229,0.827,high,Prolific,https://www.prolific.com/pricing,2026-07-12,0.42839999999999995,0.002,214.19999999999996,1.0,215.19999999999996
ag_news,uncertainty_al,1000,1,sentence_transformer_logreg,sentence-transformers/all-MiniLM-L6-v2,0.8413924515326425,0.842,low,Amazon Mechanical Turk,https://www.mturk.com/pricing,2026-07-12,0.04,0.002,40.0,2.0,42.0
ag_news,uncertainty_al,1000,1,sentence_transformer_logreg,sentence-transformers/all-MiniLM-L6-v2,0.8413924515326425,0.842,base,Prolific,https://www.prolific.com/pricing,2026-07-12,0.09519999999999999,0.002,95.19999999999999,2.0,97.19999999999999
ag_news,uncertainty_al,1000,1,sentence_transformer_logreg,sentence-transformers/all-MiniLM-L6-v2,0.8413924515326425,0.842,high,Prolific,https://www.prolific.com/pricing,2026-07-12,0.42839999999999995,0.002,428.3999999999999,2.0,430.3999999999999
ag_news,diversity_al,50,1,sentence_transformer_logreg,sentence-transformers/all-MiniLM-L6-v2,0.5150910656976019,0.553,low,Amazon Mechanical Turk,https://www.mturk.com/pricing,2026-07-12,0.04,0.003,2.0,0.15,2.15
ag_news,diversity_al,50,1,sentence_transformer_logreg,sentence-transformers/all-MiniLM-L6-v2,0.5150910656976019,0.553,base,Prolific,https://www.prolific.com/pricing,2026-07-12,0.09519999999999999,0.003,4.76,0.15,4.91
ag_news,diversity_al,50,1,sentence_transformer_logreg,sentence-transformers/all-MiniLM-L6-v2,0.5150910656976019,0.553,high,Prolific,https://www.prolific.com/pricing,2026-07-12,0.42839999999999995,0.003,21.419999999999998,0.15,21.569999999999997
ag_news,diversity_al,100,1,sentence_transformer_logreg,sentence-transformers/all-MiniLM-L6-v2,0.7634070435571255,0.762,low,Amazon Mechanical Turk,https://www.mturk.com/pricing,2026-07-12,0.04,0.003,4.0,0.3,4.3
ag_news,diversity_al,100,1,sentence_transformer_logreg,sentence-transformers/all-MiniLM-L6-v2,0.7634070435571255,0.762,base,Prolific,https://www.prolific.com/pricing,2026-07-12,0.09519999999999999,0.003,9.52,0.3,9.82
ag_news,diversity_al,100,1,sentence_transformer_logreg,sentence-transformers/all-MiniLM-L6-v2,0.7634070435571255,0.762,high,Prolific,https://www.prolific.com/pricing,2026-07-12,0.42839999999999995,0.003,42.839999999999996,0.3,43.13999999999999
ag_news,diversity_al,250,1,sentence_transformer_logreg,sentence-transformers/all-MiniLM-L6-v2,0.8093840354867313,0.809,low,Amazon Mechanical Turk,https://www.mturk.com/pricing,2026-07-12,0.04,0.003,10.0,0.75,10.75
ag_news,diversity_al,250,1,sentence_transformer_logreg,sentence-transformers/all-MiniLM-L6-v2,0.8093840354867313,0.809,base,Prolific,https://www.prolific.com/pricing,2026-07-12,0.09519999999999999,0.003,23.799999999999997,0.75,24.549999999999997
ag_news,diversity_al,250,1,sentence_transformer_logreg,sentence-transformers/all-MiniLM-L6-v2,0.8093840354867313,0.809,high,Prolific,https://www.prolific.com/pricing,2026-07-12,0.42839999999999995,0.003,107.09999999999998,0.75,107.84999999999998
ag_news,diversity_al,500,1,sentence_transformer_logreg,sentence-transformers/all-MiniLM-L6-v2,0.8382499496881377,0.839,low,Amazon Mechanical Turk,https://www.mturk.com/pricing,2026-07-12,0.04,0.003,20.0,1.5,21.5
ag_news,diversity_al,500,1,sentence_transformer_logreg,sentence-transformers/all-MiniLM-L6-v2,0.8382499496881377,0.839,base,Prolific,https://www.prolific.com/pricing,2026-07-12,0.09519999999999999,0.003,47.599999999999994,1.5,49.099999999999994
ag_news,diversity_al,500,1,sentence_transformer_logreg,sentence-transformers/all-MiniLM-L6-v2,0.8382499496881377,0.839,high,Prolific,https://www.prolific.com/pricing,2026-07-12,0.42839999999999995,0.003,214.19999999999996,1.5,215.69999999999996
ag_news,diversity_al,1000,1,sentence_transformer_logreg,sentence-transformers/all-MiniLM-L6-v2,0.8509306893461859,0.851,low,Amazon Mechanical Turk,https://www.mturk.com/pricing,2026-07-12,0.04,0.003,40.0,3.0,43.0
ag_news,diversity_al,1000,1,sentence_transformer_logreg,sentence-transformers/all-MiniLM-L6-v2,0.8509306893461859,0.851,base,Prolific,https://www.prolific.com/pricing,2026-07-12,0.09519999999999999,0.003,95.19999999999999,3.0,98.19999999999999
ag_news,diversity_al,1000,1,sentence_transformer_logreg,sentence-transformers/all-MiniLM-L6-v2,0.8509306893461859,0.851,high,Prolific,https://www.prolific.com/pricing,2026-07-12,0.42839999999999995,0.003,428.3999999999999,3.0,431.3999999999999
ag_news,hybrid_al,50,1,sentence_transformer_logreg,sentence-transformers/all-MiniLM-L6-v2,0.6997312151913312,0.69,low,Amazon Mechanical Turk,https://www.mturk.com/pricing,2026-07-12,0.04,0.004,2.0,0.2,2.2
ag_news,hybrid_al,50,1,sentence_transformer_logreg,sentence-transformers/all-MiniLM-L6-v2,0.6997312151913312,0.69,base,Prolific,https://www.prolific.com/pricing,2026-07-12,0.09519999999999999,0.004,4.76,0.2,4.96
ag_news,hybrid_al,50,1,sentence_transformer_logreg,sentence-transformers/all-MiniLM-L6-v2,0.6997312151913312,0.69,high,Prolific,https://www.prolific.com/pricing,2026-07-12,0.42839999999999995,0.004,21.419999999999998,0.2,21.619999999999997
ag_news,hybrid_al,100,1,sentence_transformer_logreg,sentence-transformers/all-MiniLM-L6-v2,0.7737671982427994,0.785,low,Amazon Mechanical Turk,https://www.mturk.com/pricing,2026-07-12,0.04,0.004,4.0,0.4,4.4
ag_news,hybrid_al,100,1,sentence_transformer_logreg,sentence-transformers/all-MiniLM-L6-v2,0.7737671982427994,0.785,base,Prolific,https://www.prolific.com/pricing,2026-07-12,0.09519999999999999,0.004,9.52,0.4,9.92
ag_news,hybrid_al,100,1,sentence_transformer_logreg,sentence-transformers/all-MiniLM-L6-v2,0.7737671982427994,0.785,high,Prolific,https://www.prolific.com/pricing,2026-07-12,0.42839999999999995,0.004,42.839999999999996,0.4,43.239999999999995
ag_news,hybrid_al,250,1,sentence_transformer_logreg,sentence-transformers/all-MiniLM-L6-v2,0.8412213867183029,0.841,low,Amazon Mechanical Turk,https://www.mturk.com/pricing,2026-07-12,0.04,0.004,10.0,1.0,11.0
ag_news,hybrid_al,250,1,sentence_transformer_logreg,sentence-transformers/all-MiniLM-L6-v2,0.8412213867183029,0.841,base,Prolific,https://www.prolific.com/pricing,2026-07-12,0.09519999999999999,0.004,23.799999999999997,1.0,24.799999999999997
ag_news,hybrid_al,250,1,sentence_transformer_logreg,sentence-transformers/all-MiniLM-L6-v2,0.8412213867183029,0.841,high,Prolific,https://www.prolific.com/pricing,2026-07-12,0.42839999999999995,0.004,107.09999999999998,1.0,108.09999999999998
ag_news,hybrid_al,500,1,sentence_transformer_logreg,sentence-transformers/all-MiniLM-L6-v2,0.83391344703225,0.834,low,Amazon Mechanical Turk,https://www.mturk.com/pricing,2026-07-12,0.04,0.004,20.0,2.0,22.0
ag_news,hybrid_al,500,1,sentence_transformer_logreg,sentence-transformers/all-MiniLM-L6-v2,0.83391344703225,0.834,base,Prolific,https://www.prolific.com/pricing,2026-07-12,0.09519999999999999,0.004,47.599999999999994,2.0,49.599999999999994
ag_news,hybrid_al,500,1,sentence_transformer_logreg,sentence-transformers/all-MiniLM-L6-v2,0.83391344703225,0.834,high,Prolific,https://www.prolific.com/pricing,2026-07-12,0.42839999999999995,0.004,214.19999999999996,2.0,216.19999999999996
ag_news,hybrid_al,1000,1,sentence_transformer_logreg,sentence-transformers/all-MiniLM-L6-v2,0.8581520076725467,0.858,low,Amazon Mechanical Turk,https://www.mturk.com/pricing,2026-07-12,0.04,0.004,40.0,4.0,44.0
ag_news,hybrid_al,1000,1,sentence_transformer_logreg,sentence-transformers/all-MiniLM-L6-v2,0.8581520076725467,0.858,base,Prolific,https://www.prolific.com/pricing,2026-07-12,0.09519999999999999,0.004,95.19999999999999,4.0,99.19999999999999
ag_news,hybrid_al,1000,1,sentence_transformer_logreg,sentence-transformers/all-MiniLM-L6-v2,0.8581520076725467,0.858,high,Prolific,https://www.prolific.com/pricing,2026-07-12,0.42839999999999995,0.004,428.3999999999999,4.0,432.3999999999999
ag_news,random,50,2,sentence_transformer_logreg,sentence-transformers/all-MiniLM-L6-v2,0.5270646715478842,0.587,low,Amazon Mechanical Turk,https://www.mturk.com/pricing,2026-07-12,0.04,0.0,2.0,0.0,2.0
ag_news,random,50,2,sentence_transformer_logreg,sentence-transformers/all-MiniLM-L6-v2,0.5270646715478842,0.587,base,Prolific,https://www.prolific.com/pricing,2026-07-12,0.09519999999999999,0.0,4.76,0.0,4.76
ag_news,random,50,2,sentence_transformer_logreg,sentence-transformers/all-MiniLM-L6-v2,0.5270646715478842,0.587,high,Prolific,https://www.prolific.com/pricing,2026-07-12,0.42839999999999995,0.0,21.419999999999998,0.0,21.419999999999998
ag_news,random,100,2,sentence_transformer_logreg,sentence-transformers/all-MiniLM-L6-v2,0.7960264111166987,0.796,low,Amazon Mechanical Turk,https://www.mturk.com/pricing,2026-07-12,0.04,0.0,4.0,0.0,4.0
ag_news,random,100,2,sentence_transformer_logreg,sentence-transformers/all-MiniLM-L6-v2,0.7960264111166987,0.796,base,Prolific,https://www.prolific.com/pricing,2026-07-12,0.09519999999999999,0.0,9.52,0.0,9.52
ag_news,random,100,2,sentence_transformer_logreg,sentence-transformers/all-MiniLM-L6-v2,0.7960264111166987,0.796,high,Prolific,https://www.prolific.com/pricing,2026-07-12,0.42839999999999995,0.0,42.839999999999996,0.0,42.839999999999996
ag_news,random,250,2,sentence_transformer_logreg,sentence-transformers/all-MiniLM-L6-v2,0.8393509507896848,0.839,low,Amazon Mechanical Turk,https://www.mturk.com/pricing,2026-07-12,0.04,0.0,10.0,0.0,10.0
ag_news,random,250,2,sentence_transformer_logreg,sentence-transformers/all-MiniLM-L6-v2,0.8393509507896848,0.839,base,Prolific,https://www.prolific.com/pricing,2026-07-12,0.09519999999999999,0.0,23.799999999999997,0.0,23.799999999999997
ag_news,random,250,2,sentence_transformer_logreg,sentence-transformers/all-MiniLM-L6-v2,0.8393509507896848,0.839,high,Prolific,https://www.prolific.com/pricing,2026-07-12,0.42839999999999995,0.0,107.09999999999998,0.0,107.09999999999998
ag_news,random,500,2,sentence_transformer_logreg,sentence-transformers/all-MiniLM-L6-v2,0.843504668426648,0.843,low,Amazon Mechanical Turk,https://www.mturk.com/pricing,2026-07-12,0.04,0.0,20.0,0.0,20.0
ag_news,random,500,2,sentence_transformer_logreg,sentence-transformers/all-MiniLM-L6-v2,0.843504668426648,0.843,base,Prolific,https://www.prolific.com/pricing,2026-07-12,0.09519999999999999,0.0,47.599999999999994,0.0,47.599999999999994
ag_news,random,500,2,sentence_transformer_logreg,sentence-transformers/all-MiniLM-L6-v2,0.843504668426648,0.843,high,Prolific,https://www.prolific.com/pricing,2026-07-12,0.42839999999999995,0.0,214.19999999999996,0.0,214.19999999999996
ag_news,random,1000,2,sentence_transformer_logreg,sentence-transformers/all-MiniLM-L6-v2,0.8522779973222563,0.852,low,Amazon Mechanical Turk,https://www.mturk.com/pricing,2026-07-12,0.04,0.0,40.0,0.0,40.0
ag_news,random,1000,2,sentence_transformer_logreg,sentence-transformers/all-MiniLM-L6-v2,0.8522779973222563,0.852,base,Prolific,https://www.prolific.com/pricing,2026-07-12,0.09519999999999999,0.0,95.19999999999999,0.0,95.19999999999999
ag_news,random,1000,2,sentence_transformer_logreg,sentence-transformers/all-MiniLM-L6-v2,0.8522779973222563,0.852,high,Prolific,https://www.prolific.com/pricing,2026-07-12,0.42839999999999995,0.0,428.3999999999999,0.0,428.3999999999999
ag_news,uncertainty_al,50,2,sentence_transformer_logreg,sentence-transformers/all-MiniLM-L6-v2,0.35453382072718864,0.427,low,Amazon Mechanical Turk,https://www.mturk.com/pricing,2026-07-12,0.04,0.002,2.0,0.1,2.1
ag_news,uncertainty_al,50,2,sentence_transformer_logreg,sentence-transformers/all-MiniLM-L6-v2,0.35453382072718864,0.427,base,Prolific,https://www.prolific.com/pricing,2026-07-12,0.09519999999999999,0.002,4.76,0.1,4.859999999999999
ag_news,uncertainty_al,50,2,sentence_transformer_logreg,sentence-transformers/all-MiniLM-L6-v2,0.35453382072718864,0.427,high,Prolific,https://www.prolific.com/pricing,2026-07-12,0.42839999999999995,0.002,21.419999999999998,0.1,21.52
ag_news,uncertainty_al,100,2,sentence_transformer_logreg,sentence-transformers/all-MiniLM-L6-v2,0.31316825801016424,0.456,low,Amazon Mechanical Turk,https://www.mturk.com/pricing,2026-07-12,0.04,0.002,4.0,0.2,4.2
ag_news,uncertainty_al,100,2,sentence_transformer_logreg,sentence-transformers/all-MiniLM-L6-v2,0.31316825801016424,0.456,base,Prolific,https://www.prolific.com/pricing,2026-07-12,0.09519999999999999,0.002,9.52,0.2,9.719999999999999
ag_news,uncertainty_al,100,2,sentence_transformer_logreg,sentence-transformers/all-MiniLM-L6-v2,0.31316825801016424,0.456,high,Prolific,https://www.prolific.com/pricing,2026-07-12,0.42839999999999995,0.002,42.839999999999996,0.2,43.04
ag_news,uncertainty_al,250,2,sentence_transformer_logreg,sentence-transformers/all-MiniLM-L6-v2,0.7718845142343889,0.78,low,Amazon Mechanical Turk,https://www.mturk.com/pricing,2026-07-12,0.04,0.002,10.0,0.5,10.5
ag_news,uncertainty_al,250,2,sentence_transformer_logreg,sentence-transformers/all-MiniLM-L6-v2,0.7718845142343889,0.78,base,Prolific,https://www.prolific.com/pricing,2026-07-12,0.09519999999999999,0.002,23.799999999999997,0.5,24.299999999999997
ag_news,uncertainty_al,250,2,sentence_transformer_logreg,sentence-transformers/all-MiniLM-L6-v2,0.7718845142343889,0.78,high,Prolific,https://www.prolific.com/pricing,2026-07-12,0.42839999999999995,0.002,107.09999999999998,0.5,107.59999999999998
ag_news,uncertainty_al,500,2,sentence_transformer_logreg,sentence-transformers/all-MiniLM-L6-v2,0.8322070998025859,0.833,low,Amazon Mechanical Turk,https://www.mturk.com/pricing,2026-07-12,0.04,0.002,20.0,1.0,21.0
ag_news,uncertainty_al,500,2,sentence_transformer_logreg,sentence-transformers/all-MiniLM-L6-v2,0.8322070998025859,0.833,base,Prolific,https://www.prolific.com/pricing,2026-07-12,0.09519999999999999,0.002,47.599999999999994,1.0,48.599999999999994
ag_news,uncertainty_al,500,2,sentence_transformer_logreg,sentence-transformers/all-MiniLM-L6-v2,0.8322070998025859,0.833,high,Prolific,https://www.prolific.com/pricing,2026-07-12,0.42839999999999995,0.002,214.19999999999996,1.0,215.19999999999996
ag_news,uncertainty_al,1000,2,sentence_transformer_logreg,sentence-transformers/all-MiniLM-L6-v2,0.8570177186996257,0.857,low,Amazon Mechanical Turk,https://www.mturk.com/pricing,2026-07-12,0.04,0.002,40.0,2.0,42.0
ag_news,uncertainty_al,1000,2,sentence_transformer_logreg,sentence-transformers/all-MiniLM-L6-v2,0.8570177186996257,0.857,base,Prolific,https://www.prolific.com/pricing,2026-07-12,0.09519999999999999,0.002,95.19999999999999,2.0,97.19999999999999
ag_news,uncertainty_al,1000,2,sentence_transformer_logreg,sentence-transformers/all-MiniLM-L6-v2,0.8570177186996257,0.857,high,Prolific,https://www.prolific.com/pricing,2026-07-12,0.42839999999999995,0.002,428.3999999999999,2.0,430.3999999999999
ag_news,diversity_al,50,2,sentence_transformer_logreg,sentence-transformers/all-MiniLM-L6-v2,0.4288583192554641,0.49,low,Amazon Mechanical Turk,https://www.mturk.com/pricing,2026-07-12,0.04,0.003,2.0,0.15,2.15
ag_news,diversity_al,50,2,sentence_transformer_logreg,sentence-transformers/all-MiniLM-L6-v2,0.4288583192554641,0.49,base,Prolific,https://www.prolific.com/pricing,2026-07-12,0.09519999999999999,0.003,4.76,0.15,4.91
ag_news,diversity_al,50,2,sentence_transformer_logreg,sentence-transformers/all-MiniLM-L6-v2,0.4288583192554641,0.49,high,Prolific,https://www.prolific.com/pricing,2026-07-12,0.42839999999999995,0.003,21.419999999999998,0.15,21.569999999999997
ag_news,diversity_al,100,2,sentence_transformer_logreg,sentence-transformers/all-MiniLM-L6-v2,0.7094364090960981,0.705,low,Amazon Mechanical Turk,https://www.mturk.com/pricing,2026-07-12,0.04,0.003,4.0,0.3,4.3
ag_news,diversity_al,100,2,sentence_transformer_logreg,sentence-transformers/all-MiniLM-L6-v2,0.7094364090960981,0.705,base,Prolific,https://www.prolific.com/pricing,2026-07-12,0.09519999999999999,0.003,9.52,0.3,9.82
ag_news,diversity_al,100,2,sentence_transformer_logreg,sentence-transformers/all-MiniLM-L6-v2,0.7094364090960981,0.705,high,Prolific,https://www.prolific.com/pricing,2026-07-12,0.42839999999999995,0.003,42.839999999999996,0.3,43.13999999999999
ag_news,diversity_al,250,2,sentence_transformer_logreg,sentence-transformers/all-MiniLM-L6-v2,0.8281182219841601,0.827,low,Amazon Mechanical Turk,https://www.mturk.com/pricing,2026-07-12,0.04,0.003,10.0,0.75,10.75
ag_news,diversity_al,250,2,sentence_transformer_logreg,sentence-transformers/all-MiniLM-L6-v2,0.8281182219841601,0.827,base,Prolific,https://www.prolific.com/pricing,2026-07-12,0.09519999999999999,0.003,23.799999999999997,0.75,24.549999999999997
ag_news,diversity_al,250,2,sentence_transformer_logreg,sentence-transformers/all-MiniLM-L6-v2,0.8281182219841601,0.827,high,Prolific,https://www.prolific.com/pricing,2026-07-12,0.42839999999999995,0.003,107.09999999999998,0.75,107.84999999999998
ag_news,diversity_al,500,2,sentence_transformer_logreg,sentence-transformers/all-MiniLM-L6-v2,0.8368960293847799,0.837,low,Amazon Mechanical Turk,https://www.mturk.com/pricing,2026-07-12,0.04,0.003,20.0,1.5,21.5
ag_news,diversity_al,500,2,sentence_transformer_logreg,sentence-transformers/all-MiniLM-L6-v2,0.8368960293847799,0.837,base,Prolific,https://www.prolific.com/pricing,2026-07-12,0.09519999999999999,0.003,47.599999999999994,1.5,49.099999999999994
ag_news,diversity_al,500,2,sentence_transformer_logreg,sentence-transformers/all-MiniLM-L6-v2,0.8368960293847799,0.837,high,Prolific,https://www.prolific.com/pricing,2026-07-12,0.42839999999999995,0.003,214.19999999999996,1.5,215.69999999999996
ag_news,diversity_al,1000,2,sentence_transformer_logreg,sentence-transformers/all-MiniLM-L6-v2,0.8510669959647348,0.851,low,Amazon Mechanical Turk,https://www.mturk.com/pricing,2026-07-12,0.04,0.003,40.0,3.0,43.0
ag_news,diversity_al,1000,2,sentence_transformer_logreg,sentence-transformers/all-MiniLM-L6-v2,0.8510669959647348,0.851,base,Prolific,https://www.prolific.com/pricing,2026-07-12,0.09519999999999999,0.003,95.19999999999999,3.0,98.19999999999999
ag_news,diversity_al,1000,2,sentence_transformer_logreg,sentence-transformers/all-MiniLM-L6-v2,0.8510669959647348,0.851,high,Prolific,https://www.prolific.com/pricing,2026-07-12,0.42839999999999995,0.003,428.3999999999999,3.0,431.3999999999999
ag_news,hybrid_al,50,2,sentence_transformer_logreg,sentence-transformers/all-MiniLM-L6-v2,0.6663193244478054,0.673,low,Amazon Mechanical Turk,https://www.mturk.com/pricing,2026-07-12,0.04,0.004,2.0,0.2,2.2
ag_news,hybrid_al,50,2,sentence_transformer_logreg,sentence-transformers/all-MiniLM-L6-v2,0.6663193244478054,0.673,base,Prolific,https://www.prolific.com/pricing,2026-07-12,0.09519999999999999,0.004,4.76,0.2,4.96
ag_news,hybrid_al,50,2,sentence_transformer_logreg,sentence-transformers/all-MiniLM-L6-v2,0.6663193244478054,0.673,high,Prolific,https://www.prolific.com/pricing,2026-07-12,0.42839999999999995,0.004,21.419999999999998,0.2,21.619999999999997
ag_news,hybrid_al,100,2,sentence_transformer_logreg,sentence-transformers/all-MiniLM-L6-v2,0.8186944515632454,0.818,low,Amazon Mechanical Turk,https://www.mturk.com/pricing,2026-07-12,0.04,0.004,4.0,0.4,4.4
ag_news,hybrid_al,100,2,sentence_transformer_logreg,sentence-transformers/all-MiniLM-L6-v2,0.8186944515632454,0.818,base,Prolific,https://www.prolific.com/pricing,2026-07-12,0.09519999999999999,0.004,9.52,0.4,9.92
ag_news,hybrid_al,100,2,sentence_transformer_logreg,sentence-transformers/all-MiniLM-L6-v2,0.8186944515632454,0.818,high,Prolific,https://www.prolific.com/pricing,2026-07-12,0.42839999999999995,0.004,42.839999999999996,0.4,43.239999999999995
ag_news,hybrid_al,250,2,sentence_transformer_logreg,sentence-transformers/all-MiniLM-L6-v2,0.8352794307387852,0.836,low,Amazon Mechanical Turk,https://www.mturk.com/pricing,2026-07-12,0.04,0.004,10.0,1.0,11.0
ag_news,hybrid_al,250,2,sentence_transformer_logreg,sentence-transformers/all-MiniLM-L6-v2,0.8352794307387852,0.836,base,Prolific,https://www.prolific.com/pricing,2026-07-12,0.09519999999999999,0.004,23.799999999999997,1.0,24.799999999999997
ag_news,hybrid_al,250,2,sentence_transformer_logreg,sentence-transformers/all-MiniLM-L6-v2,0.8352794307387852,0.836,high,Prolific,https://www.prolific.com/pricing,2026-07-12,0.42839999999999995,0.004,107.09999999999998,1.0,108.09999999999998
ag_news,hybrid_al,500,2,sentence_transformer_logreg,sentence-transformers/all-MiniLM-L6-v2,0.8404896298146501,0.841,low,Amazon Mechanical Turk,https://www.mturk.com/pricing,2026-07-12,0.04,0.004,20.0,2.0,22.0
ag_news,hybrid_al,500,2,sentence_transformer_logreg,sentence-transformers/all-MiniLM-L6-v2,0.8404896298146501,0.841,base,Prolific,https://www.prolific.com/pricing,2026-07-12,0.09519999999999999,0.004,47.599999999999994,2.0,49.599999999999994
ag_news,hybrid_al,500,2,sentence_transformer_logreg,sentence-transformers/all-MiniLM-L6-v2,0.8404896298146501,0.841,high,Prolific,https://www.prolific.com/pricing,2026-07-12,0.42839999999999995,0.004,214.19999999999996,2.0,216.19999999999996
ag_news,hybrid_al,1000,2,sentence_transformer_logreg,sentence-transformers/all-MiniLM-L6-v2,0.8490049578851661,0.849,low,Amazon Mechanical Turk,https://www.mturk.com/pricing,2026-07-12,0.04,0.004,40.0,4.0,44.0
ag_news,hybrid_al,1000,2,sentence_transformer_logreg,sentence-transformers/all-MiniLM-L6-v2,0.8490049578851661,0.849,base,Prolific,https://www.prolific.com/pricing,2026-07-12,0.09519999999999999,0.004,95.19999999999999,4.0,99.19999999999999
ag_news,hybrid_al,1000,2,sentence_transformer_logreg,sentence-transformers/all-MiniLM-L6-v2,0.8490049578851661,0.849,high,Prolific,https://www.prolific.com/pricing,2026-07-12,0.42839999999999995,0.004,428.3999999999999,4.0,432.3999999999999
sst2,random,50,0,sentence_transformer_logreg,sentence-transformers/all-MiniLM-L6-v2,0.5656887406201607,0.611,low,Amazon Mechanical Turk,https://www.mturk.com/pricing,2026-07-12,0.04,0.0,2.0,0.0,2.0
sst2,random,50,0,sentence_transformer_logreg,sentence-transformers/all-MiniLM-L6-v2,0.5656887406201607,0.611,base,Prolific,https://www.prolific.com/pricing,2026-07-12,0.09519999999999999,0.0,4.76,0.0,4.76
sst2,random,50,0,sentence_transformer_logreg,sentence-transformers/all-MiniLM-L6-v2,0.5656887406201607,0.611,high,Prolific,https://www.prolific.com/pricing,2026-07-12,0.42839999999999995,0.0,21.419999999999998,0.0,21.419999999999998
sst2,random,100,0,sentence_transformer_logreg,sentence-transformers/all-MiniLM-L6-v2,0.689442271225901,0.698,low,Amazon Mechanical Turk,https://www.mturk.com/pricing,2026-07-12,0.04,0.0,4.0,0.0,4.0
sst2,random,100,0,sentence_transformer_logreg,sentence-transformers/all-MiniLM-L6-v2,0.689442271225901,0.698,base,Prolific,https://www.prolific.com/pricing,2026-07-12,0.09519999999999999,0.0,9.52,0.0,9.52
sst2,random,100,0,sentence_transformer_logreg,sentence-transformers/all-MiniLM-L6-v2,0.689442271225901,0.698,high,Prolific,https://www.prolific.com/pricing,2026-07-12,0.42839999999999995,0.0,42.839999999999996,0.0,42.839999999999996
sst2,random,250,0,sentence_transformer_logreg,sentence-transformers/all-MiniLM-L6-v2,0.783830523130134,0.784,low,Amazon Mechanical Turk,https://www.mturk.com/pricing,2026-07-12,0.04,0.0,10.0,0.0,10.0
sst2,random,250,0,sentence_transformer_logreg,sentence-transformers/all-MiniLM-L6-v2,0.783830523130134,0.784,base,Prolific,https://www.prolific.com/pricing,2026-07-12,0.09519999999999999,0.0,23.799999999999997,0.0,23.799999999999997
sst2,random,250,0,sentence_transformer_logreg,sentence-transformers/all-MiniLM-L6-v2,0.783830523130134,0.784,high,Prolific,https://www.prolific.com/pricing,2026-07-12,0.42839999999999995,0.0,107.09999999999998,0.0,107.09999999999998
sst2,random,500,0,sentence_transformer_logreg,sentence-transformers/all-MiniLM-L6-v2,0.7939332343679353,0.794,low,Amazon Mechanical Turk,https://www.mturk.com/pricing,2026-07-12,0.04,0.0,20.0,0.0,20.0
sst2,random,500,0,sentence_transformer_logreg,sentence-transformers/all-MiniLM-L6-v2,0.7939332343679353,0.794,base,Prolific,https://www.prolific.com/pricing,2026-07-12,0.09519999999999999,0.0,47.599999999999994,0.0,47.599999999999994
sst2,random,500,0,sentence_transformer_logreg,sentence-transformers/all-MiniLM-L6-v2,0.7939332343679353,0.794,high,Prolific,https://www.prolific.com/pricing,2026-07-12,0.42839999999999995,0.0,214.19999999999996,0.0,214.19999999999996
sst2,random,1000,0,sentence_transformer_logreg,sentence-transformers/all-MiniLM-L6-v2,0.7989901505173753,0.799,low,Amazon Mechanical Turk,https://www.mturk.com/pricing,2026-07-12,0.04,0.0,40.0,0.0,40.0
sst2,random,1000,0,sentence_transformer_logreg,sentence-transformers/all-MiniLM-L6-v2,0.7989901505173753,0.799,base,Prolific,https://www.prolific.com/pricing,2026-07-12,0.09519999999999999,0.0,95.19999999999999,0.0,95.19999999999999
sst2,random,1000,0,sentence_transformer_logreg,sentence-transformers/all-MiniLM-L6-v2,0.7989901505173753,0.799,high,Prolific,https://www.prolific.com/pricing,2026-07-12,0.42839999999999995,0.0,428.3999999999999,0.0,428.3999999999999
sst2,uncertainty_al,50,0,sentence_transformer_logreg,sentence-transformers/all-MiniLM-L6-v2,0.36484602509457403,0.523,low,Amazon Mechanical Turk,https://www.mturk.com/pricing,2026-07-12,0.04,0.002,2.0,0.1,2.1
sst2,uncertainty_al,50,0,sentence_transformer_logreg,sentence-transformers/all-MiniLM-L6-v2,0.36484602509457403,0.523,base,Prolific,https://www.prolific.com/pricing,2026-07-12,0.09519999999999999,0.002,4.76,0.1,4.859999999999999
sst2,uncertainty_al,50,0,sentence_transformer_logreg,sentence-transformers/all-MiniLM-L6-v2,0.36484602509457403,0.523,high,Prolific,https://www.prolific.com/pricing,2026-07-12,0.42839999999999995,0.002,21.419999999999998,0.1,21.52
sst2,uncertainty_al,100,0,sentence_transformer_logreg,sentence-transformers/all-MiniLM-L6-v2,0.7126436781609196,0.72,low,Amazon Mechanical Turk,https://www.mturk.com/pricing,2026-07-12,0.04,0.002,4.0,0.2,4.2
sst2,uncertainty_al,100,0,sentence_transformer_logreg,sentence-transformers/all-MiniLM-L6-v2,0.7126436781609196,0.72,base,Prolific,https://www.prolific.com/pricing,2026-07-12,0.09519999999999999,0.002,9.52,0.2,9.719999999999999
sst2,uncertainty_al,100,0,sentence_transformer_logreg,sentence-transformers/all-MiniLM-L6-v2,0.7126436781609196,0.72,high,Prolific,https://www.prolific.com/pricing,2026-07-12,0.42839999999999995,0.002,42.839999999999996,0.2,43.04
sst2,uncertainty_al,250,0,sentence_transformer_logreg,sentence-transformers/all-MiniLM-L6-v2,0.775942641316177,0.776,low,Amazon Mechanical Turk,https://www.mturk.com/pricing,2026-07-12,0.04,0.002,10.0,0.5,10.5
sst2,uncertainty_al,250,0,sentence_transformer_logreg,sentence-transformers/all-MiniLM-L6-v2,0.775942641316177,0.776,base,Prolific,https://www.prolific.com/pricing,2026-07-12,0.09519999999999999,0.002,23.799999999999997,0.5,24.299999999999997
sst2,uncertainty_al,250,0,sentence_transformer_logreg,sentence-transformers/all-MiniLM-L6-v2,0.775942641316177,0.776,high,Prolific,https://www.prolific.com/pricing,2026-07-12,0.42839999999999995,0.002,107.09999999999998,0.5,107.59999999999998
sst2,uncertainty_al,500,0,sentence_transformer_logreg,sentence-transformers/all-MiniLM-L6-v2,0.7936698717948718,0.794,low,Amazon Mechanical Turk,https://www.mturk.com/pricing,2026-07-12,0.04,0.002,20.0,1.0,21.0
sst2,uncertainty_al,500,0,sentence_transformer_logreg,sentence-transformers/all-MiniLM-L6-v2,0.7936698717948718,0.794,base,Prolific,https://www.prolific.com/pricing,2026-07-12,0.09519999999999999,0.002,47.599999999999994,1.0,48.599999999999994
sst2,uncertainty_al,500,0,sentence_transformer_logreg,sentence-transformers/all-MiniLM-L6-v2,0.7936698717948718,0.794,high,Prolific,https://www.prolific.com/pricing,2026-07-12,0.42839999999999995,0.002,214.19999999999996,1.0,215.19999999999996
sst2,uncertainty_al,1000,0,sentence_transformer_logreg,sentence-transformers/all-MiniLM-L6-v2,0.8019492990205492,0.802,low,Amazon Mechanical Turk,https://www.mturk.com/pricing,2026-07-12,0.04,0.002,40.0,2.0,42.0
sst2,uncertainty_al,1000,0,sentence_transformer_logreg,sentence-transformers/all-MiniLM-L6-v2,0.8019492990205492,0.802,base,Prolific,https://www.prolific.com/pricing,2026-07-12,0.09519999999999999,0.002,95.19999999999999,2.0,97.19999999999999
sst2,uncertainty_al,1000,0,sentence_transformer_logreg,sentence-transformers/all-MiniLM-L6-v2,0.8019492990205492,0.802,high,Prolific,https://www.prolific.com/pricing,2026-07-12,0.42839999999999995,0.002,428.3999999999999,2.0,430.3999999999999
sst2,diversity_al,50,0,sentence_transformer_logreg,sentence-transformers/all-MiniLM-L6-v2,0.6663954784749753,0.69,low,Amazon Mechanical Turk,https://www.mturk.com/pricing,2026-07-12,0.04,0.003,2.0,0.15,2.15
sst2,diversity_al,50,0,sentence_transformer_logreg,sentence-transformers/all-MiniLM-L6-v2,0.6663954784749753,0.69,base,Prolific,https://www.prolific.com/pricing,2026-07-12,0.09519999999999999,0.003,4.76,0.15,4.91
sst2,diversity_al,50,0,sentence_transformer_logreg,sentence-transformers/all-MiniLM-L6-v2,0.6663954784749753,0.69,high,Prolific,https://www.prolific.com/pricing,2026-07-12,0.42839999999999995,0.003,21.419999999999998,0.15,21.569999999999997
sst2,diversity_al,100,0,sentence_transformer_logreg,sentence-transformers/all-MiniLM-L6-v2,0.716716507392669,0.725,low,Amazon Mechanical Turk,https://www.mturk.com/pricing,2026-07-12,0.04,0.003,4.0,0.3,4.3
sst2,diversity_al,100,0,sentence_transformer_logreg,sentence-transformers/all-MiniLM-L6-v2,0.716716507392669,0.725,base,Prolific,https://www.prolific.com/pricing,2026-07-12,0.09519999999999999,0.003,9.52,0.3,9.82
sst2,diversity_al,100,0,sentence_transformer_logreg,sentence-transformers/all-MiniLM-L6-v2,0.716716507392669,0.725,high,Prolific,https://www.prolific.com/pricing,2026-07-12,0.42839999999999995,0.003,42.839999999999996,0.3,43.13999999999999
sst2,diversity_al,250,0,sentence_transformer_logreg,sentence-transformers/all-MiniLM-L6-v2,0.7529542138448493,0.755,low,Amazon Mechanical Turk,https://www.mturk.com/pricing,2026-07-12,0.04,0.003,10.0,0.75,10.75
sst2,diversity_al,250,0,sentence_transformer_logreg,sentence-transformers/all-MiniLM-L6-v2,0.7529542138448493,0.755,base,Prolific,https://www.prolific.com/pricing,2026-07-12,0.09519999999999999,0.003,23.799999999999997,0.75,24.549999999999997
sst2,diversity_al,250,0,sentence_transformer_logreg,sentence-transformers/all-MiniLM-L6-v2,0.7529542138448493,0.755,high,Prolific,https://www.prolific.com/pricing,2026-07-12,0.42839999999999995,0.003,107.09999999999998,0.75,107.84999999999998
sst2,diversity_al,500,0,sentence_transformer_logreg,sentence-transformers/all-MiniLM-L6-v2,0.7769623066298204,0.777,low,Amazon Mechanical Turk,https://www.mturk.com/pricing,2026-07-12,0.04,0.003,20.0,1.5,21.5
sst2,diversity_al,500,0,sentence_transformer_logreg,sentence-transformers/all-MiniLM-L6-v2,0.7769623066298204,0.777,base,Prolific,https://www.prolific.com/pricing,2026-07-12,0.09519999999999999,0.003,47.599999999999994,1.5,49.099999999999994
sst2,diversity_al,500,0,sentence_transformer_logreg,sentence-transformers/all-MiniLM-L6-v2,0.7769623066298204,0.777,high,Prolific,https://www.prolific.com/pricing,2026-07-12,0.42839999999999995,0.003,214.19999999999996,1.5,215.69999999999996
sst2,diversity_al,1000,0,sentence_transformer_logreg,sentence-transformers/all-MiniLM-L6-v2,0.7969997969997971,0.797,low,Amazon Mechanical Turk,https://www.mturk.com/pricing,2026-07-12,0.04,0.003,40.0,3.0,43.0
sst2,diversity_al,1000,0,sentence_transformer_logreg,sentence-transformers/all-MiniLM-L6-v2,0.7969997969997971,0.797,base,Prolific,https://www.prolific.com/pricing,2026-07-12,0.09519999999999999,0.003,95.19999999999999,3.0,98.19999999999999
sst2,diversity_al,1000,0,sentence_transformer_logreg,sentence-transformers/all-MiniLM-L6-v2,0.7969997969997971,0.797,high,Prolific,https://www.prolific.com/pricing,2026-07-12,0.42839999999999995,0.003,428.3999999999999,3.0,431.3999999999999
sst2,hybrid_al,50,0,sentence_transformer_logreg,sentence-transformers/all-MiniLM-L6-v2,0.7021633769257845,0.703,low,Amazon Mechanical Turk,https://www.mturk.com/pricing,2026-07-12,0.04,0.004,2.0,0.2,2.2
sst2,hybrid_al,50,0,sentence_transformer_logreg,sentence-transformers/all-MiniLM-L6-v2,0.7021633769257845,0.703,base,Prolific,https://www.prolific.com/pricing,2026-07-12,0.09519999999999999,0.004,4.76,0.2,4.96
sst2,hybrid_al,50,0,sentence_transformer_logreg,sentence-transformers/all-MiniLM-L6-v2,0.7021633769257845,0.703,high,Prolific,https://www.prolific.com/pricing,2026-07-12,0.42839999999999995,0.004,21.419999999999998,0.2,21.619999999999997
sst2,hybrid_al,100,0,sentence_transformer_logreg,sentence-transformers/all-MiniLM-L6-v2,0.7388373117788406,0.741,low,Amazon Mechanical Turk,https://www.mturk.com/pricing,2026-07-12,0.04,0.004,4.0,0.4,4.4
sst2,hybrid_al,100,0,sentence_transformer_logreg,sentence-transformers/all-MiniLM-L6-v2,0.7388373117788406,0.741,base,Prolific,https://www.prolific.com/pricing,2026-07-12,0.09519999999999999,0.004,9.52,0.4,9.92
sst2,hybrid_al,100,0,sentence_transformer_logreg,sentence-transformers/all-MiniLM-L6-v2,0.7388373117788406,0.741,high,Prolific,https://www.prolific.com/pricing,2026-07-12,0.42839999999999995,0.004,42.839999999999996,0.4,43.239999999999995
sst2,hybrid_al,250,0,sentence_transformer_logreg,sentence-transformers/all-MiniLM-L6-v2,0.7587372648814559,0.759,low,Amazon Mechanical Turk,https://www.mturk.com/pricing,2026-07-12,0.04,0.004,10.0,1.0,11.0
sst2,hybrid_al,250,0,sentence_transformer_logreg,sentence-transformers/all-MiniLM-L6-v2,0.7587372648814559,0.759,base,Prolific,https://www.prolific.com/pricing,2026-07-12,0.09519999999999999,0.004,23.799999999999997,1.0,24.799999999999997
sst2,hybrid_al,250,0,sentence_transformer_logreg,sentence-transformers/all-MiniLM-L6-v2,0.7587372648814559,0.759,high,Prolific,https://www.prolific.com/pricing,2026-07-12,0.42839999999999995,0.004,107.09999999999998,1.0,108.09999999999998
sst2,hybrid_al,500,0,sentence_transformer_logreg,sentence-transformers/all-MiniLM-L6-v2,0.7996794871794872,0.8,low,Amazon Mechanical Turk,https://www.mturk.com/pricing,2026-07-12,0.04,0.004,20.0,2.0,22.0
sst2,hybrid_al,500,0,sentence_transformer_logreg,sentence-transformers/all-MiniLM-L6-v2,0.7996794871794872,0.8,base,Prolific,https://www.prolific.com/pricing,2026-07-12,0.09519999999999999,0.004,47.599999999999994,2.0,49.599999999999994
sst2,hybrid_al,500,0,sentence_transformer_logreg,sentence-transformers/all-MiniLM-L6-v2,0.7996794871794872,0.8,high,Prolific,https://www.prolific.com/pricing,2026-07-12,0.42839999999999995,0.004,214.19999999999996,2.0,216.19999999999996
sst2,hybrid_al,1000,0,sentence_transformer_logreg,sentence-transformers/all-MiniLM-L6-v2,0.7986938132900141,0.799,low,Amazon Mechanical Turk,https://www.mturk.com/pricing,2026-07-12,0.04,0.004,40.0,4.0,44.0
sst2,hybrid_al,1000,0,sentence_transformer_logreg,sentence-transformers/all-MiniLM-L6-v2,0.7986938132900141,0.799,base,Prolific,https://www.prolific.com/pricing,2026-07-12,0.09519999999999999,0.004,95.19999999999999,4.0,99.19999999999999
sst2,hybrid_al,1000,0,sentence_transformer_logreg,sentence-transformers/all-MiniLM-L6-v2,0.7986938132900141,0.799,high,Prolific,https://www.prolific.com/pricing,2026-07-12,0.42839999999999995,0.004,428.3999999999999,4.0,432.3999999999999
sst2,random,50,1,sentence_transformer_logreg,sentence-transformers/all-MiniLM-L6-v2,0.5501451804190466,0.604,low,Amazon Mechanical Turk,https://www.mturk.com/pricing,2026-07-12,0.04,0.0,2.0,0.0,2.0
sst2,random,50,1,sentence_transformer_logreg,sentence-transformers/all-MiniLM-L6-v2,0.5501451804190466,0.604,base,Prolific,https://www.prolific.com/pricing,2026-07-12,0.09519999999999999,0.0,4.76,0.0,4.76
sst2,random,50,1,sentence_transformer_logreg,sentence-transformers/all-MiniLM-L6-v2,0.5501451804190466,0.604,high,Prolific,https://www.prolific.com/pricing,2026-07-12,0.42839999999999995,0.0,21.419999999999998,0.0,21.419999999999998
sst2,random,100,1,sentence_transformer_logreg,sentence-transformers/all-MiniLM-L6-v2,0.6909090909090909,0.694,low,Amazon Mechanical Turk,https://www.mturk.com/pricing,2026-07-12,0.04,0.0,4.0,0.0,4.0
sst2,random,100,1,sentence_transformer_logreg,sentence-transformers/all-MiniLM-L6-v2,0.6909090909090909,0.694,base,Prolific,https://www.prolific.com/pricing,2026-07-12,0.09519999999999999,0.0,9.52,0.0,9.52
sst2,random,100,1,sentence_transformer_logreg,sentence-transformers/all-MiniLM-L6-v2,0.6909090909090909,0.694,high,Prolific,https://www.prolific.com/pricing,2026-07-12,0.42839999999999995,0.0,42.839999999999996,0.0,42.839999999999996
sst2,random,250,1,sentence_transformer_logreg,sentence-transformers/all-MiniLM-L6-v2,0.7798511793972726,0.78,low,Amazon Mechanical Turk,https://www.mturk.com/pricing,2026-07-12,0.04,0.0,10.0,0.0,10.0
sst2,random,250,1,sentence_transformer_logreg,sentence-transformers/all-MiniLM-L6-v2,0.7798511793972726,0.78,base,Prolific,https://www.prolific.com/pricing,2026-07-12,0.09519999999999999,0.0,23.799999999999997,0.0,23.799999999999997
sst2,random,250,1,sentence_transformer_logreg,sentence-transformers/all-MiniLM-L6-v2,0.7798511793972726,0.78,high,Prolific,https://www.prolific.com/pricing,2026-07-12,0.42839999999999995,0.0,107.09999999999998,0.0,107.09999999999998
sst2,random,500,1,sentence_transformer_logreg,sentence-transformers/all-MiniLM-L6-v2,0.78,0.78,low,Amazon Mechanical Turk,https://www.mturk.com/pricing,2026-07-12,0.04,0.0,20.0,0.0,20.0
sst2,random,500,1,sentence_transformer_logreg,sentence-transformers/all-MiniLM-L6-v2,0.78,0.78,base,Prolific,https://www.prolific.com/pricing,2026-07-12,0.09519999999999999,0.0,47.599999999999994,0.0,47.599999999999994
sst2,random,500,1,sentence_transformer_logreg,sentence-transformers/all-MiniLM-L6-v2,0.78,0.78,high,Prolific,https://www.prolific.com/pricing,2026-07-12,0.42839999999999995,0.0,214.19999999999996,0.0,214.19999999999996
sst2,random,1000,1,sentence_transformer_logreg,sentence-transformers/all-MiniLM-L6-v2,0.7949948748718718,0.795,low,Amazon Mechanical Turk,https://www.mturk.com/pricing,2026-07-12,0.04,0.0,40.0,0.0,40.0
sst2,random,1000,1,sentence_transformer_logreg,sentence-transformers/all-MiniLM-L6-v2,0.7949948748718718,0.795,base,Prolific,https://www.prolific.com/pricing,2026-07-12,0.09519999999999999,0.0,95.19999999999999,0.0,95.19999999999999
sst2,random,1000,1,sentence_transformer_logreg,sentence-transformers/all-MiniLM-L6-v2,0.7949948748718718,0.795,high,Prolific,https://www.prolific.com/pricing,2026-07-12,0.42839999999999995,0.0,428.3999999999999,0.0,428.3999999999999
sst2,uncertainty_al,50,1,sentence_transformer_logreg,sentence-transformers/all-MiniLM-L6-v2,0.6811318762538274,0.698,low,Amazon Mechanical Turk,https://www.mturk.com/pricing,2026-07-12,0.04,0.002,2.0,0.1,2.1
sst2,uncertainty_al,50,1,sentence_transformer_logreg,sentence-transformers/all-MiniLM-L6-v2,0.6811318762538274,0.698,base,Prolific,https://www.prolific.com/pricing,2026-07-12,0.09519999999999999,0.002,4.76,0.1,4.859999999999999
sst2,uncertainty_al,50,1,sentence_transformer_logreg,sentence-transformers/all-MiniLM-L6-v2,0.6811318762538274,0.698,high,Prolific,https://www.prolific.com/pricing,2026-07-12,0.42839999999999995,0.002,21.419999999999998,0.1,21.52
sst2,uncertainty_al,100,1,sentence_transformer_logreg,sentence-transformers/all-MiniLM-L6-v2,0.7264293036541818,0.735,low,Amazon Mechanical Turk,https://www.mturk.com/pricing,2026-07-12,0.04,0.002,4.0,0.2,4.2
sst2,uncertainty_al,100,1,sentence_transformer_logreg,sentence-transformers/all-MiniLM-L6-v2,0.7264293036541818,0.735,base,Prolific,https://www.prolific.com/pricing,2026-07-12,0.09519999999999999,0.002,9.52,0.2,9.719999999999999
sst2,uncertainty_al,100,1,sentence_transformer_logreg,sentence-transformers/all-MiniLM-L6-v2,0.7264293036541818,0.735,high,Prolific,https://www.prolific.com/pricing,2026-07-12,0.42839999999999995,0.002,42.839999999999996,0.2,43.04
sst2,uncertainty_al,250,1,sentence_transformer_logreg,sentence-transformers/all-MiniLM-L6-v2,0.7801273253543313,0.781,low,Amazon Mechanical Turk,https://www.mturk.com/pricing,2026-07-12,0.04,0.002,10.0,0.5,10.5
sst2,uncertainty_al,250,1,sentence_transformer_logreg,sentence-transformers/all-MiniLM-L6-v2,0.7801273253543313,0.781,base,Prolific,https://www.prolific.com/pricing,2026-07-12,0.09519999999999999,0.002,23.799999999999997,0.5,24.299999999999997
sst2,uncertainty_al,250,1,sentence_transformer_logreg,sentence-transformers/all-MiniLM-L6-v2,0.7801273253543313,0.781,high,Prolific,https://www.prolific.com/pricing,2026-07-12,0.42839999999999995,0.002,107.09999999999998,0.5,107.59999999999998
sst2,uncertainty_al,500,1,sentence_transformer_logreg,sentence-transformers/all-MiniLM-L6-v2,0.7839248139128188,0.786,low,Amazon Mechanical Turk,https://www.mturk.com/pricing,2026-07-12,0.04,0.002,20.0,1.0,21.0
sst2,uncertainty_al,500,1,sentence_transformer_logreg,sentence-transformers/all-MiniLM-L6-v2,0.7839248139128188,0.786,base,Prolific,https://www.prolific.com/pricing,2026-07-12,0.09519999999999999,0.002,47.599999999999994,1.0,48.599999999999994
sst2,uncertainty_al,500,1,sentence_transformer_logreg,sentence-transformers/all-MiniLM-L6-v2,0.7839248139128188,0.786,high,Prolific,https://www.prolific.com/pricing,2026-07-12,0.42839999999999995,0.002,214.19999999999996,1.0,215.19999999999996
sst2,uncertainty_al,1000,1,sentence_transformer_logreg,sentence-transformers/all-MiniLM-L6-v2,0.7969104375029388,0.797,low,Amazon Mechanical Turk,https://www.mturk.com/pricing,2026-07-12,0.04,0.002,40.0,2.0,42.0
sst2,uncertainty_al,1000,1,sentence_transformer_logreg,sentence-transformers/all-MiniLM-L6-v2,0.7969104375029388,0.797,base,Prolific,https://www.prolific.com/pricing,2026-07-12,0.09519999999999999,0.002,95.19999999999999,2.0,97.19999999999999
sst2,uncertainty_al,1000,1,sentence_transformer_logreg,sentence-transformers/all-MiniLM-L6-v2,0.7969104375029388,0.797,high,Prolific,https://www.prolific.com/pricing,2026-07-12,0.42839999999999995,0.002,428.3999999999999,2.0,430.3999999999999
sst2,diversity_al,50,1,sentence_transformer_logreg,sentence-transformers/all-MiniLM-L6-v2,0.6860327822951312,0.695,low,Amazon Mechanical Turk,https://www.mturk.com/pricing,2026-07-12,0.04,0.003,2.0,0.15,2.15
sst2,diversity_al,50,1,sentence_transformer_logreg,sentence-transformers/all-MiniLM-L6-v2,0.6860327822951312,0.695,base,Prolific,https://www.prolific.com/pricing,2026-07-12,0.09519999999999999,0.003,4.76,0.15,4.91
sst2,diversity_al,50,1,sentence_transformer_logreg,sentence-transformers/all-MiniLM-L6-v2,0.6860327822951312,0.695,high,Prolific,https://www.prolific.com/pricing,2026-07-12,0.42839999999999995,0.003,21.419999999999998,0.15,21.569999999999997
sst2,diversity_al,100,1,sentence_transformer_logreg,sentence-transformers/all-MiniLM-L6-v2,0.712260971078117,0.72,low,Amazon Mechanical Turk,https://www.mturk.com/pricing,2026-07-12,0.04,0.003,4.0,0.3,4.3
sst2,diversity_al,100,1,sentence_transformer_logreg,sentence-transformers/all-MiniLM-L6-v2,0.712260971078117,0.72,base,Prolific,https://www.prolific.com/pricing,2026-07-12,0.09519999999999999,0.003,9.52,0.3,9.82
sst2,diversity_al,100,1,sentence_transformer_logreg,sentence-transformers/all-MiniLM-L6-v2,0.712260971078117,0.72,high,Prolific,https://www.prolific.com/pricing,2026-07-12,0.42839999999999995,0.003,42.839999999999996,0.3,43.13999999999999
sst2,diversity_al,250,1,sentence_transformer_logreg,sentence-transformers/all-MiniLM-L6-v2,0.7718498953223198,0.773,low,Amazon Mechanical Turk,https://www.mturk.com/pricing,2026-07-12,0.04,0.003,10.0,0.75,10.75
sst2,diversity_al,250,1,sentence_transformer_logreg,sentence-transformers/all-MiniLM-L6-v2,0.7718498953223198,0.773,base,Prolific,https://www.prolific.com/pricing,2026-07-12,0.09519999999999999,0.003,23.799999999999997,0.75,24.549999999999997
sst2,diversity_al,250,1,sentence_transformer_logreg,sentence-transformers/all-MiniLM-L6-v2,0.7718498953223198,0.773,high,Prolific,https://www.prolific.com/pricing,2026-07-12,0.42839999999999995,0.003,107.09999999999998,0.75,107.84999999999998
sst2,diversity_al,500,1,sentence_transformer_logreg,sentence-transformers/all-MiniLM-L6-v2,0.7749727717053763,0.775,low,Amazon Mechanical Turk,https://www.mturk.com/pricing,2026-07-12,0.04,0.003,20.0,1.5,21.5
sst2,diversity_al,500,1,sentence_transformer_logreg,sentence-transformers/all-MiniLM-L6-v2,0.7749727717053763,0.775,base,Prolific,https://www.prolific.com/pricing,2026-07-12,0.09519999999999999,0.003,47.599999999999994,1.5,49.099999999999994
sst2,diversity_al,500,1,sentence_transformer_logreg,sentence-transformers/all-MiniLM-L6-v2,0.7749727717053763,0.775,high,Prolific,https://www.prolific.com/pricing,2026-07-12,0.42839999999999995,0.003,214.19999999999996,1.5,215.69999999999996
sst2,diversity_al,1000,1,sentence_transformer_logreg,sentence-transformers/all-MiniLM-L6-v2,0.791996671946751,0.792,low,Amazon Mechanical Turk,https://www.mturk.com/pricing,2026-07-12,0.04,0.003,40.0,3.0,43.0
sst2,diversity_al,1000,1,sentence_transformer_logreg,sentence-transformers/all-MiniLM-L6-v2,0.791996671946751,0.792,base,Prolific,https://www.prolific.com/pricing,2026-07-12,0.09519999999999999,0.003,95.19999999999999,3.0,98.19999999999999
sst2,diversity_al,1000,1,sentence_transformer_logreg,sentence-transformers/all-MiniLM-L6-v2,0.791996671946751,0.792,high,Prolific,https://www.prolific.com/pricing,2026-07-12,0.42839999999999995,0.003,428.3999999999999,3.0,431.3999999999999
sst2,hybrid_al,50,1,sentence_transformer_logreg,sentence-transformers/all-MiniLM-L6-v2,0.6249285640405746,0.641,low,Amazon Mechanical Turk,https://www.mturk.com/pricing,2026-07-12,0.04,0.004,2.0,0.2,2.2
sst2,hybrid_al,50,1,sentence_transformer_logreg,sentence-transformers/all-MiniLM-L6-v2,0.6249285640405746,0.641,base,Prolific,https://www.prolific.com/pricing,2026-07-12,0.09519999999999999,0.004,4.76,0.2,4.96
sst2,hybrid_al,50,1,sentence_transformer_logreg,sentence-transformers/all-MiniLM-L6-v2,0.6249285640405746,0.641,high,Prolific,https://www.prolific.com/pricing,2026-07-12,0.42839999999999995,0.004,21.419999999999998,0.2,21.619999999999997
sst2,hybrid_al,100,1,sentence_transformer_logreg,sentence-transformers/all-MiniLM-L6-v2,0.7298586528081143,0.731,low,Amazon Mechanical Turk,https://www.mturk.com/pricing,2026-07-12,0.04,0.004,4.0,0.4,4.4
sst2,hybrid_al,100,1,sentence_transformer_logreg,sentence-transformers/all-MiniLM-L6-v2,0.7298586528081143,0.731,base,Prolific,https://www.prolific.com/pricing,2026-07-12,0.09519999999999999,0.004,9.52,0.4,9.92
sst2,hybrid_al,100,1,sentence_transformer_logreg,sentence-transformers/all-MiniLM-L6-v2,0.7298586528081143,0.731,high,Prolific,https://www.prolific.com/pricing,2026-07-12,0.42839999999999995,0.004,42.839999999999996,0.4,43.239999999999995
sst2,hybrid_al,250,1,sentence_transformer_logreg,sentence-transformers/all-MiniLM-L6-v2,0.78090337838987,0.781,low,Amazon Mechanical Turk,https://www.mturk.com/pricing,2026-07-12,0.04,0.004,10.0,1.0,11.0
sst2,hybrid_al,250,1,sentence_transformer_logreg,sentence-transformers/all-MiniLM-L6-v2,0.78090337838987,0.781,base,Prolific,https://www.prolific.com/pricing,2026-07-12,0.09519999999999999,0.004,23.799999999999997,1.0,24.799999999999997
sst2,hybrid_al,250,1,sentence_transformer_logreg,sentence-transformers/all-MiniLM-L6-v2,0.78090337838987,0.781,high,Prolific,https://www.prolific.com/pricing,2026-07-12,0.42839999999999995,0.004,107.09999999999998,1.0,108.09999999999998
sst2,hybrid_al,500,1,sentence_transformer_logreg,sentence-transformers/all-MiniLM-L6-v2,0.7919925117304223,0.792,low,Amazon Mechanical Turk,https://www.mturk.com/pricing,2026-07-12,0.04,0.004,20.0,2.0,22.0
sst2,hybrid_al,500,1,sentence_transformer_logreg,sentence-transformers/all-MiniLM-L6-v2,0.7919925117304223,0.792,base,Prolific,https://www.prolific.com/pricing,2026-07-12,0.09519999999999999,0.004,47.599999999999994,2.0,49.599999999999994
sst2,hybrid_al,500,1,sentence_transformer_logreg,sentence-transformers/all-MiniLM-L6-v2,0.7919925117304223,0.792,high,Prolific,https://www.prolific.com/pricing,2026-07-12,0.42839999999999995,0.004,214.19999999999996,2.0,216.19999999999996
sst2,hybrid_al,1000,1,sentence_transformer_logreg,sentence-transformers/all-MiniLM-L6-v2,0.806814348588994,0.807,low,Amazon Mechanical Turk,https://www.mturk.com/pricing,2026-07-12,0.04,0.004,40.0,4.0,44.0
sst2,hybrid_al,1000,1,sentence_transformer_logreg,sentence-transformers/all-MiniLM-L6-v2,0.806814348588994,0.807,base,Prolific,https://www.prolific.com/pricing,2026-07-12,0.09519999999999999,0.004,95.19999999999999,4.0,99.19999999999999
sst2,hybrid_al,1000,1,sentence_transformer_logreg,sentence-transformers/all-MiniLM-L6-v2,0.806814348588994,0.807,high,Prolific,https://www.prolific.com/pricing,2026-07-12,0.42839999999999995,0.004,428.3999999999999,4.0,432.3999999999999
sst2,random,50,2,sentence_transformer_logreg,sentence-transformers/all-MiniLM-L6-v2,0.6009631922944616,0.623,low,Amazon Mechanical Turk,https://www.mturk.com/pricing,2026-07-12,0.04,0.0,2.0,0.0,2.0
sst2,random,50,2,sentence_transformer_logreg,sentence-transformers/all-MiniLM-L6-v2,0.6009631922944616,0.623,base,Prolific,https://www.prolific.com/pricing,2026-07-12,0.09519999999999999,0.0,4.76,0.0,4.76
sst2,random,50,2,sentence_transformer_logreg,sentence-transformers/all-MiniLM-L6-v2,0.6009631922944616,0.623,high,Prolific,https://www.prolific.com/pricing,2026-07-12,0.42839999999999995,0.0,21.419999999999998,0.0,21.419999999999998
sst2,random,100,2,sentence_transformer_logreg,sentence-transformers/all-MiniLM-L6-v2,0.7429071894954078,0.743,low,Amazon Mechanical Turk,https://www.mturk.com/pricing,2026-07-12,0.04,0.0,4.0,0.0,4.0
sst2,random,100,2,sentence_transformer_logreg,sentence-transformers/all-MiniLM-L6-v2,0.7429071894954078,0.743,base,Prolific,https://www.prolific.com/pricing,2026-07-12,0.09519999999999999,0.0,9.52,0.0,9.52
sst2,random,100,2,sentence_transformer_logreg,sentence-transformers/all-MiniLM-L6-v2,0.7429071894954078,0.743,high,Prolific,https://www.prolific.com/pricing,2026-07-12,0.42839999999999995,0.0,42.839999999999996,0.0,42.839999999999996
sst2,random,250,2,sentence_transformer_logreg,sentence-transformers/all-MiniLM-L6-v2,0.7749817735236554,0.775,low,Amazon Mechanical Turk,https://www.mturk.com/pricing,2026-07-12,0.04,0.0,10.0,0.0,10.0
sst2,random,250,2,sentence_transformer_logreg,sentence-transformers/all-MiniLM-L6-v2,0.7749817735236554,0.775,base,Prolific,https://www.prolific.com/pricing,2026-07-12,0.09519999999999999,0.0,23.799999999999997,0.0,23.799999999999997
sst2,random,250,2,sentence_transformer_logreg,sentence-transformers/all-MiniLM-L6-v2,0.7749817735236554,0.775,high,Prolific,https://www.prolific.com/pricing,2026-07-12,0.42839999999999995,0.0,107.09999999999998,0.0,107.09999999999998
sst2,random,500,2,sentence_transformer_logreg,sentence-transformers/all-MiniLM-L6-v2,0.7909077903355379,0.791,low,Amazon Mechanical Turk,https://www.mturk.com/pricing,2026-07-12,0.04,0.0,20.0,0.0,20.0
sst2,random,500,2,sentence_transformer_logreg,sentence-transformers/all-MiniLM-L6-v2,0.7909077903355379,0.791,base,Prolific,https://www.prolific.com/pricing,2026-07-12,0.09519999999999999,0.0,47.599999999999994,0.0,47.599999999999994
sst2,random,500,2,sentence_transformer_logreg,sentence-transformers/all-MiniLM-L6-v2,0.7909077903355379,0.791,high,Prolific,https://www.prolific.com/pricing,2026-07-12,0.42839999999999995,0.0,214.19999999999996,0.0,214.19999999999996
sst2,random,1000,2,sentence_transformer_logreg,sentence-transformers/all-MiniLM-L6-v2,0.7989547648220849,0.799,low,Amazon Mechanical Turk,https://www.mturk.com/pricing,2026-07-12,0.04,0.0,40.0,0.0,40.0
sst2,random,1000,2,sentence_transformer_logreg,sentence-transformers/all-MiniLM-L6-v2,0.7989547648220849,0.799,base,Prolific,https://www.prolific.com/pricing,2026-07-12,0.09519999999999999,0.0,95.19999999999999,0.0,95.19999999999999
sst2,random,1000,2,sentence_transformer_logreg,sentence-transformers/all-MiniLM-L6-v2,0.7989547648220849,0.799,high,Prolific,https://www.prolific.com/pricing,2026-07-12,0.42839999999999995,0.0,428.3999999999999,0.0,428.3999999999999
sst2,uncertainty_al,50,2,sentence_transformer_logreg,sentence-transformers/all-MiniLM-L6-v2,0.40432854589979483,0.541,low,Amazon Mechanical Turk,https://www.mturk.com/pricing,2026-07-12,0.04,0.002,2.0,0.1,2.1
sst2,uncertainty_al,50,2,sentence_transformer_logreg,sentence-transformers/all-MiniLM-L6-v2,0.40432854589979483,0.541,base,Prolific,https://www.prolific.com/pricing,2026-07-12,0.09519999999999999,0.002,4.76,0.1,4.859999999999999
sst2,uncertainty_al,50,2,sentence_transformer_logreg,sentence-transformers/all-MiniLM-L6-v2,0.40432854589979483,0.541,high,Prolific,https://www.prolific.com/pricing,2026-07-12,0.42839999999999995,0.002,21.419999999999998,0.1,21.52
sst2,uncertainty_al,100,2,sentence_transformer_logreg,sentence-transformers/all-MiniLM-L6-v2,0.670009198493592,0.68,low,Amazon Mechanical Turk,https://www.mturk.com/pricing,2026-07-12,0.04,0.002,4.0,0.2,4.2
sst2,uncertainty_al,100,2,sentence_transformer_logreg,sentence-transformers/all-MiniLM-L6-v2,0.670009198493592,0.68,base,Prolific,https://www.prolific.com/pricing,2026-07-12,0.09519999999999999,0.002,9.52,0.2,9.719999999999999
sst2,uncertainty_al,100,2,sentence_transformer_logreg,sentence-transformers/all-MiniLM-L6-v2,0.670009198493592,0.68,high,Prolific,https://www.prolific.com/pricing,2026-07-12,0.42839999999999995,0.002,42.839999999999996,0.2,43.04
sst2,uncertainty_al,250,2,sentence_transformer_logreg,sentence-transformers/all-MiniLM-L6-v2,0.7599039615846338,0.76,low,Amazon Mechanical Turk,https://www.mturk.com/pricing,2026-07-12,0.04,0.002,10.0,0.5,10.5
sst2,uncertainty_al,250,2,sentence_transformer_logreg,sentence-transformers/all-MiniLM-L6-v2,0.7599039615846338,0.76,base,Prolific,https://www.prolific.com/pricing,2026-07-12,0.09519999999999999,0.002,23.799999999999997,0.5,24.299999999999997
sst2,uncertainty_al,250,2,sentence_transformer_logreg,sentence-transformers/all-MiniLM-L6-v2,0.7599039615846338,0.76,high,Prolific,https://www.prolific.com/pricing,2026-07-12,0.42839999999999995,0.002,107.09999999999998,0.5,107.59999999999998
sst2,uncertainty_al,500,2,sentence_transformer_logreg,sentence-transformers/all-MiniLM-L6-v2,0.79098306962864,0.791,low,Amazon Mechanical Turk,https://www.mturk.com/pricing,2026-07-12,0.04,0.002,20.0,1.0,21.0
sst2,uncertainty_al,500,2,sentence_transformer_logreg,sentence-transformers/all-MiniLM-L6-v2,0.79098306962864,0.791,base,Prolific,https://www.prolific.com/pricing,2026-07-12,0.09519999999999999,0.002,47.599999999999994,1.0,48.599999999999994
sst2,uncertainty_al,500,2,sentence_transformer_logreg,sentence-transformers/all-MiniLM-L6-v2,0.79098306962864,0.791,high,Prolific,https://www.prolific.com/pricing,2026-07-12,0.42839999999999995,0.002,214.19999999999996,1.0,215.19999999999996
sst2,uncertainty_al,1000,2,sentence_transformer_logreg,sentence-transformers/all-MiniLM-L6-v2,0.7959477626272327,0.796,low,Amazon Mechanical Turk,https://www.mturk.com/pricing,2026-07-12,0.04,0.002,40.0,2.0,42.0
sst2,uncertainty_al,1000,2,sentence_transformer_logreg,sentence-transformers/all-MiniLM-L6-v2,0.7959477626272327,0.796,base,Prolific,https://www.prolific.com/pricing,2026-07-12,0.09519999999999999,0.002,95.19999999999999,2.0,97.19999999999999
sst2,uncertainty_al,1000,2,sentence_transformer_logreg,sentence-transformers/all-MiniLM-L6-v2,0.7959477626272327,0.796,high,Prolific,https://www.prolific.com/pricing,2026-07-12,0.42839999999999995,0.002,428.3999999999999,2.0,430.3999999999999
sst2,diversity_al,50,2,sentence_transformer_logreg,sentence-transformers/all-MiniLM-L6-v2,0.72729806723763,0.729,low,Amazon Mechanical Turk,https://www.mturk.com/pricing,2026-07-12,0.04,0.003,2.0,0.15,2.15
sst2,diversity_al,50,2,sentence_transformer_logreg,sentence-transformers/all-MiniLM-L6-v2,0.72729806723763,0.729,base,Prolific,https://www.prolific.com/pricing,2026-07-12,0.09519999999999999,0.003,4.76,0.15,4.91
sst2,diversity_al,50,2,sentence_transformer_logreg,sentence-transformers/all-MiniLM-L6-v2,0.72729806723763,0.729,high,Prolific,https://www.prolific.com/pricing,2026-07-12,0.42839999999999995,0.003,21.419999999999998,0.15,21.569999999999997
sst2,diversity_al,100,2,sentence_transformer_logreg,sentence-transformers/all-MiniLM-L6-v2,0.730670070836775,0.731,low,Amazon Mechanical Turk,https://www.mturk.com/pricing,2026-07-12,0.04,0.003,4.0,0.3,4.3
sst2,diversity_al,100,2,sentence_transformer_logreg,sentence-transformers/all-MiniLM-L6-v2,0.730670070836775,0.731,base,Prolific,https://www.prolific.com/pricing,2026-07-12,0.09519999999999999,0.003,9.52,0.3,9.82
sst2,diversity_al,100,2,sentence_transformer_logreg,sentence-transformers/all-MiniLM-L6-v2,0.730670070836775,0.731,high,Prolific,https://www.prolific.com/pricing,2026-07-12,0.42839999999999995,0.003,42.839999999999996,0.3,43.13999999999999
sst2,diversity_al,250,2,sentence_transformer_logreg,sentence-transformers/all-MiniLM-L6-v2,0.7626389738792703,0.763,low,Amazon Mechanical Turk,https://www.mturk.com/pricing,2026-07-12,0.04,0.003,10.0,0.75,10.75
sst2,diversity_al,250,2,sentence_transformer_logreg,sentence-transformers/all-MiniLM-L6-v2,0.7626389738792703,0.763,base,Prolific,https://www.prolific.com/pricing,2026-07-12,0.09519999999999999,0.003,23.799999999999997,0.75,24.549999999999997
sst2,diversity_al,250,2,sentence_transformer_logreg,sentence-transformers/all-MiniLM-L6-v2,0.7626389738792703,0.763,high,Prolific,https://www.prolific.com/pricing,2026-07-12,0.42839999999999995,0.003,107.09999999999998,0.75,107.84999999999998
sst2,diversity_al,500,2,sentence_transformer_logreg,sentence-transformers/all-MiniLM-L6-v2,0.7827912624031694,0.783,low,Amazon Mechanical Turk,https://www.mturk.com/pricing,2026-07-12,0.04,0.003,20.0,1.5,21.5
sst2,diversity_al,500,2,sentence_transformer_logreg,sentence-transformers/all-MiniLM-L6-v2,0.7827912624031694,0.783,base,Prolific,https://www.prolific.com/pricing,2026-07-12,0.09519999999999999,0.003,47.599999999999994,1.5,49.099999999999994
sst2,diversity_al,500,2,sentence_transformer_logreg,sentence-transformers/all-MiniLM-L6-v2,0.7827912624031694,0.783,high,Prolific,https://www.prolific.com/pricing,2026-07-12,0.42839999999999995,0.003,214.19999999999996,1.5,215.69999999999996
sst2,diversity_al,1000,2,sentence_transformer_logreg,sentence-transformers/all-MiniLM-L6-v2,0.7909646730297419,0.791,low,Amazon Mechanical Turk,https://www.mturk.com/pricing,2026-07-12,0.04,0.003,40.0,3.0,43.0
sst2,diversity_al,1000,2,sentence_transformer_logreg,sentence-transformers/all-MiniLM-L6-v2,0.7909646730297419,0.791,base,Prolific,https://www.prolific.com/pricing,2026-07-12,0.09519999999999999,0.003,95.19999999999999,3.0,98.19999999999999
sst2,diversity_al,1000,2,sentence_transformer_logreg,sentence-transformers/all-MiniLM-L6-v2,0.7909646730297419,0.791,high,Prolific,https://www.prolific.com/pricing,2026-07-12,0.42839999999999995,0.003,428.3999999999999,3.0,431.3999999999999
sst2,hybrid_al,50,2,sentence_transformer_logreg,sentence-transformers/all-MiniLM-L6-v2,0.7153360661070987,0.72,low,Amazon Mechanical Turk,https://www.mturk.com/pricing,2026-07-12,0.04,0.004,2.0,0.2,2.2
sst2,hybrid_al,50,2,sentence_transformer_logreg,sentence-transformers/all-MiniLM-L6-v2,0.7153360661070987,0.72,base,Prolific,https://www.prolific.com/pricing,2026-07-12,0.09519999999999999,0.004,4.76,0.2,4.96
sst2,hybrid_al,50,2,sentence_transformer_logreg,sentence-transformers/all-MiniLM-L6-v2,0.7153360661070987,0.72,high,Prolific,https://www.prolific.com/pricing,2026-07-12,0.42839999999999995,0.004,21.419999999999998,0.2,21.619999999999997
sst2,hybrid_al,100,2,sentence_transformer_logreg,sentence-transformers/all-MiniLM-L6-v2,0.7586057065610969,0.76,low,Amazon Mechanical Turk,https://www.mturk.com/pricing,2026-07-12,0.04,0.004,4.0,0.4,4.4
sst2,hybrid_al,100,2,sentence_transformer_logreg,sentence-transformers/all-MiniLM-L6-v2,0.7586057065610969,0.76,base,Prolific,https://www.prolific.com/pricing,2026-07-12,0.09519999999999999,0.004,9.52,0.4,9.92
sst2,hybrid_al,100,2,sentence_transformer_logreg,sentence-transformers/all-MiniLM-L6-v2,0.7586057065610969,0.76,high,Prolific,https://www.prolific.com/pricing,2026-07-12,0.42839999999999995,0.004,42.839999999999996,0.4,43.239999999999995
sst2,hybrid_al,250,2,sentence_transformer_logreg,sentence-transformers/all-MiniLM-L6-v2,0.7464698461376202,0.75,low,Amazon Mechanical Turk,https://www.mturk.com/pricing,2026-07-12,0.04,0.004,10.0,1.0,11.0
sst2,hybrid_al,250,2,sentence_transformer_logreg,sentence-transformers/all-MiniLM-L6-v2,0.7464698461376202,0.75,base,Prolific,https://www.prolific.com/pricing,2026-07-12,0.09519999999999999,0.004,23.799999999999997,1.0,24.799999999999997
sst2,hybrid_al,250,2,sentence_transformer_logreg,sentence-transformers/all-MiniLM-L6-v2,0.7464698461376202,0.75,high,Prolific,https://www.prolific.com/pricing,2026-07-12,0.42839999999999995,0.004,107.09999999999998,1.0,108.09999999999998
sst2,hybrid_al,500,2,sentence_transformer_logreg,sentence-transformers/all-MiniLM-L6-v2,0.7916324396234958,0.792,low,Amazon Mechanical Turk,https://www.mturk.com/pricing,2026-07-12,0.04,0.004,20.0,2.0,22.0
sst2,hybrid_al,500,2,sentence_transformer_logreg,sentence-transformers/all-MiniLM-L6-v2,0.7916324396234958,0.792,base,Prolific,https://www.prolific.com/pricing,2026-07-12,0.09519999999999999,0.004,47.599999999999994,2.0,49.599999999999994
sst2,hybrid_al,500,2,sentence_transformer_logreg,sentence-transformers/all-MiniLM-L6-v2,0.7916324396234958,0.792,high,Prolific,https://www.prolific.com/pricing,2026-07-12,0.42839999999999995,0.004,214.19999999999996,2.0,216.19999999999996
sst2,hybrid_al,1000,2,sentence_transformer_logreg,sentence-transformers/all-MiniLM-L6-v2,0.7968730456535336,0.797,low,Amazon Mechanical Turk,https://www.mturk.com/pricing,2026-07-12,0.04,0.004,40.0,4.0,44.0
sst2,hybrid_al,1000,2,sentence_transformer_logreg,sentence-transformers/all-MiniLM-L6-v2,0.7968730456535336,0.797,base,Prolific,https://www.prolific.com/pricing,2026-07-12,0.09519999999999999,0.004,95.19999999999999,4.0,99.19999999999999
sst2,hybrid_al,1000,2,sentence_transformer_logreg,sentence-transformers/all-MiniLM-L6-v2,0.7968730456535336,0.797,high,Prolific,https://www.prolific.com/pricing,2026-07-12,0.42839999999999995,0.004,428.3999999999999,4.0,432.3999999999999
twenty_newsgroups,random,50,0,sentence_transformer_logreg,sentence-transformers/all-MiniLM-L6-v2,0.08007863052883424,0.15210688591983557,low,Amazon Mechanical Turk,https://www.mturk.com/pricing,2026-07-12,0.04,0.0,2.0,0.0,2.0
twenty_newsgroups,random,50,0,sentence_transformer_logreg,sentence-transformers/all-MiniLM-L6-v2,0.08007863052883424,0.15210688591983557,base,Prolific,https://www.prolific.com/pricing,2026-07-12,0.09519999999999999,0.0,4.76,0.0,4.76
twenty_newsgroups,random,50,0,sentence_transformer_logreg,sentence-transformers/all-MiniLM-L6-v2,0.08007863052883424,0.15210688591983557,high,Prolific,https://www.prolific.com/pricing,2026-07-12,0.42839999999999995,0.0,21.419999999999998,0.0,21.419999999999998
twenty_newsgroups,random,100,0,sentence_transformer_logreg,sentence-transformers/all-MiniLM-L6-v2,0.19573614696115663,0.3062692702980473,low,Amazon Mechanical Turk,https://www.mturk.com/pricing,2026-07-12,0.04,0.0,4.0,0.0,4.0
twenty_newsgroups,random,100,0,sentence_transformer_logreg,sentence-transformers/all-MiniLM-L6-v2,0.19573614696115663,0.3062692702980473,base,Prolific,https://www.prolific.com/pricing,2026-07-12,0.09519999999999999,0.0,9.52,0.0,9.52
twenty_newsgroups,random,100,0,sentence_transformer_logreg,sentence-transformers/all-MiniLM-L6-v2,0.19573614696115663,0.3062692702980473,high,Prolific,https://www.prolific.com/pricing,2026-07-12,0.42839999999999995,0.0,42.839999999999996,0.0,42.839999999999996
twenty_newsgroups,random,250,0,sentence_transformer_logreg,sentence-transformers/all-MiniLM-L6-v2,0.4993914201052735,0.5364850976361768,low,Amazon Mechanical Turk,https://www.mturk.com/pricing,2026-07-12,0.04,0.0,10.0,0.0,10.0
twenty_newsgroups,random,250,0,sentence_transformer_logreg,sentence-transformers/all-MiniLM-L6-v2,0.4993914201052735,0.5364850976361768,base,Prolific,https://www.prolific.com/pricing,2026-07-12,0.09519999999999999,0.0,23.799999999999997,0.0,23.799999999999997
twenty_newsgroups,random,250,0,sentence_transformer_logreg,sentence-transformers/all-MiniLM-L6-v2,0.4993914201052735,0.5364850976361768,high,Prolific,https://www.prolific.com/pricing,2026-07-12,0.42839999999999995,0.0,107.09999999999998,0.0,107.09999999999998
twenty_newsgroups,random,500,0,sentence_transformer_logreg,sentence-transformers/all-MiniLM-L6-v2,0.5996572902707901,0.6279547790339157,low,Amazon Mechanical Turk,https://www.mturk.com/pricing,2026-07-12,0.04,0.0,20.0,0.0,20.0
twenty_newsgroups,random,500,0,sentence_transformer_logreg,sentence-transformers/all-MiniLM-L6-v2,0.5996572902707901,0.6279547790339157,base,Prolific,https://www.prolific.com/pricing,2026-07-12,0.09519999999999999,0.0,47.599999999999994,0.0,47.599999999999994
twenty_newsgroups,random,500,0,sentence_transformer_logreg,sentence-transformers/all-MiniLM-L6-v2,0.5996572902707901,0.6279547790339157,high,Prolific,https://www.prolific.com/pricing,2026-07-12,0.42839999999999995,0.0,214.19999999999996,0.0,214.19999999999996
twenty_newsgroups,random,1000,0,sentence_transformer_logreg,sentence-transformers/all-MiniLM-L6-v2,0.6319242104551914,0.6598150051387461,low,Amazon Mechanical Turk,https://www.mturk.com/pricing,2026-07-12,0.04,0.0,40.0,0.0,40.0
twenty_newsgroups,random,1000,0,sentence_transformer_logreg,sentence-transformers/all-MiniLM-L6-v2,0.6319242104551914,0.6598150051387461,base,Prolific,https://www.prolific.com/pricing,2026-07-12,0.09519999999999999,0.0,95.19999999999999,0.0,95.19999999999999
twenty_newsgroups,random,1000,0,sentence_transformer_logreg,sentence-transformers/all-MiniLM-L6-v2,0.6319242104551914,0.6598150051387461,high,Prolific,https://www.prolific.com/pricing,2026-07-12,0.42839999999999995,0.0,428.3999999999999,0.0,428.3999999999999
twenty_newsgroups,uncertainty_al,50,0,sentence_transformer_logreg,sentence-transformers/all-MiniLM-L6-v2,0.03330544132546635,0.10894141829393628,low,Amazon Mechanical Turk,https://www.mturk.com/pricing,2026-07-12,0.04,0.002,2.0,0.1,2.1
twenty_newsgroups,uncertainty_al,50,0,sentence_transformer_logreg,sentence-transformers/all-MiniLM-L6-v2,0.03330544132546635,0.10894141829393628,base,Prolific,https://www.prolific.com/pricing,2026-07-12,0.09519999999999999,0.002,4.76,0.1,4.859999999999999
twenty_newsgroups,uncertainty_al,50,0,sentence_transformer_logreg,sentence-transformers/all-MiniLM-L6-v2,0.03330544132546635,0.10894141829393628,high,Prolific,https://www.prolific.com/pricing,2026-07-12,0.42839999999999995,0.002,21.419999999999998,0.1,21.52
twenty_newsgroups,uncertainty_al,100,0,sentence_transformer_logreg,sentence-transformers/all-MiniLM-L6-v2,0.1719645505774451,0.2569373072970195,low,Amazon Mechanical Turk,https://www.mturk.com/pricing,2026-07-12,0.04,0.002,4.0,0.2,4.2
twenty_newsgroups,uncertainty_al,100,0,sentence_transformer_logreg,sentence-transformers/all-MiniLM-L6-v2,0.1719645505774451,0.2569373072970195,base,Prolific,https://www.prolific.com/pricing,2026-07-12,0.09519999999999999,0.002,9.52,0.2,9.719999999999999
twenty_newsgroups,uncertainty_al,100,0,sentence_transformer_logreg,sentence-transformers/all-MiniLM-L6-v2,0.1719645505774451,0.2569373072970195,high,Prolific,https://www.prolific.com/pricing,2026-07-12,0.42839999999999995,0.002,42.839999999999996,0.2,43.04
twenty_newsgroups,uncertainty_al,250,0,sentence_transformer_logreg,sentence-transformers/all-MiniLM-L6-v2,0.2748694053142535,0.33093525179856115,low,Amazon Mechanical Turk,https://www.mturk.com/pricing,2026-07-12,0.04,0.002,10.0,0.5,10.5
twenty_newsgroups,uncertainty_al,250,0,sentence_transformer_logreg,sentence-transformers/all-MiniLM-L6-v2,0.2748694053142535,0.33093525179856115,base,Prolific,https://www.prolific.com/pricing,2026-07-12,0.09519999999999999,0.002,23.799999999999997,0.5,24.299999999999997
twenty_newsgroups,uncertainty_al,250,0,sentence_transformer_logreg,sentence-transformers/all-MiniLM-L6-v2,0.2748694053142535,0.33093525179856115,high,Prolific,https://www.prolific.com/pricing,2026-07-12,0.42839999999999995,0.002,107.09999999999998,0.5,107.59999999999998
twenty_newsgroups,uncertainty_al,500,0,sentence_transformer_logreg,sentence-transformers/all-MiniLM-L6-v2,0.4977764859156375,0.5436793422404933,low,Amazon Mechanical Turk,https://www.mturk.com/pricing,2026-07-12,0.04,0.002,20.0,1.0,21.0
twenty_newsgroups,uncertainty_al,500,0,sentence_transformer_logreg,sentence-transformers/all-MiniLM-L6-v2,0.4977764859156375,0.5436793422404933,base,Prolific,https://www.prolific.com/pricing,2026-07-12,0.09519999999999999,0.002,47.599999999999994,1.0,48.599999999999994
twenty_newsgroups,uncertainty_al,500,0,sentence_transformer_logreg,sentence-transformers/all-MiniLM-L6-v2,0.4977764859156375,0.5436793422404933,high,Prolific,https://www.prolific.com/pricing,2026-07-12,0.42839999999999995,0.002,214.19999999999996,1.0,215.19999999999996
twenty_newsgroups,uncertainty_al,1000,0,sentence_transformer_logreg,sentence-transformers/all-MiniLM-L6-v2,0.6226354761949406,0.645426515930113,low,Amazon Mechanical Turk,https://www.mturk.com/pricing,2026-07-12,0.04,0.002,40.0,2.0,42.0
twenty_newsgroups,uncertainty_al,1000,0,sentence_transformer_logreg,sentence-transformers/all-MiniLM-L6-v2,0.6226354761949406,0.645426515930113,base,Prolific,https://www.prolific.com/pricing,2026-07-12,0.09519999999999999,0.002,95.19999999999999,2.0,97.19999999999999
twenty_newsgroups,uncertainty_al,1000,0,sentence_transformer_logreg,sentence-transformers/all-MiniLM-L6-v2,0.6226354761949406,0.645426515930113,high,Prolific,https://www.prolific.com/pricing,2026-07-12,0.42839999999999995,0.002,428.3999999999999,2.0,430.3999999999999
twenty_newsgroups,diversity_al,50,0,sentence_transformer_logreg,sentence-transformers/all-MiniLM-L6-v2,0.05784613704400804,0.13874614594039056,low,Amazon Mechanical Turk,https://www.mturk.com/pricing,2026-07-12,0.04,0.003,2.0,0.15,2.15
twenty_newsgroups,diversity_al,50,0,sentence_transformer_logreg,sentence-transformers/all-MiniLM-L6-v2,0.05784613704400804,0.13874614594039056,base,Prolific,https://www.prolific.com/pricing,2026-07-12,0.09519999999999999,0.003,4.76,0.15,4.91
twenty_newsgroups,diversity_al,50,0,sentence_transformer_logreg,sentence-transformers/all-MiniLM-L6-v2,0.05784613704400804,0.13874614594039056,high,Prolific,https://www.prolific.com/pricing,2026-07-12,0.42839999999999995,0.003,21.419999999999998,0.15,21.569999999999997
twenty_newsgroups,diversity_al,100,0,sentence_transformer_logreg,sentence-transformers/all-MiniLM-L6-v2,0.13698644261393375,0.24357656731757452,low,Amazon Mechanical Turk,https://www.mturk.com/pricing,2026-07-12,0.04,0.003,4.0,0.3,4.3
twenty_newsgroups,diversity_al,100,0,sentence_transformer_logreg,sentence-transformers/all-MiniLM-L6-v2,0.13698644261393375,0.24357656731757452,base,Prolific,https://www.prolific.com/pricing,2026-07-12,0.09519999999999999,0.003,9.52,0.3,9.82
twenty_newsgroups,diversity_al,100,0,sentence_transformer_logreg,sentence-transformers/all-MiniLM-L6-v2,0.13698644261393375,0.24357656731757452,high,Prolific,https://www.prolific.com/pricing,2026-07-12,0.42839999999999995,0.003,42.839999999999996,0.3,43.13999999999999
twenty_newsgroups,diversity_al,250,0,sentence_transformer_logreg,sentence-transformers/all-MiniLM-L6-v2,0.3793960124889363,0.4419321685508736,low,Amazon Mechanical Turk,https://www.mturk.com/pricing,2026-07-12,0.04,0.003,10.0,0.75,10.75
twenty_newsgroups,diversity_al,250,0,sentence_transformer_logreg,sentence-transformers/all-MiniLM-L6-v2,0.3793960124889363,0.4419321685508736,base,Prolific,https://www.prolific.com/pricing,2026-07-12,0.09519999999999999,0.003,23.799999999999997,0.75,24.549999999999997
twenty_newsgroups,diversity_al,250,0,sentence_transformer_logreg,sentence-transformers/all-MiniLM-L6-v2,0.3793960124889363,0.4419321685508736,high,Prolific,https://www.prolific.com/pricing,2026-07-12,0.42839999999999995,0.003,107.09999999999998,0.75,107.84999999999998
twenty_newsgroups,diversity_al,500,0,sentence_transformer_logreg,sentence-transformers/all-MiniLM-L6-v2,0.5629424215092793,0.5847893114080165,low,Amazon Mechanical Turk,https://www.mturk.com/pricing,2026-07-12,0.04,0.003,20.0,1.5,21.5
twenty_newsgroups,diversity_al,500,0,sentence_transformer_logreg,sentence-transformers/all-MiniLM-L6-v2,0.5629424215092793,0.5847893114080165,base,Prolific,https://www.prolific.com/pricing,2026-07-12,0.09519999999999999,0.003,47.599999999999994,1.5,49.099999999999994
twenty_newsgroups,diversity_al,500,0,sentence_transformer_logreg,sentence-transformers/all-MiniLM-L6-v2,0.5629424215092793,0.5847893114080165,high,Prolific,https://www.prolific.com/pricing,2026-07-12,0.42839999999999995,0.003,214.19999999999996,1.5,215.69999999999996
twenty_newsgroups,diversity_al,1000,0,sentence_transformer_logreg,sentence-transformers/all-MiniLM-L6-v2,0.6319786381802068,0.6526207605344296,low,Amazon Mechanical Turk,https://www.mturk.com/pricing,2026-07-12,0.04,0.003,40.0,3.0,43.0
twenty_newsgroups,diversity_al,1000,0,sentence_transformer_logreg,sentence-transformers/all-MiniLM-L6-v2,0.6319786381802068,0.6526207605344296,base,Prolific,https://www.prolific.com/pricing,2026-07-12,0.09519999999999999,0.003,95.19999999999999,3.0,98.19999999999999
twenty_newsgroups,diversity_al,1000,0,sentence_transformer_logreg,sentence-transformers/all-MiniLM-L6-v2,0.6319786381802068,0.6526207605344296,high,Prolific,https://www.prolific.com/pricing,2026-07-12,0.42839999999999995,0.003,428.3999999999999,3.0,431.3999999999999
twenty_newsgroups,hybrid_al,50,0,sentence_transformer_logreg,sentence-transformers/all-MiniLM-L6-v2,0.11675402797873435,0.19938335046248715,low,Amazon Mechanical Turk,https://www.mturk.com/pricing,2026-07-12,0.04,0.004,2.0,0.2,2.2
twenty_newsgroups,hybrid_al,50,0,sentence_transformer_logreg,sentence-transformers/all-MiniLM-L6-v2,0.11675402797873435,0.19938335046248715,base,Prolific,https://www.prolific.com/pricing,2026-07-12,0.09519999999999999,0.004,4.76,0.2,4.96
twenty_newsgroups,hybrid_al,50,0,sentence_transformer_logreg,sentence-transformers/all-MiniLM-L6-v2,0.11675402797873435,0.19938335046248715,high,Prolific,https://www.prolific.com/pricing,2026-07-12,0.42839999999999995,0.004,21.419999999999998,0.2,21.619999999999997
twenty_newsgroups,hybrid_al,100,0,sentence_transformer_logreg,sentence-transformers/all-MiniLM-L6-v2,0.18067883867541185,0.2569373072970195,low,Amazon Mechanical Turk,https://www.mturk.com/pricing,2026-07-12,0.04,0.004,4.0,0.4,4.4
twenty_newsgroups,hybrid_al,100,0,sentence_transformer_logreg,sentence-transformers/all-MiniLM-L6-v2,0.18067883867541185,0.2569373072970195,base,Prolific,https://www.prolific.com/pricing,2026-07-12,0.09519999999999999,0.004,9.52,0.4,9.92
twenty_newsgroups,hybrid_al,100,0,sentence_transformer_logreg,sentence-transformers/all-MiniLM-L6-v2,0.18067883867541185,0.2569373072970195,high,Prolific,https://www.prolific.com/pricing,2026-07-12,0.42839999999999995,0.004,42.839999999999996,0.4,43.239999999999995
twenty_newsgroups,hybrid_al,250,0,sentence_transformer_logreg,sentence-transformers/all-MiniLM-L6-v2,0.3511326983156454,0.4316546762589928,low,Amazon Mechanical Turk,https://www.mturk.com/pricing,2026-07-12,0.04,0.004,10.0,1.0,11.0
twenty_newsgroups,hybrid_al,250,0,sentence_transformer_logreg,sentence-transformers/all-MiniLM-L6-v2,0.3511326983156454,0.4316546762589928,base,Prolific,https://www.prolific.com/pricing,2026-07-12,0.09519999999999999,0.004,23.799999999999997,1.0,24.799999999999997
twenty_newsgroups,hybrid_al,250,0,sentence_transformer_logreg,sentence-transformers/all-MiniLM-L6-v2,0.3511326983156454,0.4316546762589928,high,Prolific,https://www.prolific.com/pricing,2026-07-12,0.42839999999999995,0.004,107.09999999999998,1.0,108.09999999999998
twenty_newsgroups,hybrid_al,500,0,sentence_transformer_logreg,sentence-transformers/all-MiniLM-L6-v2,0.5768728109445522,0.6115107913669064,low,Amazon Mechanical Turk,https://www.mturk.com/pricing,2026-07-12,0.04,0.004,20.0,2.0,22.0
twenty_newsgroups,hybrid_al,500,0,sentence_transformer_logreg,sentence-transformers/all-MiniLM-L6-v2,0.5768728109445522,0.6115107913669064,base,Prolific,https://www.prolific.com/pricing,2026-07-12,0.09519999999999999,0.004,47.599999999999994,2.0,49.599999999999994
twenty_newsgroups,hybrid_al,500,0,sentence_transformer_logreg,sentence-transformers/all-MiniLM-L6-v2,0.5768728109445522,0.6115107913669064,high,Prolific,https://www.prolific.com/pricing,2026-07-12,0.42839999999999995,0.004,214.19999999999996,2.0,216.19999999999996
twenty_newsgroups,hybrid_al,1000,0,sentence_transformer_logreg,sentence-transformers/all-MiniLM-L6-v2,0.6306921334920745,0.6526207605344296,low,Amazon Mechanical Turk,https://www.mturk.com/pricing,2026-07-12,0.04,0.004,40.0,4.0,44.0
twenty_newsgroups,hybrid_al,1000,0,sentence_transformer_logreg,sentence-transformers/all-MiniLM-L6-v2,0.6306921334920745,0.6526207605344296,base,Prolific,https://www.prolific.com/pricing,2026-07-12,0.09519999999999999,0.004,95.19999999999999,4.0,99.19999999999999
twenty_newsgroups,hybrid_al,1000,0,sentence_transformer_logreg,sentence-transformers/all-MiniLM-L6-v2,0.6306921334920745,0.6526207605344296,high,Prolific,https://www.prolific.com/pricing,2026-07-12,0.42839999999999995,0.004,428.3999999999999,4.0,432.3999999999999
twenty_newsgroups,random,50,1,sentence_transformer_logreg,sentence-transformers/all-MiniLM-L6-v2,0.07966819152883492,0.1593011305241521,low,Amazon Mechanical Turk,https://www.mturk.com/pricing,2026-07-12,0.04,0.0,2.0,0.0,2.0
twenty_newsgroups,random,50,1,sentence_transformer_logreg,sentence-transformers/all-MiniLM-L6-v2,0.07966819152883492,0.1593011305241521,base,Prolific,https://www.prolific.com/pricing,2026-07-12,0.09519999999999999,0.0,4.76,0.0,4.76
twenty_newsgroups,random,50,1,sentence_transformer_logreg,sentence-transformers/all-MiniLM-L6-v2,0.07966819152883492,0.1593011305241521,high,Prolific,https://www.prolific.com/pricing,2026-07-12,0.42839999999999995,0.0,21.419999999999998,0.0,21.419999999999998
twenty_newsgroups,random,100,1,sentence_transformer_logreg,sentence-transformers/all-MiniLM-L6-v2,0.20176092140681096,0.25488180883864336,low,Amazon Mechanical Turk,https://www.mturk.com/pricing,2026-07-12,0.04,0.0,4.0,0.0,4.0
twenty_newsgroups,random,100,1,sentence_transformer_logreg,sentence-transformers/all-MiniLM-L6-v2,0.20176092140681096,0.25488180883864336,base,Prolific,https://www.prolific.com/pricing,2026-07-12,0.09519999999999999,0.0,9.52,0.0,9.52
twenty_newsgroups,random,100,1,sentence_transformer_logreg,sentence-transformers/all-MiniLM-L6-v2,0.20176092140681096,0.25488180883864336,high,Prolific,https://www.prolific.com/pricing,2026-07-12,0.42839999999999995,0.0,42.839999999999996,0.0,42.839999999999996
twenty_newsgroups,random,250,1,sentence_transformer_logreg,sentence-transformers/all-MiniLM-L6-v2,0.47436752014370026,0.5375128468653648,low,Amazon Mechanical Turk,https://www.mturk.com/pricing,2026-07-12,0.04,0.0,10.0,0.0,10.0
twenty_newsgroups,random,250,1,sentence_transformer_logreg,sentence-transformers/all-MiniLM-L6-v2,0.47436752014370026,0.5375128468653648,base,Prolific,https://www.prolific.com/pricing,2026-07-12,0.09519999999999999,0.0,23.799999999999997,0.0,23.799999999999997
twenty_newsgroups,random,250,1,sentence_transformer_logreg,sentence-transformers/all-MiniLM-L6-v2,0.47436752014370026,0.5375128468653648,high,Prolific,https://www.prolific.com/pricing,2026-07-12,0.42839999999999995,0.0,107.09999999999998,0.0,107.09999999999998
twenty_newsgroups,random,500,1,sentence_transformer_logreg,sentence-transformers/all-MiniLM-L6-v2,0.6188999477138246,0.645426515930113,low,Amazon Mechanical Turk,https://www.mturk.com/pricing,2026-07-12,0.04,0.0,20.0,0.0,20.0
twenty_newsgroups,random,500,1,sentence_transformer_logreg,sentence-transformers/all-MiniLM-L6-v2,0.6188999477138246,0.645426515930113,base,Prolific,https://www.prolific.com/pricing,2026-07-12,0.09519999999999999,0.0,47.599999999999994,0.0,47.599999999999994
twenty_newsgroups,random,500,1,sentence_transformer_logreg,sentence-transformers/all-MiniLM-L6-v2,0.6188999477138246,0.645426515930113,high,Prolific,https://www.prolific.com/pricing,2026-07-12,0.42839999999999995,0.0,214.19999999999996,0.0,214.19999999999996
twenty_newsgroups,random,1000,1,sentence_transformer_logreg,sentence-transformers/all-MiniLM-L6-v2,0.647521924612505,0.6649537512846866,low,Amazon Mechanical Turk,https://www.mturk.com/pricing,2026-07-12,0.04,0.0,40.0,0.0,40.0
twenty_newsgroups,random,1000,1,sentence_transformer_logreg,sentence-transformers/all-MiniLM-L6-v2,0.647521924612505,0.6649537512846866,base,Prolific,https://www.prolific.com/pricing,2026-07-12,0.09519999999999999,0.0,95.19999999999999,0.0,95.19999999999999
twenty_newsgroups,random,1000,1,sentence_transformer_logreg,sentence-transformers/all-MiniLM-L6-v2,0.647521924612505,0.6649537512846866,high,Prolific,https://www.prolific.com/pricing,2026-07-12,0.42839999999999995,0.0,428.3999999999999,0.0,428.3999999999999
twenty_newsgroups,uncertainty_al,50,1,sentence_transformer_logreg,sentence-transformers/all-MiniLM-L6-v2,0.06384969822995712,0.10277492291880781,low,Amazon Mechanical Turk,https://www.mturk.com/pricing,2026-07-12,0.04,0.002,2.0,0.1,2.1
twenty_newsgroups,uncertainty_al,50,1,sentence_transformer_logreg,sentence-transformers/all-MiniLM-L6-v2,0.06384969822995712,0.10277492291880781,base,Prolific,https://www.prolific.com/pricing,2026-07-12,0.09519999999999999,0.002,4.76,0.1,4.859999999999999
twenty_newsgroups,uncertainty_al,50,1,sentence_transformer_logreg,sentence-transformers/all-MiniLM-L6-v2,0.06384969822995712,0.10277492291880781,high,Prolific,https://www.prolific.com/pricing,2026-07-12,0.42839999999999995,0.002,21.419999999999998,0.1,21.52
twenty_newsgroups,uncertainty_al,100,1,sentence_transformer_logreg,sentence-transformers/all-MiniLM-L6-v2,0.14312383739663964,0.2261048304213772,low,Amazon Mechanical Turk,https://www.mturk.com/pricing,2026-07-12,0.04,0.002,4.0,0.2,4.2
twenty_newsgroups,uncertainty_al,100,1,sentence_transformer_logreg,sentence-transformers/all-MiniLM-L6-v2,0.14312383739663964,0.2261048304213772,base,Prolific,https://www.prolific.com/pricing,2026-07-12,0.09519999999999999,0.002,9.52,0.2,9.719999999999999
twenty_newsgroups,uncertainty_al,100,1,sentence_transformer_logreg,sentence-transformers/all-MiniLM-L6-v2,0.14312383739663964,0.2261048304213772,high,Prolific,https://www.prolific.com/pricing,2026-07-12,0.42839999999999995,0.002,42.839999999999996,0.2,43.04
twenty_newsgroups,uncertainty_al,250,1,sentence_transformer_logreg,sentence-transformers/all-MiniLM-L6-v2,0.2442049274797748,0.32682425488180883,low,Amazon Mechanical Turk,https://www.mturk.com/pricing,2026-07-12,0.04,0.002,10.0,0.5,10.5
twenty_newsgroups,uncertainty_al,250,1,sentence_transformer_logreg,sentence-transformers/all-MiniLM-L6-v2,0.2442049274797748,0.32682425488180883,base,Prolific,https://www.prolific.com/pricing,2026-07-12,0.09519999999999999,0.002,23.799999999999997,0.5,24.299999999999997
twenty_newsgroups,uncertainty_al,250,1,sentence_transformer_logreg,sentence-transformers/all-MiniLM-L6-v2,0.2442049274797748,0.32682425488180883,high,Prolific,https://www.prolific.com/pricing,2026-07-12,0.42839999999999995,0.002,107.09999999999998,0.5,107.59999999999998
twenty_newsgroups,uncertainty_al,500,1,sentence_transformer_logreg,sentence-transformers/all-MiniLM-L6-v2,0.531443189670915,0.5529290853031861,low,Amazon Mechanical Turk,https://www.mturk.com/pricing,2026-07-12,0.04,0.002,20.0,1.0,21.0
twenty_newsgroups,uncertainty_al,500,1,sentence_transformer_logreg,sentence-transformers/all-MiniLM-L6-v2,0.531443189670915,0.5529290853031861,base,Prolific,https://www.prolific.com/pricing,2026-07-12,0.09519999999999999,0.002,47.599999999999994,1.0,48.599999999999994
twenty_newsgroups,uncertainty_al,500,1,sentence_transformer_logreg,sentence-transformers/all-MiniLM-L6-v2,0.531443189670915,0.5529290853031861,high,Prolific,https://www.prolific.com/pricing,2026-07-12,0.42839999999999995,0.002,214.19999999999996,1.0,215.19999999999996
twenty_newsgroups,uncertainty_al,1000,1,sentence_transformer_logreg,sentence-transformers/all-MiniLM-L6-v2,0.6205723036329572,0.6485097636176773,low,Amazon Mechanical Turk,https://www.mturk.com/pricing,2026-07-12,0.04,0.002,40.0,2.0,42.0
twenty_newsgroups,uncertainty_al,1000,1,sentence_transformer_logreg,sentence-transformers/all-MiniLM-L6-v2,0.6205723036329572,0.6485097636176773,base,Prolific,https://www.prolific.com/pricing,2026-07-12,0.09519999999999999,0.002,95.19999999999999,2.0,97.19999999999999
twenty_newsgroups,uncertainty_al,1000,1,sentence_transformer_logreg,sentence-transformers/all-MiniLM-L6-v2,0.6205723036329572,0.6485097636176773,high,Prolific,https://www.prolific.com/pricing,2026-07-12,0.42839999999999995,0.002,428.3999999999999,2.0,430.3999999999999
twenty_newsgroups,diversity_al,50,1,sentence_transformer_logreg,sentence-transformers/all-MiniLM-L6-v2,0.08852088766173484,0.16238437821171633,low,Amazon Mechanical Turk,https://www.mturk.com/pricing,2026-07-12,0.04,0.003,2.0,0.15,2.15
twenty_newsgroups,diversity_al,50,1,sentence_transformer_logreg,sentence-transformers/all-MiniLM-L6-v2,0.08852088766173484,0.16238437821171633,base,Prolific,https://www.prolific.com/pricing,2026-07-12,0.09519999999999999,0.003,4.76,0.15,4.91
twenty_newsgroups,diversity_al,50,1,sentence_transformer_logreg,sentence-transformers/all-MiniLM-L6-v2,0.08852088766173484,0.16238437821171633,high,Prolific,https://www.prolific.com/pricing,2026-07-12,0.42839999999999995,0.003,21.419999999999998,0.15,21.569999999999997
twenty_newsgroups,diversity_al,100,1,sentence_transformer_logreg,sentence-transformers/all-MiniLM-L6-v2,0.16206126020925085,0.24152106885919836,low,Amazon Mechanical Turk,https://www.mturk.com/pricing,2026-07-12,0.04,0.003,4.0,0.3,4.3
twenty_newsgroups,diversity_al,100,1,sentence_transformer_logreg,sentence-transformers/all-MiniLM-L6-v2,0.16206126020925085,0.24152106885919836,base,Prolific,https://www.prolific.com/pricing,2026-07-12,0.09519999999999999,0.003,9.52,0.3,9.82
twenty_newsgroups,diversity_al,100,1,sentence_transformer_logreg,sentence-transformers/all-MiniLM-L6-v2,0.16206126020925085,0.24152106885919836,high,Prolific,https://www.prolific.com/pricing,2026-07-12,0.42839999999999995,0.003,42.839999999999996,0.3,43.13999999999999
twenty_newsgroups,diversity_al,250,1,sentence_transformer_logreg,sentence-transformers/all-MiniLM-L6-v2,0.40790565355477976,0.460431654676259,low,Amazon Mechanical Turk,https://www.mturk.com/pricing,2026-07-12,0.04,0.003,10.0,0.75,10.75
twenty_newsgroups,diversity_al,250,1,sentence_transformer_logreg,sentence-transformers/all-MiniLM-L6-v2,0.40790565355477976,0.460431654676259,base,Prolific,https://www.prolific.com/pricing,2026-07-12,0.09519999999999999,0.003,23.799999999999997,0.75,24.549999999999997
twenty_newsgroups,diversity_al,250,1,sentence_transformer_logreg,sentence-transformers/all-MiniLM-L6-v2,0.40790565355477976,0.460431654676259,high,Prolific,https://www.prolific.com/pricing,2026-07-12,0.42839999999999995,0.003,107.09999999999998,0.75,107.84999999999998
twenty_newsgroups,diversity_al,500,1,sentence_transformer_logreg,sentence-transformers/all-MiniLM-L6-v2,0.570415149906503,0.6002055498458376,low,Amazon Mechanical Turk,https://www.mturk.com/pricing,2026-07-12,0.04,0.003,20.0,1.5,21.5
twenty_newsgroups,diversity_al,500,1,sentence_transformer_logreg,sentence-transformers/all-MiniLM-L6-v2,0.570415149906503,0.6002055498458376,base,Prolific,https://www.prolific.com/pricing,2026-07-12,0.09519999999999999,0.003,47.599999999999994,1.5,49.099999999999994
twenty_newsgroups,diversity_al,500,1,sentence_transformer_logreg,sentence-transformers/all-MiniLM-L6-v2,0.570415149906503,0.6002055498458376,high,Prolific,https://www.prolific.com/pricing,2026-07-12,0.42839999999999995,0.003,214.19999999999996,1.5,215.69999999999996
twenty_newsgroups,diversity_al,1000,1,sentence_transformer_logreg,sentence-transformers/all-MiniLM-L6-v2,0.6271149032805182,0.6505652620760535,low,Amazon Mechanical Turk,https://www.mturk.com/pricing,2026-07-12,0.04,0.003,40.0,3.0,43.0
twenty_newsgroups,diversity_al,1000,1,sentence_transformer_logreg,sentence-transformers/all-MiniLM-L6-v2,0.6271149032805182,0.6505652620760535,base,Prolific,https://www.prolific.com/pricing,2026-07-12,0.09519999999999999,0.003,95.19999999999999,3.0,98.19999999999999
twenty_newsgroups,diversity_al,1000,1,sentence_transformer_logreg,sentence-transformers/all-MiniLM-L6-v2,0.6271149032805182,0.6505652620760535,high,Prolific,https://www.prolific.com/pricing,2026-07-12,0.42839999999999995,0.003,428.3999999999999,3.0,431.3999999999999
twenty_newsgroups,hybrid_al,50,1,sentence_transformer_logreg,sentence-transformers/all-MiniLM-L6-v2,0.03432659932659933,0.09763617677286741,low,Amazon Mechanical Turk,https://www.mturk.com/pricing,2026-07-12,0.04,0.004,2.0,0.2,2.2
twenty_newsgroups,hybrid_al,50,1,sentence_transformer_logreg,sentence-transformers/all-MiniLM-L6-v2,0.03432659932659933,0.09763617677286741,base,Prolific,https://www.prolific.com/pricing,2026-07-12,0.09519999999999999,0.004,4.76,0.2,4.96
twenty_newsgroups,hybrid_al,50,1,sentence_transformer_logreg,sentence-transformers/all-MiniLM-L6-v2,0.03432659932659933,0.09763617677286741,high,Prolific,https://www.prolific.com/pricing,2026-07-12,0.42839999999999995,0.004,21.419999999999998,0.2,21.619999999999997
twenty_newsgroups,hybrid_al,100,1,sentence_transformer_logreg,sentence-transformers/all-MiniLM-L6-v2,0.21746399386406723,0.2908530318602261,low,Amazon Mechanical Turk,https://www.mturk.com/pricing,2026-07-12,0.04,0.004,4.0,0.4,4.4
twenty_newsgroups,hybrid_al,100,1,sentence_transformer_logreg,sentence-transformers/all-MiniLM-L6-v2,0.21746399386406723,0.2908530318602261,base,Prolific,https://www.prolific.com/pricing,2026-07-12,0.09519999999999999,0.004,9.52,0.4,9.92
twenty_newsgroups,hybrid_al,100,1,sentence_transformer_logreg,sentence-transformers/all-MiniLM-L6-v2,0.21746399386406723,0.2908530318602261,high,Prolific,https://www.prolific.com/pricing,2026-07-12,0.42839999999999995,0.004,42.839999999999996,0.4,43.239999999999995
twenty_newsgroups,hybrid_al,250,1,sentence_transformer_logreg,sentence-transformers/all-MiniLM-L6-v2,0.4452466905022442,0.5005138746145941,low,Amazon Mechanical Turk,https://www.mturk.com/pricing,2026-07-12,0.04,0.004,10.0,1.0,11.0
twenty_newsgroups,hybrid_al,250,1,sentence_transformer_logreg,sentence-transformers/all-MiniLM-L6-v2,0.4452466905022442,0.5005138746145941,base,Prolific,https://www.prolific.com/pricing,2026-07-12,0.09519999999999999,0.004,23.799999999999997,1.0,24.799999999999997
twenty_newsgroups,hybrid_al,250,1,sentence_transformer_logreg,sentence-transformers/all-MiniLM-L6-v2,0.4452466905022442,0.5005138746145941,high,Prolific,https://www.prolific.com/pricing,2026-07-12,0.42839999999999995,0.004,107.09999999999998,1.0,108.09999999999998
twenty_newsgroups,hybrid_al,500,1,sentence_transformer_logreg,sentence-transformers/all-MiniLM-L6-v2,0.5959917688994236,0.6279547790339157,low,Amazon Mechanical Turk,https://www.mturk.com/pricing,2026-07-12,0.04,0.004,20.0,2.0,22.0
twenty_newsgroups,hybrid_al,500,1,sentence_transformer_logreg,sentence-transformers/all-MiniLM-L6-v2,0.5959917688994236,0.6279547790339157,base,Prolific,https://www.prolific.com/pricing,2026-07-12,0.09519999999999999,0.004,47.599999999999994,2.0,49.599999999999994
twenty_newsgroups,hybrid_al,500,1,sentence_transformer_logreg,sentence-transformers/all-MiniLM-L6-v2,0.5959917688994236,0.6279547790339157,high,Prolific,https://www.prolific.com/pricing,2026-07-12,0.42839999999999995,0.004,214.19999999999996,2.0,216.19999999999996
twenty_newsgroups,hybrid_al,1000,1,sentence_transformer_logreg,sentence-transformers/all-MiniLM-L6-v2,0.6271988312484796,0.6505652620760535,low,Amazon Mechanical Turk,https://www.mturk.com/pricing,2026-07-12,0.04,0.004,40.0,4.0,44.0
twenty_newsgroups,hybrid_al,1000,1,sentence_transformer_logreg,sentence-transformers/all-MiniLM-L6-v2,0.6271988312484796,0.6505652620760535,base,Prolific,https://www.prolific.com/pricing,2026-07-12,0.09519999999999999,0.004,95.19999999999999,4.0,99.19999999999999
twenty_newsgroups,hybrid_al,1000,1,sentence_transformer_logreg,sentence-transformers/all-MiniLM-L6-v2,0.6271988312484796,0.6505652620760535,high,Prolific,https://www.prolific.com/pricing,2026-07-12,0.42839999999999995,0.004,428.3999999999999,4.0,432.3999999999999
twenty_newsgroups,random,50,2,sentence_transformer_logreg,sentence-transformers/all-MiniLM-L6-v2,0.10286512601724873,0.15416238437821173,low,Amazon Mechanical Turk,https://www.mturk.com/pricing,2026-07-12,0.04,0.0,2.0,0.0,2.0
twenty_newsgroups,random,50,2,sentence_transformer_logreg,sentence-transformers/all-MiniLM-L6-v2,0.10286512601724873,0.15416238437821173,base,Prolific,https://www.prolific.com/pricing,2026-07-12,0.09519999999999999,0.0,4.76,0.0,4.76
twenty_newsgroups,random,50,2,sentence_transformer_logreg,sentence-transformers/all-MiniLM-L6-v2,0.10286512601724873,0.15416238437821173,high,Prolific,https://www.prolific.com/pricing,2026-07-12,0.42839999999999995,0.0,21.419999999999998,0.0,21.419999999999998
twenty_newsgroups,random,100,2,sentence_transformer_logreg,sentence-transformers/all-MiniLM-L6-v2,0.20620600361627384,0.2970195272353546,low,Amazon Mechanical Turk,https://www.mturk.com/pricing,2026-07-12,0.04,0.0,4.0,0.0,4.0
twenty_newsgroups,random,100,2,sentence_transformer_logreg,sentence-transformers/all-MiniLM-L6-v2,0.20620600361627384,0.2970195272353546,base,Prolific,https://www.prolific.com/pricing,2026-07-12,0.09519999999999999,0.0,9.52,0.0,9.52
twenty_newsgroups,random,100,2,sentence_transformer_logreg,sentence-transformers/all-MiniLM-L6-v2,0.20620600361627384,0.2970195272353546,high,Prolific,https://www.prolific.com/pricing,2026-07-12,0.42839999999999995,0.0,42.839999999999996,0.0,42.839999999999996
twenty_newsgroups,random,250,2,sentence_transformer_logreg,sentence-transformers/all-MiniLM-L6-v2,0.46390960139632104,0.5190133607399794,low,Amazon Mechanical Turk,https://www.mturk.com/pricing,2026-07-12,0.04,0.0,10.0,0.0,10.0
twenty_newsgroups,random,250,2,sentence_transformer_logreg,sentence-transformers/all-MiniLM-L6-v2,0.46390960139632104,0.5190133607399794,base,Prolific,https://www.prolific.com/pricing,2026-07-12,0.09519999999999999,0.0,23.799999999999997,0.0,23.799999999999997
twenty_newsgroups,random,250,2,sentence_transformer_logreg,sentence-transformers/all-MiniLM-L6-v2,0.46390960139632104,0.5190133607399794,high,Prolific,https://www.prolific.com/pricing,2026-07-12,0.42839999999999995,0.0,107.09999999999998,0.0,107.09999999999998
twenty_newsgroups,random,500,2,sentence_transformer_logreg,sentence-transformers/all-MiniLM-L6-v2,0.566778115068125,0.6156217882836588,low,Amazon Mechanical Turk,https://www.mturk.com/pricing,2026-07-12,0.04,0.0,20.0,0.0,20.0
twenty_newsgroups,random,500,2,sentence_transformer_logreg,sentence-transformers/all-MiniLM-L6-v2,0.566778115068125,0.6156217882836588,base,Prolific,https://www.prolific.com/pricing,2026-07-12,0.09519999999999999,0.0,47.599999999999994,0.0,47.599999999999994
twenty_newsgroups,random,500,2,sentence_transformer_logreg,sentence-transformers/all-MiniLM-L6-v2,0.566778115068125,0.6156217882836588,high,Prolific,https://www.prolific.com/pricing,2026-07-12,0.42839999999999995,0.0,214.19999999999996,0.0,214.19999999999996
twenty_newsgroups,random,1000,2,sentence_transformer_logreg,sentence-transformers/all-MiniLM-L6-v2,0.6268199287067793,0.6505652620760535,low,Amazon Mechanical Turk,https://www.mturk.com/pricing,2026-07-12,0.04,0.0,40.0,0.0,40.0
twenty_newsgroups,random,1000,2,sentence_transformer_logreg,sentence-transformers/all-MiniLM-L6-v2,0.6268199287067793,0.6505652620760535,base,Prolific,https://www.prolific.com/pricing,2026-07-12,0.09519999999999999,0.0,95.19999999999999,0.0,95.19999999999999
twenty_newsgroups,random,1000,2,sentence_transformer_logreg,sentence-transformers/all-MiniLM-L6-v2,0.6268199287067793,0.6505652620760535,high,Prolific,https://www.prolific.com/pricing,2026-07-12,0.42839999999999995,0.0,428.3999999999999,0.0,428.3999999999999
twenty_newsgroups,uncertainty_al,50,2,sentence_transformer_logreg,sentence-transformers/all-MiniLM-L6-v2,0.07300536999403776,0.144912641315519,low,Amazon Mechanical Turk,https://www.mturk.com/pricing,2026-07-12,0.04,0.002,2.0,0.1,2.1
twenty_newsgroups,uncertainty_al,50,2,sentence_transformer_logreg,sentence-transformers/all-MiniLM-L6-v2,0.07300536999403776,0.144912641315519,base,Prolific,https://www.prolific.com/pricing,2026-07-12,0.09519999999999999,0.002,4.76,0.1,4.859999999999999
twenty_newsgroups,uncertainty_al,50,2,sentence_transformer_logreg,sentence-transformers/all-MiniLM-L6-v2,0.07300536999403776,0.144912641315519,high,Prolific,https://www.prolific.com/pricing,2026-07-12,0.42839999999999995,0.002,21.419999999999998,0.1,21.52
twenty_newsgroups,uncertainty_al,100,2,sentence_transformer_logreg,sentence-transformers/all-MiniLM-L6-v2,0.25466239113481887,0.33504624871531347,low,Amazon Mechanical Turk,https://www.mturk.com/pricing,2026-07-12,0.04,0.002,4.0,0.2,4.2
twenty_newsgroups,uncertainty_al,100,2,sentence_transformer_logreg,sentence-transformers/all-MiniLM-L6-v2,0.25466239113481887,0.33504624871531347,base,Prolific,https://www.prolific.com/pricing,2026-07-12,0.09519999999999999,0.002,9.52,0.2,9.719999999999999
twenty_newsgroups,uncertainty_al,100,2,sentence_transformer_logreg,sentence-transformers/all-MiniLM-L6-v2,0.25466239113481887,0.33504624871531347,high,Prolific,https://www.prolific.com/pricing,2026-07-12,0.42839999999999995,0.002,42.839999999999996,0.2,43.04
twenty_newsgroups,uncertainty_al,250,2,sentence_transformer_logreg,sentence-transformers/all-MiniLM-L6-v2,0.3091624249878971,0.3699897225077081,low,Amazon Mechanical Turk,https://www.mturk.com/pricing,2026-07-12,0.04,0.002,10.0,0.5,10.5
twenty_newsgroups,uncertainty_al,250,2,sentence_transformer_logreg,sentence-transformers/all-MiniLM-L6-v2,0.3091624249878971,0.3699897225077081,base,Prolific,https://www.prolific.com/pricing,2026-07-12,0.09519999999999999,0.002,23.799999999999997,0.5,24.299999999999997
twenty_newsgroups,uncertainty_al,250,2,sentence_transformer_logreg,sentence-transformers/all-MiniLM-L6-v2,0.3091624249878971,0.3699897225077081,high,Prolific,https://www.prolific.com/pricing,2026-07-12,0.42839999999999995,0.002,107.09999999999998,0.5,107.59999999999998
twenty_newsgroups,uncertainty_al,500,2,sentence_transformer_logreg,sentence-transformers/all-MiniLM-L6-v2,0.576506866238222,0.605344295991778,low,Amazon Mechanical Turk,https://www.mturk.com/pricing,2026-07-12,0.04,0.002,20.0,1.0,21.0
twenty_newsgroups,uncertainty_al,500,2,sentence_transformer_logreg,sentence-transformers/all-MiniLM-L6-v2,0.576506866238222,0.605344295991778,base,Prolific,https://www.prolific.com/pricing,2026-07-12,0.09519999999999999,0.002,47.599999999999994,1.0,48.599999999999994
twenty_newsgroups,uncertainty_al,500,2,sentence_transformer_logreg,sentence-transformers/all-MiniLM-L6-v2,0.576506866238222,0.605344295991778,high,Prolific,https://www.prolific.com/pricing,2026-07-12,0.42839999999999995,0.002,214.19999999999996,1.0,215.19999999999996
twenty_newsgroups,uncertainty_al,1000,2,sentence_transformer_logreg,sentence-transformers/all-MiniLM-L6-v2,0.6247505721961908,0.6546762589928058,low,Amazon Mechanical Turk,https://www.mturk.com/pricing,2026-07-12,0.04,0.002,40.0,2.0,42.0
twenty_newsgroups,uncertainty_al,1000,2,sentence_transformer_logreg,sentence-transformers/all-MiniLM-L6-v2,0.6247505721961908,0.6546762589928058,base,Prolific,https://www.prolific.com/pricing,2026-07-12,0.09519999999999999,0.002,95.19999999999999,2.0,97.19999999999999
twenty_newsgroups,uncertainty_al,1000,2,sentence_transformer_logreg,sentence-transformers/all-MiniLM-L6-v2,0.6247505721961908,0.6546762589928058,high,Prolific,https://www.prolific.com/pricing,2026-07-12,0.42839999999999995,0.002,428.3999999999999,2.0,430.3999999999999
twenty_newsgroups,diversity_al,50,2,sentence_transformer_logreg,sentence-transformers/all-MiniLM-L6-v2,0.07117843049155548,0.1130524152106886,low,Amazon Mechanical Turk,https://www.mturk.com/pricing,2026-07-12,0.04,0.003,2.0,0.15,2.15
twenty_newsgroups,diversity_al,50,2,sentence_transformer_logreg,sentence-transformers/all-MiniLM-L6-v2,0.07117843049155548,0.1130524152106886,base,Prolific,https://www.prolific.com/pricing,2026-07-12,0.09519999999999999,0.003,4.76,0.15,4.91
twenty_newsgroups,diversity_al,50,2,sentence_transformer_logreg,sentence-transformers/all-MiniLM-L6-v2,0.07117843049155548,0.1130524152106886,high,Prolific,https://www.prolific.com/pricing,2026-07-12,0.42839999999999995,0.003,21.419999999999998,0.15,21.569999999999997
twenty_newsgroups,diversity_al,100,2,sentence_transformer_logreg,sentence-transformers/all-MiniLM-L6-v2,0.11648313534841115,0.20246659815005139,low,Amazon Mechanical Turk,https://www.mturk.com/pricing,2026-07-12,0.04,0.003,4.0,0.3,4.3
twenty_newsgroups,diversity_al,100,2,sentence_transformer_logreg,sentence-transformers/all-MiniLM-L6-v2,0.11648313534841115,0.20246659815005139,base,Prolific,https://www.prolific.com/pricing,2026-07-12,0.09519999999999999,0.003,9.52,0.3,9.82
twenty_newsgroups,diversity_al,100,2,sentence_transformer_logreg,sentence-transformers/all-MiniLM-L6-v2,0.11648313534841115,0.20246659815005139,high,Prolific,https://www.prolific.com/pricing,2026-07-12,0.42839999999999995,0.003,42.839999999999996,0.3,43.13999999999999
twenty_newsgroups,diversity_al,250,2,sentence_transformer_logreg,sentence-transformers/all-MiniLM-L6-v2,0.41170921592848914,0.46659815005138744,low,Amazon Mechanical Turk,https://www.mturk.com/pricing,2026-07-12,0.04,0.003,10.0,0.75,10.75
twenty_newsgroups,diversity_al,250,2,sentence_transformer_logreg,sentence-transformers/all-MiniLM-L6-v2,0.41170921592848914,0.46659815005138744,base,Prolific,https://www.prolific.com/pricing,2026-07-12,0.09519999999999999,0.003,23.799999999999997,0.75,24.549999999999997
twenty_newsgroups,diversity_al,250,2,sentence_transformer_logreg,sentence-transformers/all-MiniLM-L6-v2,0.41170921592848914,0.46659815005138744,high,Prolific,https://www.prolific.com/pricing,2026-07-12,0.42839999999999995,0.003,107.09999999999998,0.75,107.84999999999998
twenty_newsgroups,diversity_al,500,2,sentence_transformer_logreg,sentence-transformers/all-MiniLM-L6-v2,0.5570820369789591,0.5878725590955807,low,Amazon Mechanical Turk,https://www.mturk.com/pricing,2026-07-12,0.04,0.003,20.0,1.5,21.5
twenty_newsgroups,diversity_al,500,2,sentence_transformer_logreg,sentence-transformers/all-MiniLM-L6-v2,0.5570820369789591,0.5878725590955807,base,Prolific,https://www.prolific.com/pricing,2026-07-12,0.09519999999999999,0.003,47.599999999999994,1.5,49.099999999999994
twenty_newsgroups,diversity_al,500,2,sentence_transformer_logreg,sentence-transformers/all-MiniLM-L6-v2,0.5570820369789591,0.5878725590955807,high,Prolific,https://www.prolific.com/pricing,2026-07-12,0.42839999999999995,0.003,214.19999999999996,1.5,215.69999999999996
twenty_newsgroups,diversity_al,1000,2,sentence_transformer_logreg,sentence-transformers/all-MiniLM-L6-v2,0.6228906022069647,0.6464542651593012,low,Amazon Mechanical Turk,https://www.mturk.com/pricing,2026-07-12,0.04,0.003,40.0,3.0,43.0
twenty_newsgroups,diversity_al,1000,2,sentence_transformer_logreg,sentence-transformers/all-MiniLM-L6-v2,0.6228906022069647,0.6464542651593012,base,Prolific,https://www.prolific.com/pricing,2026-07-12,0.09519999999999999,0.003,95.19999999999999,3.0,98.19999999999999
twenty_newsgroups,diversity_al,1000,2,sentence_transformer_logreg,sentence-transformers/all-MiniLM-L6-v2,0.6228906022069647,0.6464542651593012,high,Prolific,https://www.prolific.com/pricing,2026-07-12,0.42839999999999995,0.003,428.3999999999999,3.0,431.3999999999999
twenty_newsgroups,hybrid_al,50,2,sentence_transformer_logreg,sentence-transformers/all-MiniLM-L6-v2,0.07190570749733491,0.1079136690647482,low,Amazon Mechanical Turk,https://www.mturk.com/pricing,2026-07-12,0.04,0.004,2.0,0.2,2.2
twenty_newsgroups,hybrid_al,50,2,sentence_transformer_logreg,sentence-transformers/all-MiniLM-L6-v2,0.07190570749733491,0.1079136690647482,base,Prolific,https://www.prolific.com/pricing,2026-07-12,0.09519999999999999,0.004,4.76,0.2,4.96
twenty_newsgroups,hybrid_al,50,2,sentence_transformer_logreg,sentence-transformers/all-MiniLM-L6-v2,0.07190570749733491,0.1079136690647482,high,Prolific,https://www.prolific.com/pricing,2026-07-12,0.42839999999999995,0.004,21.419999999999998,0.2,21.619999999999997
twenty_newsgroups,hybrid_al,100,2,sentence_transformer_logreg,sentence-transformers/all-MiniLM-L6-v2,0.08353817415554281,0.17985611510791366,low,Amazon Mechanical Turk,https://www.mturk.com/pricing,2026-07-12,0.04,0.004,4.0,0.4,4.4
twenty_newsgroups,hybrid_al,100,2,sentence_transformer_logreg,sentence-transformers/all-MiniLM-L6-v2,0.08353817415554281,0.17985611510791366,base,Prolific,https://www.prolific.com/pricing,2026-07-12,0.09519999999999999,0.004,9.52,0.4,9.92
twenty_newsgroups,hybrid_al,100,2,sentence_transformer_logreg,sentence-transformers/all-MiniLM-L6-v2,0.08353817415554281,0.17985611510791366,high,Prolific,https://www.prolific.com/pricing,2026-07-12,0.42839999999999995,0.004,42.839999999999996,0.4,43.239999999999995
twenty_newsgroups,hybrid_al,250,2,sentence_transformer_logreg,sentence-transformers/all-MiniLM-L6-v2,0.492349682919537,0.5292908530318602,low,Amazon Mechanical Turk,https://www.mturk.com/pricing,2026-07-12,0.04,0.004,10.0,1.0,11.0
twenty_newsgroups,hybrid_al,250,2,sentence_transformer_logreg,sentence-transformers/all-MiniLM-L6-v2,0.492349682919537,0.5292908530318602,base,Prolific,https://www.prolific.com/pricing,2026-07-12,0.09519999999999999,0.004,23.799999999999997,1.0,24.799999999999997
twenty_newsgroups,hybrid_al,250,2,sentence_transformer_logreg,sentence-transformers/all-MiniLM-L6-v2,0.492349682919537,0.5292908530318602,high,Prolific,https://www.prolific.com/pricing,2026-07-12,0.42839999999999995,0.004,107.09999999999998,1.0,108.09999999999998
twenty_newsgroups,hybrid_al,500,2,sentence_transformer_logreg,sentence-transformers/all-MiniLM-L6-v2,0.6037621063537387,0.6402877697841727,low,Amazon Mechanical Turk,https://www.mturk.com/pricing,2026-07-12,0.04,0.004,20.0,2.0,22.0
twenty_newsgroups,hybrid_al,500,2,sentence_transformer_logreg,sentence-transformers/all-MiniLM-L6-v2,0.6037621063537387,0.6402877697841727,base,Prolific,https://www.prolific.com/pricing,2026-07-12,0.09519999999999999,0.004,47.599999999999994,2.0,49.599999999999994
twenty_newsgroups,hybrid_al,500,2,sentence_transformer_logreg,sentence-transformers/all-MiniLM-L6-v2,0.6037621063537387,0.6402877697841727,high,Prolific,https://www.prolific.com/pricing,2026-07-12,0.42839999999999995,0.004,214.19999999999996,2.0,216.19999999999996
twenty_newsgroups,hybrid_al,1000,2,sentence_transformer_logreg,sentence-transformers/all-MiniLM-L6-v2,0.6221351251252992,0.6474820143884892,low,Amazon Mechanical Turk,https://www.mturk.com/pricing,2026-07-12,0.04,0.004,40.0,4.0,44.0
twenty_newsgroups,hybrid_al,1000,2,sentence_transformer_logreg,sentence-transformers/all-MiniLM-L6-v2,0.6221351251252992,0.6474820143884892,base,Prolific,https://www.prolific.com/pricing,2026-07-12,0.09519999999999999,0.004,95.19999999999999,4.0,99.19999999999999
twenty_newsgroups,hybrid_al,1000,2,sentence_transformer_logreg,sentence-transformers/all-MiniLM-L6-v2,0.6221351251252992,0.6474820143884892,high,Prolific,https://www.prolific.com/pricing,2026-07-12,0.42839999999999995,0.004,428.3999999999999,4.0,432.3999999999999
rotten_tomatoes,random,50,0,sentence_transformer_logreg,sentence-transformers/all-MiniLM-L6-v2,0.539894512400404,0.59,low,Amazon Mechanical Turk,https://www.mturk.com/pricing,2026-07-12,0.04,0.0,2.0,0.0,2.0
rotten_tomatoes,random,50,0,sentence_transformer_logreg,sentence-transformers/all-MiniLM-L6-v2,0.539894512400404,0.59,base,Prolific,https://www.prolific.com/pricing,2026-07-12,0.09519999999999999,0.0,4.76,0.0,4.76
rotten_tomatoes,random,50,0,sentence_transformer_logreg,sentence-transformers/all-MiniLM-L6-v2,0.539894512400404,0.59,high,Prolific,https://www.prolific.com/pricing,2026-07-12,0.42839999999999995,0.0,21.419999999999998,0.0,21.419999999999998
rotten_tomatoes,random,100,0,sentence_transformer_logreg,sentence-transformers/all-MiniLM-L6-v2,0.6653401969016587,0.67,low,Amazon Mechanical Turk,https://www.mturk.com/pricing,2026-07-12,0.04,0.0,4.0,0.0,4.0
rotten_tomatoes,random,100,0,sentence_transformer_logreg,sentence-transformers/all-MiniLM-L6-v2,0.6653401969016587,0.67,base,Prolific,https://www.prolific.com/pricing,2026-07-12,0.09519999999999999,0.0,9.52,0.0,9.52
rotten_tomatoes,random,100,0,sentence_transformer_logreg,sentence-transformers/all-MiniLM-L6-v2,0.6653401969016587,0.67,high,Prolific,https://www.prolific.com/pricing,2026-07-12,0.42839999999999995,0.0,42.839999999999996,0.0,42.839999999999996
rotten_tomatoes,random,250,0,sentence_transformer_logreg,sentence-transformers/all-MiniLM-L6-v2,0.7099534314120435,0.712,low,Amazon Mechanical Turk,https://www.mturk.com/pricing,2026-07-12,0.04,0.0,10.0,0.0,10.0
rotten_tomatoes,random,250,0,sentence_transformer_logreg,sentence-transformers/all-MiniLM-L6-v2,0.7099534314120435,0.712,base,Prolific,https://www.prolific.com/pricing,2026-07-12,0.09519999999999999,0.0,23.799999999999997,0.0,23.799999999999997
rotten_tomatoes,random,250,0,sentence_transformer_logreg,sentence-transformers/all-MiniLM-L6-v2,0.7099534314120435,0.712,high,Prolific,https://www.prolific.com/pricing,2026-07-12,0.42839999999999995,0.0,107.09999999999998,0.0,107.09999999999998
rotten_tomatoes,random,500,0,sentence_transformer_logreg,sentence-transformers/all-MiniLM-L6-v2,0.7319828469022017,0.732,low,Amazon Mechanical Turk,https://www.mturk.com/pricing,2026-07-12,0.04,0.0,20.0,0.0,20.0
rotten_tomatoes,random,500,0,sentence_transformer_logreg,sentence-transformers/all-MiniLM-L6-v2,0.7319828469022017,0.732,base,Prolific,https://www.prolific.com/pricing,2026-07-12,0.09519999999999999,0.0,47.599999999999994,0.0,47.599999999999994
rotten_tomatoes,random,500,0,sentence_transformer_logreg,sentence-transformers/all-MiniLM-L6-v2,0.7319828469022017,0.732,high,Prolific,https://www.prolific.com/pricing,2026-07-12,0.42839999999999995,0.0,214.19999999999996,0.0,214.19999999999996
rotten_tomatoes,random,1000,0,sentence_transformer_logreg,sentence-transformers/all-MiniLM-L6-v2,0.7338200623621568,0.734,low,Amazon Mechanical Turk,https://www.mturk.com/pricing,2026-07-12,0.04,0.0,40.0,0.0,40.0
rotten_tomatoes,random,1000,0,sentence_transformer_logreg,sentence-transformers/all-MiniLM-L6-v2,0.7338200623621568,0.734,base,Prolific,https://www.prolific.com/pricing,2026-07-12,0.09519999999999999,0.0,95.19999999999999,0.0,95.19999999999999
rotten_tomatoes,random,1000,0,sentence_transformer_logreg,sentence-transformers/all-MiniLM-L6-v2,0.7338200623621568,0.734,high,Prolific,https://www.prolific.com/pricing,2026-07-12,0.42839999999999995,0.0,428.3999999999999,0.0,428.3999999999999
rotten_tomatoes,uncertainty_al,50,0,sentence_transformer_logreg,sentence-transformers/all-MiniLM-L6-v2,0.4676874308442238,0.555,low,Amazon Mechanical Turk,https://www.mturk.com/pricing,2026-07-12,0.04,0.002,2.0,0.1,2.1
rotten_tomatoes,uncertainty_al,50,0,sentence_transformer_logreg,sentence-transformers/all-MiniLM-L6-v2,0.4676874308442238,0.555,base,Prolific,https://www.prolific.com/pricing,2026-07-12,0.09519999999999999,0.002,4.76,0.1,4.859999999999999
rotten_tomatoes,uncertainty_al,50,0,sentence_transformer_logreg,sentence-transformers/all-MiniLM-L6-v2,0.4676874308442238,0.555,high,Prolific,https://www.prolific.com/pricing,2026-07-12,0.42839999999999995,0.002,21.419999999999998,0.1,21.52
rotten_tomatoes,uncertainty_al,100,0,sentence_transformer_logreg,sentence-transformers/all-MiniLM-L6-v2,0.6528489563321072,0.663,low,Amazon Mechanical Turk,https://www.mturk.com/pricing,2026-07-12,0.04,0.002,4.0,0.2,4.2
rotten_tomatoes,uncertainty_al,100,0,sentence_transformer_logreg,sentence-transformers/all-MiniLM-L6-v2,0.6528489563321072,0.663,base,Prolific,https://www.prolific.com/pricing,2026-07-12,0.09519999999999999,0.002,9.52,0.2,9.719999999999999
rotten_tomatoes,uncertainty_al,100,0,sentence_transformer_logreg,sentence-transformers/all-MiniLM-L6-v2,0.6528489563321072,0.663,high,Prolific,https://www.prolific.com/pricing,2026-07-12,0.42839999999999995,0.002,42.839999999999996,0.2,43.04
rotten_tomatoes,uncertainty_al,250,0,sentence_transformer_logreg,sentence-transformers/all-MiniLM-L6-v2,0.6795181888544892,0.682,low,Amazon Mechanical Turk,https://www.mturk.com/pricing,2026-07-12,0.04,0.002,10.0,0.5,10.5
rotten_tomatoes,uncertainty_al,250,0,sentence_transformer_logreg,sentence-transformers/all-MiniLM-L6-v2,0.6795181888544892,0.682,base,Prolific,https://www.prolific.com/pricing,2026-07-12,0.09519999999999999,0.002,23.799999999999997,0.5,24.299999999999997
rotten_tomatoes,uncertainty_al,250,0,sentence_transformer_logreg,sentence-transformers/all-MiniLM-L6-v2,0.6795181888544892,0.682,high,Prolific,https://www.prolific.com/pricing,2026-07-12,0.42839999999999995,0.002,107.09999999999998,0.5,107.59999999999998
rotten_tomatoes,uncertainty_al,500,0,sentence_transformer_logreg,sentence-transformers/all-MiniLM-L6-v2,0.7370533922119631,0.738,low,Amazon Mechanical Turk,https://www.mturk.com/pricing,2026-07-12,0.04,0.002,20.0,1.0,21.0
rotten_tomatoes,uncertainty_al,500,0,sentence_transformer_logreg,sentence-transformers/all-MiniLM-L6-v2,0.7370533922119631,0.738,base,Prolific,https://www.prolific.com/pricing,2026-07-12,0.09519999999999999,0.002,47.599999999999994,1.0,48.599999999999994
rotten_tomatoes,uncertainty_al,500,0,sentence_transformer_logreg,sentence-transformers/all-MiniLM-L6-v2,0.7370533922119631,0.738,high,Prolific,https://www.prolific.com/pricing,2026-07-12,0.42839999999999995,0.002,214.19999999999996,1.0,215.19999999999996
rotten_tomatoes,uncertainty_al,1000,0,sentence_transformer_logreg,sentence-transformers/all-MiniLM-L6-v2,0.7371156570703847,0.738,low,Amazon Mechanical Turk,https://www.mturk.com/pricing,2026-07-12,0.04,0.002,40.0,2.0,42.0
rotten_tomatoes,uncertainty_al,1000,0,sentence_transformer_logreg,sentence-transformers/all-MiniLM-L6-v2,0.7371156570703847,0.738,base,Prolific,https://www.prolific.com/pricing,2026-07-12,0.09519999999999999,0.002,95.19999999999999,2.0,97.19999999999999
rotten_tomatoes,uncertainty_al,1000,0,sentence_transformer_logreg,sentence-transformers/all-MiniLM-L6-v2,0.7371156570703847,0.738,high,Prolific,https://www.prolific.com/pricing,2026-07-12,0.42839999999999995,0.002,428.3999999999999,2.0,430.3999999999999
rotten_tomatoes,diversity_al,50,0,sentence_transformer_logreg,sentence-transformers/all-MiniLM-L6-v2,0.3855238698856456,0.523,low,Amazon Mechanical Turk,https://www.mturk.com/pricing,2026-07-12,0.04,0.003,2.0,0.15,2.15
rotten_tomatoes,diversity_al,50,0,sentence_transformer_logreg,sentence-transformers/all-MiniLM-L6-v2,0.3855238698856456,0.523,base,Prolific,https://www.prolific.com/pricing,2026-07-12,0.09519999999999999,0.003,4.76,0.15,4.91
rotten_tomatoes,diversity_al,50,0,sentence_transformer_logreg,sentence-transformers/all-MiniLM-L6-v2,0.3855238698856456,0.523,high,Prolific,https://www.prolific.com/pricing,2026-07-12,0.42839999999999995,0.003,21.419999999999998,0.15,21.569999999999997
rotten_tomatoes,diversity_al,100,0,sentence_transformer_logreg,sentence-transformers/all-MiniLM-L6-v2,0.6023796383610219,0.634,low,Amazon Mechanical Turk,https://www.mturk.com/pricing,2026-07-12,0.04,0.003,4.0,0.3,4.3
rotten_tomatoes,diversity_al,100,0,sentence_transformer_logreg,sentence-transformers/all-MiniLM-L6-v2,0.6023796383610219,0.634,base,Prolific,https://www.prolific.com/pricing,2026-07-12,0.09519999999999999,0.003,9.52,0.3,9.82
rotten_tomatoes,diversity_al,100,0,sentence_transformer_logreg,sentence-transformers/all-MiniLM-L6-v2,0.6023796383610219,0.634,high,Prolific,https://www.prolific.com/pricing,2026-07-12,0.42839999999999995,0.003,42.839999999999996,0.3,43.13999999999999
rotten_tomatoes,diversity_al,250,0,sentence_transformer_logreg,sentence-transformers/all-MiniLM-L6-v2,0.7056297550657478,0.709,low,Amazon Mechanical Turk,https://www.mturk.com/pricing,2026-07-12,0.04,0.003,10.0,0.75,10.75
rotten_tomatoes,diversity_al,250,0,sentence_transformer_logreg,sentence-transformers/all-MiniLM-L6-v2,0.7056297550657478,0.709,base,Prolific,https://www.prolific.com/pricing,2026-07-12,0.09519999999999999,0.003,23.799999999999997,0.75,24.549999999999997
rotten_tomatoes,diversity_al,250,0,sentence_transformer_logreg,sentence-transformers/all-MiniLM-L6-v2,0.7056297550657478,0.709,high,Prolific,https://www.prolific.com/pricing,2026-07-12,0.42839999999999995,0.003,107.09999999999998,0.75,107.84999999999998
rotten_tomatoes,diversity_al,500,0,sentence_transformer_logreg,sentence-transformers/all-MiniLM-L6-v2,0.6955139390886257,0.699,low,Amazon Mechanical Turk,https://www.mturk.com/pricing,2026-07-12,0.04,0.003,20.0,1.5,21.5
rotten_tomatoes,diversity_al,500,0,sentence_transformer_logreg,sentence-transformers/all-MiniLM-L6-v2,0.6955139390886257,0.699,base,Prolific,https://www.prolific.com/pricing,2026-07-12,0.09519999999999999,0.003,47.599999999999994,1.5,49.099999999999994
rotten_tomatoes,diversity_al,500,0,sentence_transformer_logreg,sentence-transformers/all-MiniLM-L6-v2,0.6955139390886257,0.699,high,Prolific,https://www.prolific.com/pricing,2026-07-12,0.42839999999999995,0.003,214.19999999999996,1.5,215.69999999999996
rotten_tomatoes,diversity_al,1000,0,sentence_transformer_logreg,sentence-transformers/all-MiniLM-L6-v2,0.7348597408028847,0.735,low,Amazon Mechanical Turk,https://www.mturk.com/pricing,2026-07-12,0.04,0.003,40.0,3.0,43.0
rotten_tomatoes,diversity_al,1000,0,sentence_transformer_logreg,sentence-transformers/all-MiniLM-L6-v2,0.7348597408028847,0.735,base,Prolific,https://www.prolific.com/pricing,2026-07-12,0.09519999999999999,0.003,95.19999999999999,3.0,98.19999999999999
rotten_tomatoes,diversity_al,1000,0,sentence_transformer_logreg,sentence-transformers/all-MiniLM-L6-v2,0.7348597408028847,0.735,high,Prolific,https://www.prolific.com/pricing,2026-07-12,0.42839999999999995,0.003,428.3999999999999,3.0,431.3999999999999
rotten_tomatoes,hybrid_al,50,0,sentence_transformer_logreg,sentence-transformers/all-MiniLM-L6-v2,0.465623981753014,0.549,low,Amazon Mechanical Turk,https://www.mturk.com/pricing,2026-07-12,0.04,0.004,2.0,0.2,2.2
rotten_tomatoes,hybrid_al,50,0,sentence_transformer_logreg,sentence-transformers/all-MiniLM-L6-v2,0.465623981753014,0.549,base,Prolific,https://www.prolific.com/pricing,2026-07-12,0.09519999999999999,0.004,4.76,0.2,4.96
rotten_tomatoes,hybrid_al,50,0,sentence_transformer_logreg,sentence-transformers/all-MiniLM-L6-v2,0.465623981753014,0.549,high,Prolific,https://www.prolific.com/pricing,2026-07-12,0.42839999999999995,0.004,21.419999999999998,0.2,21.619999999999997
rotten_tomatoes,hybrid_al,100,0,sentence_transformer_logreg,sentence-transformers/all-MiniLM-L6-v2,0.6377776037996816,0.653,low,Amazon Mechanical Turk,https://www.mturk.com/pricing,2026-07-12,0.04,0.004,4.0,0.4,4.4
rotten_tomatoes,hybrid_al,100,0,sentence_transformer_logreg,sentence-transformers/all-MiniLM-L6-v2,0.6377776037996816,0.653,base,Prolific,https://www.prolific.com/pricing,2026-07-12,0.09519999999999999,0.004,9.52,0.4,9.92
rotten_tomatoes,hybrid_al,100,0,sentence_transformer_logreg,sentence-transformers/all-MiniLM-L6-v2,0.6377776037996816,0.653,high,Prolific,https://www.prolific.com/pricing,2026-07-12,0.42839999999999995,0.004,42.839999999999996,0.4,43.239999999999995
rotten_tomatoes,hybrid_al,250,0,sentence_transformer_logreg,sentence-transformers/all-MiniLM-L6-v2,0.7077653084281088,0.709,low,Amazon Mechanical Turk,https://www.mturk.com/pricing,2026-07-12,0.04,0.004,10.0,1.0,11.0
rotten_tomatoes,hybrid_al,250,0,sentence_transformer_logreg,sentence-transformers/all-MiniLM-L6-v2,0.7077653084281088,0.709,base,Prolific,https://www.prolific.com/pricing,2026-07-12,0.09519999999999999,0.004,23.799999999999997,1.0,24.799999999999997
rotten_tomatoes,hybrid_al,250,0,sentence_transformer_logreg,sentence-transformers/all-MiniLM-L6-v2,0.7077653084281088,0.709,high,Prolific,https://www.prolific.com/pricing,2026-07-12,0.42839999999999995,0.004,107.09999999999998,1.0,108.09999999999998
rotten_tomatoes,hybrid_al,500,0,sentence_transformer_logreg,sentence-transformers/all-MiniLM-L6-v2,0.7272045284048285,0.728,low,Amazon Mechanical Turk,https://www.mturk.com/pricing,2026-07-12,0.04,0.004,20.0,2.0,22.0
rotten_tomatoes,hybrid_al,500,0,sentence_transformer_logreg,sentence-transformers/all-MiniLM-L6-v2,0.7272045284048285,0.728,base,Prolific,https://www.prolific.com/pricing,2026-07-12,0.09519999999999999,0.004,47.599999999999994,2.0,49.599999999999994
rotten_tomatoes,hybrid_al,500,0,sentence_transformer_logreg,sentence-transformers/all-MiniLM-L6-v2,0.7272045284048285,0.728,high,Prolific,https://www.prolific.com/pricing,2026-07-12,0.42839999999999995,0.004,214.19999999999996,2.0,216.19999999999996
rotten_tomatoes,hybrid_al,1000,0,sentence_transformer_logreg,sentence-transformers/all-MiniLM-L6-v2,0.7219822068612392,0.722,low,Amazon Mechanical Turk,https://www.mturk.com/pricing,2026-07-12,0.04,0.004,40.0,4.0,44.0
rotten_tomatoes,hybrid_al,1000,0,sentence_transformer_logreg,sentence-transformers/all-MiniLM-L6-v2,0.7219822068612392,0.722,base,Prolific,https://www.prolific.com/pricing,2026-07-12,0.09519999999999999,0.004,95.19999999999999,4.0,99.19999999999999
rotten_tomatoes,hybrid_al,1000,0,sentence_transformer_logreg,sentence-transformers/all-MiniLM-L6-v2,0.7219822068612392,0.722,high,Prolific,https://www.prolific.com/pricing,2026-07-12,0.42839999999999995,0.004,428.3999999999999,4.0,432.3999999999999
rotten_tomatoes,random,50,1,sentence_transformer_logreg,sentence-transformers/all-MiniLM-L6-v2,0.6486173442879295,0.649,low,Amazon Mechanical Turk,https://www.mturk.com/pricing,2026-07-12,0.04,0.0,2.0,0.0,2.0
rotten_tomatoes,random,50,1,sentence_transformer_logreg,sentence-transformers/all-MiniLM-L6-v2,0.6486173442879295,0.649,base,Prolific,https://www.prolific.com/pricing,2026-07-12,0.09519999999999999,0.0,4.76,0.0,4.76
rotten_tomatoes,random,50,1,sentence_transformer_logreg,sentence-transformers/all-MiniLM-L6-v2,0.6486173442879295,0.649,high,Prolific,https://www.prolific.com/pricing,2026-07-12,0.42839999999999995,0.0,21.419999999999998,0.0,21.419999999999998
rotten_tomatoes,random,100,1,sentence_transformer_logreg,sentence-transformers/all-MiniLM-L6-v2,0.6828582898434363,0.684,low,Amazon Mechanical Turk,https://www.mturk.com/pricing,2026-07-12,0.04,0.0,4.0,0.0,4.0
rotten_tomatoes,random,100,1,sentence_transformer_logreg,sentence-transformers/all-MiniLM-L6-v2,0.6828582898434363,0.684,base,Prolific,https://www.prolific.com/pricing,2026-07-12,0.09519999999999999,0.0,9.52,0.0,9.52
rotten_tomatoes,random,100,1,sentence_transformer_logreg,sentence-transformers/all-MiniLM-L6-v2,0.6828582898434363,0.684,high,Prolific,https://www.prolific.com/pricing,2026-07-12,0.42839999999999995,0.0,42.839999999999996,0.0,42.839999999999996
rotten_tomatoes,random,250,1,sentence_transformer_logreg,sentence-transformers/all-MiniLM-L6-v2,0.7065983331180385,0.707,low,Amazon Mechanical Turk,https://www.mturk.com/pricing,2026-07-12,0.04,0.0,10.0,0.0,10.0
rotten_tomatoes,random,250,1,sentence_transformer_logreg,sentence-transformers/all-MiniLM-L6-v2,0.7065983331180385,0.707,base,Prolific,https://www.prolific.com/pricing,2026-07-12,0.09519999999999999,0.0,23.799999999999997,0.0,23.799999999999997
rotten_tomatoes,random,250,1,sentence_transformer_logreg,sentence-transformers/all-MiniLM-L6-v2,0.7065983331180385,0.707,high,Prolific,https://www.prolific.com/pricing,2026-07-12,0.42839999999999995,0.0,107.09999999999998,0.0,107.09999999999998
rotten_tomatoes,random,500,1,sentence_transformer_logreg,sentence-transformers/all-MiniLM-L6-v2,0.7287718971655162,0.729,low,Amazon Mechanical Turk,https://www.mturk.com/pricing,2026-07-12,0.04,0.0,20.0,0.0,20.0
rotten_tomatoes,random,500,1,sentence_transformer_logreg,sentence-transformers/all-MiniLM-L6-v2,0.7287718971655162,0.729,base,Prolific,https://www.prolific.com/pricing,2026-07-12,0.09519999999999999,0.0,47.599999999999994,0.0,47.599999999999994
rotten_tomatoes,random,500,1,sentence_transformer_logreg,sentence-transformers/all-MiniLM-L6-v2,0.7287718971655162,0.729,high,Prolific,https://www.prolific.com/pricing,2026-07-12,0.42839999999999995,0.0,214.19999999999996,0.0,214.19999999999996
rotten_tomatoes,random,1000,1,sentence_transformer_logreg,sentence-transformers/all-MiniLM-L6-v2,0.7359144362773538,0.736,low,Amazon Mechanical Turk,https://www.mturk.com/pricing,2026-07-12,0.04,0.0,40.0,0.0,40.0
rotten_tomatoes,random,1000,1,sentence_transformer_logreg,sentence-transformers/all-MiniLM-L6-v2,0.7359144362773538,0.736,base,Prolific,https://www.prolific.com/pricing,2026-07-12,0.09519999999999999,0.0,95.19999999999999,0.0,95.19999999999999
rotten_tomatoes,random,1000,1,sentence_transformer_logreg,sentence-transformers/all-MiniLM-L6-v2,0.7359144362773538,0.736,high,Prolific,https://www.prolific.com/pricing,2026-07-12,0.42839999999999995,0.0,428.3999999999999,0.0,428.3999999999999
rotten_tomatoes,uncertainty_al,50,1,sentence_transformer_logreg,sentence-transformers/all-MiniLM-L6-v2,0.4215135040054306,0.533,low,Amazon Mechanical Turk,https://www.mturk.com/pricing,2026-07-12,0.04,0.002,2.0,0.1,2.1
rotten_tomatoes,uncertainty_al,50,1,sentence_transformer_logreg,sentence-transformers/all-MiniLM-L6-v2,0.4215135040054306,0.533,base,Prolific,https://www.prolific.com/pricing,2026-07-12,0.09519999999999999,0.002,4.76,0.1,4.859999999999999
rotten_tomatoes,uncertainty_al,50,1,sentence_transformer_logreg,sentence-transformers/all-MiniLM-L6-v2,0.4215135040054306,0.533,high,Prolific,https://www.prolific.com/pricing,2026-07-12,0.42839999999999995,0.002,21.419999999999998,0.1,21.52
rotten_tomatoes,uncertainty_al,100,1,sentence_transformer_logreg,sentence-transformers/all-MiniLM-L6-v2,0.5932177124630345,0.622,low,Amazon Mechanical Turk,https://www.mturk.com/pricing,2026-07-12,0.04,0.002,4.0,0.2,4.2
rotten_tomatoes,uncertainty_al,100,1,sentence_transformer_logreg,sentence-transformers/all-MiniLM-L6-v2,0.5932177124630345,0.622,base,Prolific,https://www.prolific.com/pricing,2026-07-12,0.09519999999999999,0.002,9.52,0.2,9.719999999999999
rotten_tomatoes,uncertainty_al,100,1,sentence_transformer_logreg,sentence-transformers/all-MiniLM-L6-v2,0.5932177124630345,0.622,high,Prolific,https://www.prolific.com/pricing,2026-07-12,0.42839999999999995,0.002,42.839999999999996,0.2,43.04
rotten_tomatoes,uncertainty_al,250,1,sentence_transformer_logreg,sentence-transformers/all-MiniLM-L6-v2,0.6682755303444958,0.68,low,Amazon Mechanical Turk,https://www.mturk.com/pricing,2026-07-12,0.04,0.002,10.0,0.5,10.5
rotten_tomatoes,uncertainty_al,250,1,sentence_transformer_logreg,sentence-transformers/all-MiniLM-L6-v2,0.6682755303444958,0.68,base,Prolific,https://www.prolific.com/pricing,2026-07-12,0.09519999999999999,0.002,23.799999999999997,0.5,24.299999999999997
rotten_tomatoes,uncertainty_al,250,1,sentence_transformer_logreg,sentence-transformers/all-MiniLM-L6-v2,0.6682755303444958,0.68,high,Prolific,https://www.prolific.com/pricing,2026-07-12,0.42839999999999995,0.002,107.09999999999998,0.5,107.59999999999998
rotten_tomatoes,uncertainty_al,500,1,sentence_transformer_logreg,sentence-transformers/all-MiniLM-L6-v2,0.7217495746171554,0.722,low,Amazon Mechanical Turk,https://www.mturk.com/pricing,2026-07-12,0.04,0.002,20.0,1.0,21.0
rotten_tomatoes,uncertainty_al,500,1,sentence_transformer_logreg,sentence-transformers/all-MiniLM-L6-v2,0.7217495746171554,0.722,base,Prolific,https://www.prolific.com/pricing,2026-07-12,0.09519999999999999,0.002,47.599999999999994,1.0,48.599999999999994
rotten_tomatoes,uncertainty_al,500,1,sentence_transformer_logreg,sentence-transformers/all-MiniLM-L6-v2,0.7217495746171554,0.722,high,Prolific,https://www.prolific.com/pricing,2026-07-12,0.42839999999999995,0.002,214.19999999999996,1.0,215.19999999999996
rotten_tomatoes,uncertainty_al,1000,1,sentence_transformer_logreg,sentence-transformers/all-MiniLM-L6-v2,0.7374444324189986,0.738,low,Amazon Mechanical Turk,https://www.mturk.com/pricing,2026-07-12,0.04,0.002,40.0,2.0,42.0
rotten_tomatoes,uncertainty_al,1000,1,sentence_transformer_logreg,sentence-transformers/all-MiniLM-L6-v2,0.7374444324189986,0.738,base,Prolific,https://www.prolific.com/pricing,2026-07-12,0.09519999999999999,0.002,95.19999999999999,2.0,97.19999999999999
rotten_tomatoes,uncertainty_al,1000,1,sentence_transformer_logreg,sentence-transformers/all-MiniLM-L6-v2,0.7374444324189986,0.738,high,Prolific,https://www.prolific.com/pricing,2026-07-12,0.42839999999999995,0.002,428.3999999999999,2.0,430.3999999999999
rotten_tomatoes,diversity_al,50,1,sentence_transformer_logreg,sentence-transformers/all-MiniLM-L6-v2,0.4600036162653752,0.558,low,Amazon Mechanical Turk,https://www.mturk.com/pricing,2026-07-12,0.04,0.003,2.0,0.15,2.15
rotten_tomatoes,diversity_al,50,1,sentence_transformer_logreg,sentence-transformers/all-MiniLM-L6-v2,0.4600036162653752,0.558,base,Prolific,https://www.prolific.com/pricing,2026-07-12,0.09519999999999999,0.003,4.76,0.15,4.91
rotten_tomatoes,diversity_al,50,1,sentence_transformer_logreg,sentence-transformers/all-MiniLM-L6-v2,0.4600036162653752,0.558,high,Prolific,https://www.prolific.com/pricing,2026-07-12,0.42839999999999995,0.003,21.419999999999998,0.15,21.569999999999997
rotten_tomatoes,diversity_al,100,1,sentence_transformer_logreg,sentence-transformers/all-MiniLM-L6-v2,0.6932746700188561,0.695,low,Amazon Mechanical Turk,https://www.mturk.com/pricing,2026-07-12,0.04,0.003,4.0,0.3,4.3
rotten_tomatoes,diversity_al,100,1,sentence_transformer_logreg,sentence-transformers/all-MiniLM-L6-v2,0.6932746700188561,0.695,base,Prolific,https://www.prolific.com/pricing,2026-07-12,0.09519999999999999,0.003,9.52,0.3,9.82
rotten_tomatoes,diversity_al,100,1,sentence_transformer_logreg,sentence-transformers/all-MiniLM-L6-v2,0.6932746700188561,0.695,high,Prolific,https://www.prolific.com/pricing,2026-07-12,0.42839999999999995,0.003,42.839999999999996,0.3,43.13999999999999
rotten_tomatoes,diversity_al,250,1,sentence_transformer_logreg,sentence-transformers/all-MiniLM-L6-v2,0.7073538654934004,0.709,low,Amazon Mechanical Turk,https://www.mturk.com/pricing,2026-07-12,0.04,0.003,10.0,0.75,10.75
rotten_tomatoes,diversity_al,250,1,sentence_transformer_logreg,sentence-transformers/all-MiniLM-L6-v2,0.7073538654934004,0.709,base,Prolific,https://www.prolific.com/pricing,2026-07-12,0.09519999999999999,0.003,23.799999999999997,0.75,24.549999999999997
rotten_tomatoes,diversity_al,250,1,sentence_transformer_logreg,sentence-transformers/all-MiniLM-L6-v2,0.7073538654934004,0.709,high,Prolific,https://www.prolific.com/pricing,2026-07-12,0.42839999999999995,0.003,107.09999999999998,0.75,107.84999999999998
rotten_tomatoes,diversity_al,500,1,sentence_transformer_logreg,sentence-transformers/all-MiniLM-L6-v2,0.7049377759935769,0.706,low,Amazon Mechanical Turk,https://www.mturk.com/pricing,2026-07-12,0.04,0.003,20.0,1.5,21.5
rotten_tomatoes,diversity_al,500,1,sentence_transformer_logreg,sentence-transformers/all-MiniLM-L6-v2,0.7049377759935769,0.706,base,Prolific,https://www.prolific.com/pricing,2026-07-12,0.09519999999999999,0.003,47.599999999999994,1.5,49.099999999999994
rotten_tomatoes,diversity_al,500,1,sentence_transformer_logreg,sentence-transformers/all-MiniLM-L6-v2,0.7049377759935769,0.706,high,Prolific,https://www.prolific.com/pricing,2026-07-12,0.42839999999999995,0.003,214.19999999999996,1.5,215.69999999999996
rotten_tomatoes,diversity_al,1000,1,sentence_transformer_logreg,sentence-transformers/all-MiniLM-L6-v2,0.7429071894954078,0.743,low,Amazon Mechanical Turk,https://www.mturk.com/pricing,2026-07-12,0.04,0.003,40.0,3.0,43.0
rotten_tomatoes,diversity_al,1000,1,sentence_transformer_logreg,sentence-transformers/all-MiniLM-L6-v2,0.7429071894954078,0.743,base,Prolific,https://www.prolific.com/pricing,2026-07-12,0.09519999999999999,0.003,95.19999999999999,3.0,98.19999999999999
rotten_tomatoes,diversity_al,1000,1,sentence_transformer_logreg,sentence-transformers/all-MiniLM-L6-v2,0.7429071894954078,0.743,high,Prolific,https://www.prolific.com/pricing,2026-07-12,0.42839999999999995,0.003,428.3999999999999,3.0,431.3999999999999
rotten_tomatoes,hybrid_al,50,1,sentence_transformer_logreg,sentence-transformers/all-MiniLM-L6-v2,0.6380254287136329,0.648,low,Amazon Mechanical Turk,https://www.mturk.com/pricing,2026-07-12,0.04,0.004,2.0,0.2,2.2
rotten_tomatoes,hybrid_al,50,1,sentence_transformer_logreg,sentence-transformers/all-MiniLM-L6-v2,0.6380254287136329,0.648,base,Prolific,https://www.prolific.com/pricing,2026-07-12,0.09519999999999999,0.004,4.76,0.2,4.96
rotten_tomatoes,hybrid_al,50,1,sentence_transformer_logreg,sentence-transformers/all-MiniLM-L6-v2,0.6380254287136329,0.648,high,Prolific,https://www.prolific.com/pricing,2026-07-12,0.42839999999999995,0.004,21.419999999999998,0.2,21.619999999999997
rotten_tomatoes,hybrid_al,100,1,sentence_transformer_logreg,sentence-transformers/all-MiniLM-L6-v2,0.6873384080714793,0.688,low,Amazon Mechanical Turk,https://www.mturk.com/pricing,2026-07-12,0.04,0.004,4.0,0.4,4.4
rotten_tomatoes,hybrid_al,100,1,sentence_transformer_logreg,sentence-transformers/all-MiniLM-L6-v2,0.6873384080714793,0.688,base,Prolific,https://www.prolific.com/pricing,2026-07-12,0.09519999999999999,0.004,9.52,0.4,9.92
rotten_tomatoes,hybrid_al,100,1,sentence_transformer_logreg,sentence-transformers/all-MiniLM-L6-v2,0.6873384080714793,0.688,high,Prolific,https://www.prolific.com/pricing,2026-07-12,0.42839999999999995,0.004,42.839999999999996,0.4,43.239999999999995
rotten_tomatoes,hybrid_al,250,1,sentence_transformer_logreg,sentence-transformers/all-MiniLM-L6-v2,0.6970908606254468,0.7,low,Amazon Mechanical Turk,https://www.mturk.com/pricing,2026-07-12,0.04,0.004,10.0,1.0,11.0
rotten_tomatoes,hybrid_al,250,1,sentence_transformer_logreg,sentence-transformers/all-MiniLM-L6-v2,0.6970908606254468,0.7,base,Prolific,https://www.prolific.com/pricing,2026-07-12,0.09519999999999999,0.004,23.799999999999997,1.0,24.799999999999997
rotten_tomatoes,hybrid_al,250,1,sentence_transformer_logreg,sentence-transformers/all-MiniLM-L6-v2,0.6970908606254468,0.7,high,Prolific,https://www.prolific.com/pricing,2026-07-12,0.42839999999999995,0.004,107.09999999999998,1.0,108.09999999999998
rotten_tomatoes,hybrid_al,500,1,sentence_transformer_logreg,sentence-transformers/all-MiniLM-L6-v2,0.7309868183540993,0.731,low,Amazon Mechanical Turk,https://www.mturk.com/pricing,2026-07-12,0.04,0.004,20.0,2.0,22.0
rotten_tomatoes,hybrid_al,500,1,sentence_transformer_logreg,sentence-transformers/all-MiniLM-L6-v2,0.7309868183540993,0.731,base,Prolific,https://www.prolific.com/pricing,2026-07-12,0.09519999999999999,0.004,47.599999999999994,2.0,49.599999999999994
rotten_tomatoes,hybrid_al,500,1,sentence_transformer_logreg,sentence-transformers/all-MiniLM-L6-v2,0.7309868183540993,0.731,high,Prolific,https://www.prolific.com/pricing,2026-07-12,0.42839999999999995,0.004,214.19999999999996,2.0,216.19999999999996
rotten_tomatoes,hybrid_al,1000,1,sentence_transformer_logreg,sentence-transformers/all-MiniLM-L6-v2,0.727998911995648,0.728,low,Amazon Mechanical Turk,https://www.mturk.com/pricing,2026-07-12,0.04,0.004,40.0,4.0,44.0
rotten_tomatoes,hybrid_al,1000,1,sentence_transformer_logreg,sentence-transformers/all-MiniLM-L6-v2,0.727998911995648,0.728,base,Prolific,https://www.prolific.com/pricing,2026-07-12,0.09519999999999999,0.004,95.19999999999999,4.0,99.19999999999999
rotten_tomatoes,hybrid_al,1000,1,sentence_transformer_logreg,sentence-transformers/all-MiniLM-L6-v2,0.727998911995648,0.728,high,Prolific,https://www.prolific.com/pricing,2026-07-12,0.42839999999999995,0.004,428.3999999999999,4.0,432.3999999999999
rotten_tomatoes,random,50,2,sentence_transformer_logreg,sentence-transformers/all-MiniLM-L6-v2,0.36793497565766103,0.516,low,Amazon Mechanical Turk,https://www.mturk.com/pricing,2026-07-12,0.04,0.0,2.0,0.0,2.0
rotten_tomatoes,random,50,2,sentence_transformer_logreg,sentence-transformers/all-MiniLM-L6-v2,0.36793497565766103,0.516,base,Prolific,https://www.prolific.com/pricing,2026-07-12,0.09519999999999999,0.0,4.76,0.0,4.76
rotten_tomatoes,random,50,2,sentence_transformer_logreg,sentence-transformers/all-MiniLM-L6-v2,0.36793497565766103,0.516,high,Prolific,https://www.prolific.com/pricing,2026-07-12,0.42839999999999995,0.0,21.419999999999998,0.0,21.419999999999998
rotten_tomatoes,random,100,2,sentence_transformer_logreg,sentence-transformers/all-MiniLM-L6-v2,0.6243643088303282,0.636,low,Amazon Mechanical Turk,https://www.mturk.com/pricing,2026-07-12,0.04,0.0,4.0,0.0,4.0
rotten_tomatoes,random,100,2,sentence_transformer_logreg,sentence-transformers/all-MiniLM-L6-v2,0.6243643088303282,0.636,base,Prolific,https://www.prolific.com/pricing,2026-07-12,0.09519999999999999,0.0,9.52,0.0,9.52
rotten_tomatoes,random,100,2,sentence_transformer_logreg,sentence-transformers/all-MiniLM-L6-v2,0.6243643088303282,0.636,high,Prolific,https://www.prolific.com/pricing,2026-07-12,0.42839999999999995,0.0,42.839999999999996,0.0,42.839999999999996
rotten_tomatoes,random,250,2,sentence_transformer_logreg,sentence-transformers/all-MiniLM-L6-v2,0.720999720999721,0.721,low,Amazon Mechanical Turk,https://www.mturk.com/pricing,2026-07-12,0.04,0.0,10.0,0.0,10.0
rotten_tomatoes,random,250,2,sentence_transformer_logreg,sentence-transformers/all-MiniLM-L6-v2,0.720999720999721,0.721,base,Prolific,https://www.prolific.com/pricing,2026-07-12,0.09519999999999999,0.0,23.799999999999997,0.0,23.799999999999997
rotten_tomatoes,random,250,2,sentence_transformer_logreg,sentence-transformers/all-MiniLM-L6-v2,0.720999720999721,0.721,high,Prolific,https://www.prolific.com/pricing,2026-07-12,0.42839999999999995,0.0,107.09999999999998,0.0,107.09999999999998
rotten_tomatoes,random,500,2,sentence_transformer_logreg,sentence-transformers/all-MiniLM-L6-v2,0.7367098784041805,0.738,low,Amazon Mechanical Turk,https://www.mturk.com/pricing,2026-07-12,0.04,0.0,20.0,0.0,20.0
rotten_tomatoes,random,500,2,sentence_transformer_logreg,sentence-transformers/all-MiniLM-L6-v2,0.7367098784041805,0.738,base,Prolific,https://www.prolific.com/pricing,2026-07-12,0.09519999999999999,0.0,47.599999999999994,0.0,47.599999999999994
rotten_tomatoes,random,500,2,sentence_transformer_logreg,sentence-transformers/all-MiniLM-L6-v2,0.7367098784041805,0.738,high,Prolific,https://www.prolific.com/pricing,2026-07-12,0.42839999999999995,0.0,214.19999999999996,0.0,214.19999999999996
rotten_tomatoes,random,1000,2,sentence_transformer_logreg,sentence-transformers/all-MiniLM-L6-v2,0.7389684151782365,0.739,low,Amazon Mechanical Turk,https://www.mturk.com/pricing,2026-07-12,0.04,0.0,40.0,0.0,40.0
rotten_tomatoes,random,1000,2,sentence_transformer_logreg,sentence-transformers/all-MiniLM-L6-v2,0.7389684151782365,0.739,base,Prolific,https://www.prolific.com/pricing,2026-07-12,0.09519999999999999,0.0,95.19999999999999,0.0,95.19999999999999
rotten_tomatoes,random,1000,2,sentence_transformer_logreg,sentence-transformers/all-MiniLM-L6-v2,0.7389684151782365,0.739,high,Prolific,https://www.prolific.com/pricing,2026-07-12,0.42839999999999995,0.0,428.3999999999999,0.0,428.3999999999999
rotten_tomatoes,uncertainty_al,50,2,sentence_transformer_logreg,sentence-transformers/all-MiniLM-L6-v2,0.36955562085825877,0.513,low,Amazon Mechanical Turk,https://www.mturk.com/pricing,2026-07-12,0.04,0.002,2.0,0.1,2.1
rotten_tomatoes,uncertainty_al,50,2,sentence_transformer_logreg,sentence-transformers/all-MiniLM-L6-v2,0.36955562085825877,0.513,base,Prolific,https://www.prolific.com/pricing,2026-07-12,0.09519999999999999,0.002,4.76,0.1,4.859999999999999
rotten_tomatoes,uncertainty_al,50,2,sentence_transformer_logreg,sentence-transformers/all-MiniLM-L6-v2,0.36955562085825877,0.513,high,Prolific,https://www.prolific.com/pricing,2026-07-12,0.42839999999999995,0.002,21.419999999999998,0.1,21.52
rotten_tomatoes,uncertainty_al,100,2,sentence_transformer_logreg,sentence-transformers/all-MiniLM-L6-v2,0.3731823260775619,0.517,low,Amazon Mechanical Turk,https://www.mturk.com/pricing,2026-07-12,0.04,0.002,4.0,0.2,4.2
rotten_tomatoes,uncertainty_al,100,2,sentence_transformer_logreg,sentence-transformers/all-MiniLM-L6-v2,0.3731823260775619,0.517,base,Prolific,https://www.prolific.com/pricing,2026-07-12,0.09519999999999999,0.002,9.52,0.2,9.719999999999999
rotten_tomatoes,uncertainty_al,100,2,sentence_transformer_logreg,sentence-transformers/all-MiniLM-L6-v2,0.3731823260775619,0.517,high,Prolific,https://www.prolific.com/pricing,2026-07-12,0.42839999999999995,0.002,42.839999999999996,0.2,43.04
rotten_tomatoes,uncertainty_al,250,2,sentence_transformer_logreg,sentence-transformers/all-MiniLM-L6-v2,0.7177134791813691,0.72,low,Amazon Mechanical Turk,https://www.mturk.com/pricing,2026-07-12,0.04,0.002,10.0,0.5,10.5
rotten_tomatoes,uncertainty_al,250,2,sentence_transformer_logreg,sentence-transformers/all-MiniLM-L6-v2,0.7177134791813691,0.72,base,Prolific,https://www.prolific.com/pricing,2026-07-12,0.09519999999999999,0.002,23.799999999999997,0.5,24.299999999999997
rotten_tomatoes,uncertainty_al,250,2,sentence_transformer_logreg,sentence-transformers/all-MiniLM-L6-v2,0.7177134791813691,0.72,high,Prolific,https://www.prolific.com/pricing,2026-07-12,0.42839999999999995,0.002,107.09999999999998,0.5,107.59999999999998
rotten_tomatoes,uncertainty_al,500,2,sentence_transformer_logreg,sentence-transformers/all-MiniLM-L6-v2,0.7144362529209953,0.716,low,Amazon Mechanical Turk,https://www.mturk.com/pricing,2026-07-12,0.04,0.002,20.0,1.0,21.0
rotten_tomatoes,uncertainty_al,500,2,sentence_transformer_logreg,sentence-transformers/all-MiniLM-L6-v2,0.7144362529209953,0.716,base,Prolific,https://www.prolific.com/pricing,2026-07-12,0.09519999999999999,0.002,47.599999999999994,1.0,48.599999999999994
rotten_tomatoes,uncertainty_al,500,2,sentence_transformer_logreg,sentence-transformers/all-MiniLM-L6-v2,0.7144362529209953,0.716,high,Prolific,https://www.prolific.com/pricing,2026-07-12,0.42839999999999995,0.002,214.19999999999996,1.0,215.19999999999996
rotten_tomatoes,uncertainty_al,1000,2,sentence_transformer_logreg,sentence-transformers/all-MiniLM-L6-v2,0.7449691412660931,0.745,low,Amazon Mechanical Turk,https://www.mturk.com/pricing,2026-07-12,0.04,0.002,40.0,2.0,42.0
rotten_tomatoes,uncertainty_al,1000,2,sentence_transformer_logreg,sentence-transformers/all-MiniLM-L6-v2,0.7449691412660931,0.745,base,Prolific,https://www.prolific.com/pricing,2026-07-12,0.09519999999999999,0.002,95.19999999999999,2.0,97.19999999999999
rotten_tomatoes,uncertainty_al,1000,2,sentence_transformer_logreg,sentence-transformers/all-MiniLM-L6-v2,0.7449691412660931,0.745,high,Prolific,https://www.prolific.com/pricing,2026-07-12,0.42839999999999995,0.002,428.3999999999999,2.0,430.3999999999999
rotten_tomatoes,diversity_al,50,2,sentence_transformer_logreg,sentence-transformers/all-MiniLM-L6-v2,0.4912167003691335,0.569,low,Amazon Mechanical Turk,https://www.mturk.com/pricing,2026-07-12,0.04,0.003,2.0,0.15,2.15
rotten_tomatoes,diversity_al,50,2,sentence_transformer_logreg,sentence-transformers/all-MiniLM-L6-v2,0.4912167003691335,0.569,base,Prolific,https://www.prolific.com/pricing,2026-07-12,0.09519999999999999,0.003,4.76,0.15,4.91
rotten_tomatoes,diversity_al,50,2,sentence_transformer_logreg,sentence-transformers/all-MiniLM-L6-v2,0.4912167003691335,0.569,high,Prolific,https://www.prolific.com/pricing,2026-07-12,0.42839999999999995,0.003,21.419999999999998,0.15,21.569999999999997
rotten_tomatoes,diversity_al,100,2,sentence_transformer_logreg,sentence-transformers/all-MiniLM-L6-v2,0.6944350103341077,0.695,low,Amazon Mechanical Turk,https://www.mturk.com/pricing,2026-07-12,0.04,0.003,4.0,0.3,4.3
rotten_tomatoes,diversity_al,100,2,sentence_transformer_logreg,sentence-transformers/all-MiniLM-L6-v2,0.6944350103341077,0.695,base,Prolific,https://www.prolific.com/pricing,2026-07-12,0.09519999999999999,0.003,9.52,0.3,9.82
rotten_tomatoes,diversity_al,100,2,sentence_transformer_logreg,sentence-transformers/all-MiniLM-L6-v2,0.6944350103341077,0.695,high,Prolific,https://www.prolific.com/pricing,2026-07-12,0.42839999999999995,0.003,42.839999999999996,0.3,43.13999999999999
rotten_tomatoes,diversity_al,250,2,sentence_transformer_logreg,sentence-transformers/all-MiniLM-L6-v2,0.6948224241643863,0.699,low,Amazon Mechanical Turk,https://www.mturk.com/pricing,2026-07-12,0.04,0.003,10.0,0.75,10.75
rotten_tomatoes,diversity_al,250,2,sentence_transformer_logreg,sentence-transformers/all-MiniLM-L6-v2,0.6948224241643863,0.699,base,Prolific,https://www.prolific.com/pricing,2026-07-12,0.09519999999999999,0.003,23.799999999999997,0.75,24.549999999999997
rotten_tomatoes,diversity_al,250,2,sentence_transformer_logreg,sentence-transformers/all-MiniLM-L6-v2,0.6948224241643863,0.699,high,Prolific,https://www.prolific.com/pricing,2026-07-12,0.42839999999999995,0.003,107.09999999999998,0.75,107.84999999999998
rotten_tomatoes,diversity_al,500,2,sentence_transformer_logreg,sentence-transformers/all-MiniLM-L6-v2,0.6991102548879438,0.702,low,Amazon Mechanical Turk,https://www.mturk.com/pricing,2026-07-12,0.04,0.003,20.0,1.5,21.5
rotten_tomatoes,diversity_al,500,2,sentence_transformer_logreg,sentence-transformers/all-MiniLM-L6-v2,0.6991102548879438,0.702,base,Prolific,https://www.prolific.com/pricing,2026-07-12,0.09519999999999999,0.003,47.599999999999994,1.5,49.099999999999994
rotten_tomatoes,diversity_al,500,2,sentence_transformer_logreg,sentence-transformers/all-MiniLM-L6-v2,0.6991102548879438,0.702,high,Prolific,https://www.prolific.com/pricing,2026-07-12,0.42839999999999995,0.003,214.19999999999996,1.5,215.69999999999996
rotten_tomatoes,diversity_al,1000,2,sentence_transformer_logreg,sentence-transformers/all-MiniLM-L6-v2,0.7417975692943268,0.742,low,Amazon Mechanical Turk,https://www.mturk.com/pricing,2026-07-12,0.04,0.003,40.0,3.0,43.0
rotten_tomatoes,diversity_al,1000,2,sentence_transformer_logreg,sentence-transformers/all-MiniLM-L6-v2,0.7417975692943268,0.742,base,Prolific,https://www.prolific.com/pricing,2026-07-12,0.09519999999999999,0.003,95.19999999999999,3.0,98.19999999999999
rotten_tomatoes,diversity_al,1000,2,sentence_transformer_logreg,sentence-transformers/all-MiniLM-L6-v2,0.7417975692943268,0.742,high,Prolific,https://www.prolific.com/pricing,2026-07-12,0.42839999999999995,0.003,428.3999999999999,3.0,431.3999999999999
rotten_tomatoes,hybrid_al,50,2,sentence_transformer_logreg,sentence-transformers/all-MiniLM-L6-v2,0.6659518970731786,0.666,low,Amazon Mechanical Turk,https://www.mturk.com/pricing,2026-07-12,0.04,0.004,2.0,0.2,2.2
rotten_tomatoes,hybrid_al,50,2,sentence_transformer_logreg,sentence-transformers/all-MiniLM-L6-v2,0.6659518970731786,0.666,base,Prolific,https://www.prolific.com/pricing,2026-07-12,0.09519999999999999,0.004,4.76,0.2,4.96
rotten_tomatoes,hybrid_al,50,2,sentence_transformer_logreg,sentence-transformers/all-MiniLM-L6-v2,0.6659518970731786,0.666,high,Prolific,https://www.prolific.com/pricing,2026-07-12,0.42839999999999995,0.004,21.419999999999998,0.2,21.619999999999997
rotten_tomatoes,hybrid_al,100,2,sentence_transformer_logreg,sentence-transformers/all-MiniLM-L6-v2,0.6936029093705443,0.694,low,Amazon Mechanical Turk,https://www.mturk.com/pricing,2026-07-12,0.04,0.004,4.0,0.4,4.4
rotten_tomatoes,hybrid_al,100,2,sentence_transformer_logreg,sentence-transformers/all-MiniLM-L6-v2,0.6936029093705443,0.694,base,Prolific,https://www.prolific.com/pricing,2026-07-12,0.09519999999999999,0.004,9.52,0.4,9.92
rotten_tomatoes,hybrid_al,100,2,sentence_transformer_logreg,sentence-transformers/all-MiniLM-L6-v2,0.6936029093705443,0.694,high,Prolific,https://www.prolific.com/pricing,2026-07-12,0.42839999999999995,0.004,42.839999999999996,0.4,43.239999999999995
rotten_tomatoes,hybrid_al,250,2,sentence_transformer_logreg,sentence-transformers/all-MiniLM-L6-v2,0.7183778967739738,0.719,low,Amazon Mechanical Turk,https://www.mturk.com/pricing,2026-07-12,0.04,0.004,10.0,1.0,11.0
rotten_tomatoes,hybrid_al,250,2,sentence_transformer_logreg,sentence-transformers/all-MiniLM-L6-v2,0.7183778967739738,0.719,base,Prolific,https://www.prolific.com/pricing,2026-07-12,0.09519999999999999,0.004,23.799999999999997,1.0,24.799999999999997
rotten_tomatoes,hybrid_al,250,2,sentence_transformer_logreg,sentence-transformers/all-MiniLM-L6-v2,0.7183778967739738,0.719,high,Prolific,https://www.prolific.com/pricing,2026-07-12,0.42839999999999995,0.004,107.09999999999998,1.0,108.09999999999998
rotten_tomatoes,hybrid_al,500,2,sentence_transformer_logreg,sentence-transformers/all-MiniLM-L6-v2,0.7026590773935945,0.706,low,Amazon Mechanical Turk,https://www.mturk.com/pricing,2026-07-12,0.04,0.004,20.0,2.0,22.0
rotten_tomatoes,hybrid_al,500,2,sentence_transformer_logreg,sentence-transformers/all-MiniLM-L6-v2,0.7026590773935945,0.706,base,Prolific,https://www.prolific.com/pricing,2026-07-12,0.09519999999999999,0.004,47.599999999999994,2.0,49.599999999999994
rotten_tomatoes,hybrid_al,500,2,sentence_transformer_logreg,sentence-transformers/all-MiniLM-L6-v2,0.7026590773935945,0.706,high,Prolific,https://www.prolific.com/pricing,2026-07-12,0.42839999999999995,0.004,214.19999999999996,2.0,216.19999999999996
rotten_tomatoes,hybrid_al,1000,2,sentence_transformer_logreg,sentence-transformers/all-MiniLM-L6-v2,0.7358214152767271,0.736,low,Amazon Mechanical Turk,https://www.mturk.com/pricing,2026-07-12,0.04,0.004,40.0,4.0,44.0
rotten_tomatoes,hybrid_al,1000,2,sentence_transformer_logreg,sentence-transformers/all-MiniLM-L6-v2,0.7358214152767271,0.736,base,Prolific,https://www.prolific.com/pricing,2026-07-12,0.09519999999999999,0.004,95.19999999999999,4.0,99.19999999999999
rotten_tomatoes,hybrid_al,1000,2,sentence_transformer_logreg,sentence-transformers/all-MiniLM-L6-v2,0.7358214152767271,0.736,high,Prolific,https://www.prolific.com/pricing,2026-07-12,0.42839999999999995,0.004,428.3999999999999,4.0,432.3999999999999
yelp_polarity,random,50,0,sentence_transformer_logreg,sentence-transformers/all-MiniLM-L6-v2,0.7287762040628043,0.746,low,Amazon Mechanical Turk,https://www.mturk.com/pricing,2026-07-12,0.04,0.0,2.0,0.0,2.0
yelp_polarity,random,50,0,sentence_transformer_logreg,sentence-transformers/all-MiniLM-L6-v2,0.7287762040628043,0.746,base,Prolific,https://www.prolific.com/pricing,2026-07-12,0.09519999999999999,0.0,4.76,0.0,4.76
yelp_polarity,random,50,0,sentence_transformer_logreg,sentence-transformers/all-MiniLM-L6-v2,0.7287762040628043,0.746,high,Prolific,https://www.prolific.com/pricing,2026-07-12,0.42839999999999995,0.0,21.419999999999998,0.0,21.419999999999998
yelp_polarity,random,100,0,sentence_transformer_logreg,sentence-transformers/all-MiniLM-L6-v2,0.807306302689683,0.808,low,Amazon Mechanical Turk,https://www.mturk.com/pricing,2026-07-12,0.04,0.0,4.0,0.0,4.0
yelp_polarity,random,100,0,sentence_transformer_logreg,sentence-transformers/all-MiniLM-L6-v2,0.807306302689683,0.808,base,Prolific,https://www.prolific.com/pricing,2026-07-12,0.09519999999999999,0.0,9.52,0.0,9.52
yelp_polarity,random,100,0,sentence_transformer_logreg,sentence-transformers/all-MiniLM-L6-v2,0.807306302689683,0.808,high,Prolific,https://www.prolific.com/pricing,2026-07-12,0.42839999999999995,0.0,42.839999999999996,0.0,42.839999999999996
yelp_polarity,random,250,0,sentence_transformer_logreg,sentence-transformers/all-MiniLM-L6-v2,0.8169822290755581,0.819,low,Amazon Mechanical Turk,https://www.mturk.com/pricing,2026-07-12,0.04,0.0,10.0,0.0,10.0
yelp_polarity,random,250,0,sentence_transformer_logreg,sentence-transformers/all-MiniLM-L6-v2,0.8169822290755581,0.819,base,Prolific,https://www.prolific.com/pricing,2026-07-12,0.09519999999999999,0.0,23.799999999999997,0.0,23.799999999999997
yelp_polarity,random,250,0,sentence_transformer_logreg,sentence-transformers/all-MiniLM-L6-v2,0.8169822290755581,0.819,high,Prolific,https://www.prolific.com/pricing,2026-07-12,0.42839999999999995,0.0,107.09999999999998,0.0,107.09999999999998
yelp_polarity,random,500,0,sentence_transformer_logreg,sentence-transformers/all-MiniLM-L6-v2,0.8379888886540903,0.839,low,Amazon Mechanical Turk,https://www.mturk.com/pricing,2026-07-12,0.04,0.0,20.0,0.0,20.0
yelp_polarity,random,500,0,sentence_transformer_logreg,sentence-transformers/all-MiniLM-L6-v2,0.8379888886540903,0.839,base,Prolific,https://www.prolific.com/pricing,2026-07-12,0.09519999999999999,0.0,47.599999999999994,0.0,47.599999999999994
yelp_polarity,random,500,0,sentence_transformer_logreg,sentence-transformers/all-MiniLM-L6-v2,0.8379888886540903,0.839,high,Prolific,https://www.prolific.com/pricing,2026-07-12,0.42839999999999995,0.0,214.19999999999996,0.0,214.19999999999996
yelp_polarity,random,1000,0,sentence_transformer_logreg,sentence-transformers/all-MiniLM-L6-v2,0.8502017249924849,0.851,low,Amazon Mechanical Turk,https://www.mturk.com/pricing,2026-07-12,0.04,0.0,40.0,0.0,40.0
yelp_polarity,random,1000,0,sentence_transformer_logreg,sentence-transformers/all-MiniLM-L6-v2,0.8502017249924849,0.851,base,Prolific,https://www.prolific.com/pricing,2026-07-12,0.09519999999999999,0.0,95.19999999999999,0.0,95.19999999999999
yelp_polarity,random,1000,0,sentence_transformer_logreg,sentence-transformers/all-MiniLM-L6-v2,0.8502017249924849,0.851,high,Prolific,https://www.prolific.com/pricing,2026-07-12,0.42839999999999995,0.0,428.3999999999999,0.0,428.3999999999999
yelp_polarity,uncertainty_al,50,0,sentence_transformer_logreg,sentence-transformers/all-MiniLM-L6-v2,0.7836190476190477,0.787,low,Amazon Mechanical Turk,https://www.mturk.com/pricing,2026-07-12,0.04,0.002,2.0,0.1,2.1
yelp_polarity,uncertainty_al,50,0,sentence_transformer_logreg,sentence-transformers/all-MiniLM-L6-v2,0.7836190476190477,0.787,base,Prolific,https://www.prolific.com/pricing,2026-07-12,0.09519999999999999,0.002,4.76,0.1,4.859999999999999
yelp_polarity,uncertainty_al,50,0,sentence_transformer_logreg,sentence-transformers/all-MiniLM-L6-v2,0.7836190476190477,0.787,high,Prolific,https://www.prolific.com/pricing,2026-07-12,0.42839999999999995,0.002,21.419999999999998,0.1,21.52
yelp_polarity,uncertainty_al,100,0,sentence_transformer_logreg,sentence-transformers/all-MiniLM-L6-v2,0.7802986326109391,0.782,low,Amazon Mechanical Turk,https://www.mturk.com/pricing,2026-07-12,0.04,0.002,4.0,0.2,4.2
yelp_polarity,uncertainty_al,100,0,sentence_transformer_logreg,sentence-transformers/all-MiniLM-L6-v2,0.7802986326109391,0.782,base,Prolific,https://www.prolific.com/pricing,2026-07-12,0.09519999999999999,0.002,9.52,0.2,9.719999999999999
yelp_polarity,uncertainty_al,100,0,sentence_transformer_logreg,sentence-transformers/all-MiniLM-L6-v2,0.7802986326109391,0.782,high,Prolific,https://www.prolific.com/pricing,2026-07-12,0.42839999999999995,0.002,42.839999999999996,0.2,43.04
yelp_polarity,uncertainty_al,250,0,sentence_transformer_logreg,sentence-transformers/all-MiniLM-L6-v2,0.7764404669056022,0.779,low,Amazon Mechanical Turk,https://www.mturk.com/pricing,2026-07-12,0.04,0.002,10.0,0.5,10.5
yelp_polarity,uncertainty_al,250,0,sentence_transformer_logreg,sentence-transformers/all-MiniLM-L6-v2,0.7764404669056022,0.779,base,Prolific,https://www.prolific.com/pricing,2026-07-12,0.09519999999999999,0.002,23.799999999999997,0.5,24.299999999999997
yelp_polarity,uncertainty_al,250,0,sentence_transformer_logreg,sentence-transformers/all-MiniLM-L6-v2,0.7764404669056022,0.779,high,Prolific,https://www.prolific.com/pricing,2026-07-12,0.42839999999999995,0.002,107.09999999999998,0.5,107.59999999999998
yelp_polarity,uncertainty_al,500,0,sentence_transformer_logreg,sentence-transformers/all-MiniLM-L6-v2,0.8028613270248958,0.804,low,Amazon Mechanical Turk,https://www.mturk.com/pricing,2026-07-12,0.04,0.002,20.0,1.0,21.0
yelp_polarity,uncertainty_al,500,0,sentence_transformer_logreg,sentence-transformers/all-MiniLM-L6-v2,0.8028613270248958,0.804,base,Prolific,https://www.prolific.com/pricing,2026-07-12,0.09519999999999999,0.002,47.599999999999994,1.0,48.599999999999994
yelp_polarity,uncertainty_al,500,0,sentence_transformer_logreg,sentence-transformers/all-MiniLM-L6-v2,0.8028613270248958,0.804,high,Prolific,https://www.prolific.com/pricing,2026-07-12,0.42839999999999995,0.002,214.19999999999996,1.0,215.19999999999996
yelp_polarity,uncertainty_al,1000,0,sentence_transformer_logreg,sentence-transformers/all-MiniLM-L6-v2,0.8506114403563669,0.851,low,Amazon Mechanical Turk,https://www.mturk.com/pricing,2026-07-12,0.04,0.002,40.0,2.0,42.0
yelp_polarity,uncertainty_al,1000,0,sentence_transformer_logreg,sentence-transformers/all-MiniLM-L6-v2,0.8506114403563669,0.851,base,Prolific,https://www.prolific.com/pricing,2026-07-12,0.09519999999999999,0.002,95.19999999999999,2.0,97.19999999999999
yelp_polarity,uncertainty_al,1000,0,sentence_transformer_logreg,sentence-transformers/all-MiniLM-L6-v2,0.8506114403563669,0.851,high,Prolific,https://www.prolific.com/pricing,2026-07-12,0.42839999999999995,0.002,428.3999999999999,2.0,430.3999999999999
yelp_polarity,diversity_al,50,0,sentence_transformer_logreg,sentence-transformers/all-MiniLM-L6-v2,0.7679961630934955,0.777,low,Amazon Mechanical Turk,https://www.mturk.com/pricing,2026-07-12,0.04,0.003,2.0,0.15,2.15
yelp_polarity,diversity_al,50,0,sentence_transformer_logreg,sentence-transformers/all-MiniLM-L6-v2,0.7679961630934955,0.777,base,Prolific,https://www.prolific.com/pricing,2026-07-12,0.09519999999999999,0.003,4.76,0.15,4.91
yelp_polarity,diversity_al,50,0,sentence_transformer_logreg,sentence-transformers/all-MiniLM-L6-v2,0.7679961630934955,0.777,high,Prolific,https://www.prolific.com/pricing,2026-07-12,0.42839999999999995,0.003,21.419999999999998,0.15,21.569999999999997
yelp_polarity,diversity_al,100,0,sentence_transformer_logreg,sentence-transformers/all-MiniLM-L6-v2,0.7540500628480584,0.765,low,Amazon Mechanical Turk,https://www.mturk.com/pricing,2026-07-12,0.04,0.003,4.0,0.3,4.3
yelp_polarity,diversity_al,100,0,sentence_transformer_logreg,sentence-transformers/all-MiniLM-L6-v2,0.7540500628480584,0.765,base,Prolific,https://www.prolific.com/pricing,2026-07-12,0.09519999999999999,0.003,9.52,0.3,9.82
yelp_polarity,diversity_al,100,0,sentence_transformer_logreg,sentence-transformers/all-MiniLM-L6-v2,0.7540500628480584,0.765,high,Prolific,https://www.prolific.com/pricing,2026-07-12,0.42839999999999995,0.003,42.839999999999996,0.3,43.13999999999999
yelp_polarity,diversity_al,250,0,sentence_transformer_logreg,sentence-transformers/all-MiniLM-L6-v2,0.8301630434782609,0.832,low,Amazon Mechanical Turk,https://www.mturk.com/pricing,2026-07-12,0.04,0.003,10.0,0.75,10.75
yelp_polarity,diversity_al,250,0,sentence_transformer_logreg,sentence-transformers/all-MiniLM-L6-v2,0.8301630434782609,0.832,base,Prolific,https://www.prolific.com/pricing,2026-07-12,0.09519999999999999,0.003,23.799999999999997,0.75,24.549999999999997
yelp_polarity,diversity_al,250,0,sentence_transformer_logreg,sentence-transformers/all-MiniLM-L6-v2,0.8301630434782609,0.832,high,Prolific,https://www.prolific.com/pricing,2026-07-12,0.42839999999999995,0.003,107.09999999999998,0.75,107.84999999999998
yelp_polarity,diversity_al,500,0,sentence_transformer_logreg,sentence-transformers/all-MiniLM-L6-v2,0.8492613807657522,0.85,low,Amazon Mechanical Turk,https://www.mturk.com/pricing,2026-07-12,0.04,0.003,20.0,1.5,21.5
yelp_polarity,diversity_al,500,0,sentence_transformer_logreg,sentence-transformers/all-MiniLM-L6-v2,0.8492613807657522,0.85,base,Prolific,https://www.prolific.com/pricing,2026-07-12,0.09519999999999999,0.003,47.599999999999994,1.5,49.099999999999994
yelp_polarity,diversity_al,500,0,sentence_transformer_logreg,sentence-transformers/all-MiniLM-L6-v2,0.8492613807657522,0.85,high,Prolific,https://www.prolific.com/pricing,2026-07-12,0.42839999999999995,0.003,214.19999999999996,1.5,215.69999999999996
yelp_polarity,diversity_al,1000,0,sentence_transformer_logreg,sentence-transformers/all-MiniLM-L6-v2,0.8493437413372651,0.85,low,Amazon Mechanical Turk,https://www.mturk.com/pricing,2026-07-12,0.04,0.003,40.0,3.0,43.0
yelp_polarity,diversity_al,1000,0,sentence_transformer_logreg,sentence-transformers/all-MiniLM-L6-v2,0.8493437413372651,0.85,base,Prolific,https://www.prolific.com/pricing,2026-07-12,0.09519999999999999,0.003,95.19999999999999,3.0,98.19999999999999
yelp_polarity,diversity_al,1000,0,sentence_transformer_logreg,sentence-transformers/all-MiniLM-L6-v2,0.8493437413372651,0.85,high,Prolific,https://www.prolific.com/pricing,2026-07-12,0.42839999999999995,0.003,428.3999999999999,3.0,431.3999999999999
yelp_polarity,hybrid_al,50,0,sentence_transformer_logreg,sentence-transformers/all-MiniLM-L6-v2,0.5482008955062847,0.598,low,Amazon Mechanical Turk,https://www.mturk.com/pricing,2026-07-12,0.04,0.004,2.0,0.2,2.2
yelp_polarity,hybrid_al,50,0,sentence_transformer_logreg,sentence-transformers/all-MiniLM-L6-v2,0.5482008955062847,0.598,base,Prolific,https://www.prolific.com/pricing,2026-07-12,0.09519999999999999,0.004,4.76,0.2,4.96
yelp_polarity,hybrid_al,50,0,sentence_transformer_logreg,sentence-transformers/all-MiniLM-L6-v2,0.5482008955062847,0.598,high,Prolific,https://www.prolific.com/pricing,2026-07-12,0.42839999999999995,0.004,21.419999999999998,0.2,21.619999999999997
yelp_polarity,hybrid_al,100,0,sentence_transformer_logreg,sentence-transformers/all-MiniLM-L6-v2,0.6600969618140509,0.677,low,Amazon Mechanical Turk,https://www.mturk.com/pricing,2026-07-12,0.04,0.004,4.0,0.4,4.4
yelp_polarity,hybrid_al,100,0,sentence_transformer_logreg,sentence-transformers/all-MiniLM-L6-v2,0.6600969618140509,0.677,base,Prolific,https://www.prolific.com/pricing,2026-07-12,0.09519999999999999,0.004,9.52,0.4,9.92
yelp_polarity,hybrid_al,100,0,sentence_transformer_logreg,sentence-transformers/all-MiniLM-L6-v2,0.6600969618140509,0.677,high,Prolific,https://www.prolific.com/pricing,2026-07-12,0.42839999999999995,0.004,42.839999999999996,0.4,43.239999999999995
yelp_polarity,hybrid_al,250,0,sentence_transformer_logreg,sentence-transformers/all-MiniLM-L6-v2,0.7661054541788487,0.768,low,Amazon Mechanical Turk,https://www.mturk.com/pricing,2026-07-12,0.04,0.004,10.0,1.0,11.0
yelp_polarity,hybrid_al,250,0,sentence_transformer_logreg,sentence-transformers/all-MiniLM-L6-v2,0.7661054541788487,0.768,base,Prolific,https://www.prolific.com/pricing,2026-07-12,0.09519999999999999,0.004,23.799999999999997,1.0,24.799999999999997
yelp_polarity,hybrid_al,250,0,sentence_transformer_logreg,sentence-transformers/all-MiniLM-L6-v2,0.7661054541788487,0.768,high,Prolific,https://www.prolific.com/pricing,2026-07-12,0.42839999999999995,0.004,107.09999999999998,1.0,108.09999999999998
yelp_polarity,hybrid_al,500,0,sentence_transformer_logreg,sentence-transformers/all-MiniLM-L6-v2,0.8143969757742906,0.815,low,Amazon Mechanical Turk,https://www.mturk.com/pricing,2026-07-12,0.04,0.004,20.0,2.0,22.0
yelp_polarity,hybrid_al,500,0,sentence_transformer_logreg,sentence-transformers/all-MiniLM-L6-v2,0.8143969757742906,0.815,base,Prolific,https://www.prolific.com/pricing,2026-07-12,0.09519999999999999,0.004,47.599999999999994,2.0,49.599999999999994
yelp_polarity,hybrid_al,500,0,sentence_transformer_logreg,sentence-transformers/all-MiniLM-L6-v2,0.8143969757742906,0.815,high,Prolific,https://www.prolific.com/pricing,2026-07-12,0.42839999999999995,0.004,214.19999999999996,2.0,216.19999999999996
yelp_polarity,hybrid_al,1000,0,sentence_transformer_logreg,sentence-transformers/all-MiniLM-L6-v2,0.8466895463313209,0.847,low,Amazon Mechanical Turk,https://www.mturk.com/pricing,2026-07-12,0.04,0.004,40.0,4.0,44.0
yelp_polarity,hybrid_al,1000,0,sentence_transformer_logreg,sentence-transformers/all-MiniLM-L6-v2,0.8466895463313209,0.847,base,Prolific,https://www.prolific.com/pricing,2026-07-12,0.09519999999999999,0.004,95.19999999999999,4.0,99.19999999999999
yelp_polarity,hybrid_al,1000,0,sentence_transformer_logreg,sentence-transformers/all-MiniLM-L6-v2,0.8466895463313209,0.847,high,Prolific,https://www.prolific.com/pricing,2026-07-12,0.42839999999999995,0.004,428.3999999999999,4.0,432.3999999999999
yelp_polarity,random,50,1,sentence_transformer_logreg,sentence-transformers/all-MiniLM-L6-v2,0.7399927935010482,0.746,low,Amazon Mechanical Turk,https://www.mturk.com/pricing,2026-07-12,0.04,0.0,2.0,0.0,2.0
yelp_polarity,random,50,1,sentence_transformer_logreg,sentence-transformers/all-MiniLM-L6-v2,0.7399927935010482,0.746,base,Prolific,https://www.prolific.com/pricing,2026-07-12,0.09519999999999999,0.0,4.76,0.0,4.76
yelp_polarity,random,50,1,sentence_transformer_logreg,sentence-transformers/all-MiniLM-L6-v2,0.7399927935010482,0.746,high,Prolific,https://www.prolific.com/pricing,2026-07-12,0.42839999999999995,0.0,21.419999999999998,0.0,21.419999999999998
yelp_polarity,random,100,1,sentence_transformer_logreg,sentence-transformers/all-MiniLM-L6-v2,0.779151056661808,0.78,low,Amazon Mechanical Turk,https://www.mturk.com/pricing,2026-07-12,0.04,0.0,4.0,0.0,4.0
yelp_polarity,random,100,1,sentence_transformer_logreg,sentence-transformers/all-MiniLM-L6-v2,0.779151056661808,0.78,base,Prolific,https://www.prolific.com/pricing,2026-07-12,0.09519999999999999,0.0,9.52,0.0,9.52
yelp_polarity,random,100,1,sentence_transformer_logreg,sentence-transformers/all-MiniLM-L6-v2,0.779151056661808,0.78,high,Prolific,https://www.prolific.com/pricing,2026-07-12,0.42839999999999995,0.0,42.839999999999996,0.0,42.839999999999996
yelp_polarity,random,250,1,sentence_transformer_logreg,sentence-transformers/all-MiniLM-L6-v2,0.8170515954709212,0.818,low,Amazon Mechanical Turk,https://www.mturk.com/pricing,2026-07-12,0.04,0.0,10.0,0.0,10.0
yelp_polarity,random,250,1,sentence_transformer_logreg,sentence-transformers/all-MiniLM-L6-v2,0.8170515954709212,0.818,base,Prolific,https://www.prolific.com/pricing,2026-07-12,0.09519999999999999,0.0,23.799999999999997,0.0,23.799999999999997
yelp_polarity,random,250,1,sentence_transformer_logreg,sentence-transformers/all-MiniLM-L6-v2,0.8170515954709212,0.818,high,Prolific,https://www.prolific.com/pricing,2026-07-12,0.42839999999999995,0.0,107.09999999999998,0.0,107.09999999999998
yelp_polarity,random,500,1,sentence_transformer_logreg,sentence-transformers/all-MiniLM-L6-v2,0.8483982928242193,0.849,low,Amazon Mechanical Turk,https://www.mturk.com/pricing,2026-07-12,0.04,0.0,20.0,0.0,20.0
yelp_polarity,random,500,1,sentence_transformer_logreg,sentence-transformers/all-MiniLM-L6-v2,0.8483982928242193,0.849,base,Prolific,https://www.prolific.com/pricing,2026-07-12,0.09519999999999999,0.0,47.599999999999994,0.0,47.599999999999994
yelp_polarity,random,500,1,sentence_transformer_logreg,sentence-transformers/all-MiniLM-L6-v2,0.8483982928242193,0.849,high,Prolific,https://www.prolific.com/pricing,2026-07-12,0.42839999999999995,0.0,214.19999999999996,0.0,214.19999999999996
yelp_polarity,random,1000,1,sentence_transformer_logreg,sentence-transformers/all-MiniLM-L6-v2,0.8511850895503779,0.852,low,Amazon Mechanical Turk,https://www.mturk.com/pricing,2026-07-12,0.04,0.0,40.0,0.0,40.0
yelp_polarity,random,1000,1,sentence_transformer_logreg,sentence-transformers/all-MiniLM-L6-v2,0.8511850895503779,0.852,base,Prolific,https://www.prolific.com/pricing,2026-07-12,0.09519999999999999,0.0,95.19999999999999,0.0,95.19999999999999
yelp_polarity,random,1000,1,sentence_transformer_logreg,sentence-transformers/all-MiniLM-L6-v2,0.8511850895503779,0.852,high,Prolific,https://www.prolific.com/pricing,2026-07-12,0.42839999999999995,0.0,428.3999999999999,0.0,428.3999999999999
yelp_polarity,uncertainty_al,50,1,sentence_transformer_logreg,sentence-transformers/all-MiniLM-L6-v2,0.41476444876153473,0.518,low,Amazon Mechanical Turk,https://www.mturk.com/pricing,2026-07-12,0.04,0.002,2.0,0.1,2.1
yelp_polarity,uncertainty_al,50,1,sentence_transformer_logreg,sentence-transformers/all-MiniLM-L6-v2,0.41476444876153473,0.518,base,Prolific,https://www.prolific.com/pricing,2026-07-12,0.09519999999999999,0.002,4.76,0.1,4.859999999999999
yelp_polarity,uncertainty_al,50,1,sentence_transformer_logreg,sentence-transformers/all-MiniLM-L6-v2,0.41476444876153473,0.518,high,Prolific,https://www.prolific.com/pricing,2026-07-12,0.42839999999999995,0.002,21.419999999999998,0.1,21.52
yelp_polarity,uncertainty_al,100,1,sentence_transformer_logreg,sentence-transformers/all-MiniLM-L6-v2,0.7965880908840401,0.797,low,Amazon Mechanical Turk,https://www.mturk.com/pricing,2026-07-12,0.04,0.002,4.0,0.2,4.2
yelp_polarity,uncertainty_al,100,1,sentence_transformer_logreg,sentence-transformers/all-MiniLM-L6-v2,0.7965880908840401,0.797,base,Prolific,https://www.prolific.com/pricing,2026-07-12,0.09519999999999999,0.002,9.52,0.2,9.719999999999999
yelp_polarity,uncertainty_al,100,1,sentence_transformer_logreg,sentence-transformers/all-MiniLM-L6-v2,0.7965880908840401,0.797,high,Prolific,https://www.prolific.com/pricing,2026-07-12,0.42839999999999995,0.002,42.839999999999996,0.2,43.04
yelp_polarity,uncertainty_al,250,1,sentence_transformer_logreg,sentence-transformers/all-MiniLM-L6-v2,0.5706464922056282,0.639,low,Amazon Mechanical Turk,https://www.mturk.com/pricing,2026-07-12,0.04,0.002,10.0,0.5,10.5
yelp_polarity,uncertainty_al,250,1,sentence_transformer_logreg,sentence-transformers/all-MiniLM-L6-v2,0.5706464922056282,0.639,base,Prolific,https://www.prolific.com/pricing,2026-07-12,0.09519999999999999,0.002,23.799999999999997,0.5,24.299999999999997
yelp_polarity,uncertainty_al,250,1,sentence_transformer_logreg,sentence-transformers/all-MiniLM-L6-v2,0.5706464922056282,0.639,high,Prolific,https://www.prolific.com/pricing,2026-07-12,0.42839999999999995,0.002,107.09999999999998,0.5,107.59999999999998
yelp_polarity,uncertainty_al,500,1,sentence_transformer_logreg,sentence-transformers/all-MiniLM-L6-v2,0.8197115384615384,0.82,low,Amazon Mechanical Turk,https://www.mturk.com/pricing,2026-07-12,0.04,0.002,20.0,1.0,21.0
yelp_polarity,uncertainty_al,500,1,sentence_transformer_logreg,sentence-transformers/all-MiniLM-L6-v2,0.8197115384615384,0.82,base,Prolific,https://www.prolific.com/pricing,2026-07-12,0.09519999999999999,0.002,47.599999999999994,1.0,48.599999999999994
yelp_polarity,uncertainty_al,500,1,sentence_transformer_logreg,sentence-transformers/all-MiniLM-L6-v2,0.8197115384615384,0.82,high,Prolific,https://www.prolific.com/pricing,2026-07-12,0.42839999999999995,0.002,214.19999999999996,1.0,215.19999999999996
yelp_polarity,uncertainty_al,1000,1,sentence_transformer_logreg,sentence-transformers/all-MiniLM-L6-v2,0.8505648245752204,0.852,low,Amazon Mechanical Turk,https://www.mturk.com/pricing,2026-07-12,0.04,0.002,40.0,2.0,42.0
yelp_polarity,uncertainty_al,1000,1,sentence_transformer_logreg,sentence-transformers/all-MiniLM-L6-v2,0.8505648245752204,0.852,base,Prolific,https://www.prolific.com/pricing,2026-07-12,0.09519999999999999,0.002,95.19999999999999,2.0,97.19999999999999
yelp_polarity,uncertainty_al,1000,1,sentence_transformer_logreg,sentence-transformers/all-MiniLM-L6-v2,0.8505648245752204,0.852,high,Prolific,https://www.prolific.com/pricing,2026-07-12,0.42839999999999995,0.002,428.3999999999999,2.0,430.3999999999999
yelp_polarity,diversity_al,50,1,sentence_transformer_logreg,sentence-transformers/all-MiniLM-L6-v2,0.7841432646172659,0.785,low,Amazon Mechanical Turk,https://www.mturk.com/pricing,2026-07-12,0.04,0.003,2.0,0.15,2.15
yelp_polarity,diversity_al,50,1,sentence_transformer_logreg,sentence-transformers/all-MiniLM-L6-v2,0.7841432646172659,0.785,base,Prolific,https://www.prolific.com/pricing,2026-07-12,0.09519999999999999,0.003,4.76,0.15,4.91
yelp_polarity,diversity_al,50,1,sentence_transformer_logreg,sentence-transformers/all-MiniLM-L6-v2,0.7841432646172659,0.785,high,Prolific,https://www.prolific.com/pricing,2026-07-12,0.42839999999999995,0.003,21.419999999999998,0.15,21.569999999999997
yelp_polarity,diversity_al,100,1,sentence_transformer_logreg,sentence-transformers/all-MiniLM-L6-v2,0.7914315159248172,0.796,low,Amazon Mechanical Turk,https://www.mturk.com/pricing,2026-07-12,0.04,0.003,4.0,0.3,4.3
yelp_polarity,diversity_al,100,1,sentence_transformer_logreg,sentence-transformers/all-MiniLM-L6-v2,0.7914315159248172,0.796,base,Prolific,https://www.prolific.com/pricing,2026-07-12,0.09519999999999999,0.003,9.52,0.3,9.82
yelp_polarity,diversity_al,100,1,sentence_transformer_logreg,sentence-transformers/all-MiniLM-L6-v2,0.7914315159248172,0.796,high,Prolific,https://www.prolific.com/pricing,2026-07-12,0.42839999999999995,0.003,42.839999999999996,0.3,43.13999999999999
yelp_polarity,diversity_al,250,1,sentence_transformer_logreg,sentence-transformers/all-MiniLM-L6-v2,0.8126356863847242,0.816,low,Amazon Mechanical Turk,https://www.mturk.com/pricing,2026-07-12,0.04,0.003,10.0,0.75,10.75
yelp_polarity,diversity_al,250,1,sentence_transformer_logreg,sentence-transformers/all-MiniLM-L6-v2,0.8126356863847242,0.816,base,Prolific,https://www.prolific.com/pricing,2026-07-12,0.09519999999999999,0.003,23.799999999999997,0.75,24.549999999999997
yelp_polarity,diversity_al,250,1,sentence_transformer_logreg,sentence-transformers/all-MiniLM-L6-v2,0.8126356863847242,0.816,high,Prolific,https://www.prolific.com/pricing,2026-07-12,0.42839999999999995,0.003,107.09999999999998,0.75,107.84999999999998
yelp_polarity,diversity_al,500,1,sentence_transformer_logreg,sentence-transformers/all-MiniLM-L6-v2,0.8522124400932569,0.853,low,Amazon Mechanical Turk,https://www.mturk.com/pricing,2026-07-12,0.04,0.003,20.0,1.5,21.5
yelp_polarity,diversity_al,500,1,sentence_transformer_logreg,sentence-transformers/all-MiniLM-L6-v2,0.8522124400932569,0.853,base,Prolific,https://www.prolific.com/pricing,2026-07-12,0.09519999999999999,0.003,47.599999999999994,1.5,49.099999999999994
yelp_polarity,diversity_al,500,1,sentence_transformer_logreg,sentence-transformers/all-MiniLM-L6-v2,0.8522124400932569,0.853,high,Prolific,https://www.prolific.com/pricing,2026-07-12,0.42839999999999995,0.003,214.19999999999996,1.5,215.69999999999996
yelp_polarity,diversity_al,1000,1,sentence_transformer_logreg,sentence-transformers/all-MiniLM-L6-v2,0.8503281229438951,0.851,low,Amazon Mechanical Turk,https://www.mturk.com/pricing,2026-07-12,0.04,0.003,40.0,3.0,43.0
yelp_polarity,diversity_al,1000,1,sentence_transformer_logreg,sentence-transformers/all-MiniLM-L6-v2,0.8503281229438951,0.851,base,Prolific,https://www.prolific.com/pricing,2026-07-12,0.09519999999999999,0.003,95.19999999999999,3.0,98.19999999999999
yelp_polarity,diversity_al,1000,1,sentence_transformer_logreg,sentence-transformers/all-MiniLM-L6-v2,0.8503281229438951,0.851,high,Prolific,https://www.prolific.com/pricing,2026-07-12,0.42839999999999995,0.003,428.3999999999999,3.0,431.3999999999999
yelp_polarity,hybrid_al,50,1,sentence_transformer_logreg,sentence-transformers/all-MiniLM-L6-v2,0.7608925597059384,0.764,low,Amazon Mechanical Turk,https://www.mturk.com/pricing,2026-07-12,0.04,0.004,2.0,0.2,2.2
yelp_polarity,hybrid_al,50,1,sentence_transformer_logreg,sentence-transformers/all-MiniLM-L6-v2,0.7608925597059384,0.764,base,Prolific,https://www.prolific.com/pricing,2026-07-12,0.09519999999999999,0.004,4.76,0.2,4.96
yelp_polarity,hybrid_al,50,1,sentence_transformer_logreg,sentence-transformers/all-MiniLM-L6-v2,0.7608925597059384,0.764,high,Prolific,https://www.prolific.com/pricing,2026-07-12,0.42839999999999995,0.004,21.419999999999998,0.2,21.619999999999997
yelp_polarity,hybrid_al,100,1,sentence_transformer_logreg,sentence-transformers/all-MiniLM-L6-v2,0.7139955469646293,0.735,low,Amazon Mechanical Turk,https://www.mturk.com/pricing,2026-07-12,0.04,0.004,4.0,0.4,4.4
yelp_polarity,hybrid_al,100,1,sentence_transformer_logreg,sentence-transformers/all-MiniLM-L6-v2,0.7139955469646293,0.735,base,Prolific,https://www.prolific.com/pricing,2026-07-12,0.09519999999999999,0.004,9.52,0.4,9.92
yelp_polarity,hybrid_al,100,1,sentence_transformer_logreg,sentence-transformers/all-MiniLM-L6-v2,0.7139955469646293,0.735,high,Prolific,https://www.prolific.com/pricing,2026-07-12,0.42839999999999995,0.004,42.839999999999996,0.4,43.239999999999995
yelp_polarity,hybrid_al,250,1,sentence_transformer_logreg,sentence-transformers/all-MiniLM-L6-v2,0.8234059375739989,0.824,low,Amazon Mechanical Turk,https://www.mturk.com/pricing,2026-07-12,0.04,0.004,10.0,1.0,11.0
yelp_polarity,hybrid_al,250,1,sentence_transformer_logreg,sentence-transformers/all-MiniLM-L6-v2,0.8234059375739989,0.824,base,Prolific,https://www.prolific.com/pricing,2026-07-12,0.09519999999999999,0.004,23.799999999999997,1.0,24.799999999999997
yelp_polarity,hybrid_al,250,1,sentence_transformer_logreg,sentence-transformers/all-MiniLM-L6-v2,0.8234059375739989,0.824,high,Prolific,https://www.prolific.com/pricing,2026-07-12,0.42839999999999995,0.004,107.09999999999998,1.0,108.09999999999998
yelp_polarity,hybrid_al,500,1,sentence_transformer_logreg,sentence-transformers/all-MiniLM-L6-v2,0.8040120246160897,0.805,low,Amazon Mechanical Turk,https://www.mturk.com/pricing,2026-07-12,0.04,0.004,20.0,2.0,22.0
yelp_polarity,hybrid_al,500,1,sentence_transformer_logreg,sentence-transformers/all-MiniLM-L6-v2,0.8040120246160897,0.805,base,Prolific,https://www.prolific.com/pricing,2026-07-12,0.09519999999999999,0.004,47.599999999999994,2.0,49.599999999999994
yelp_polarity,hybrid_al,500,1,sentence_transformer_logreg,sentence-transformers/all-MiniLM-L6-v2,0.8040120246160897,0.805,high,Prolific,https://www.prolific.com/pricing,2026-07-12,0.42839999999999995,0.004,214.19999999999996,2.0,216.19999999999996
yelp_polarity,hybrid_al,1000,1,sentence_transformer_logreg,sentence-transformers/all-MiniLM-L6-v2,0.8435092449922958,0.844,low,Amazon Mechanical Turk,https://www.mturk.com/pricing,2026-07-12,0.04,0.004,40.0,4.0,44.0
yelp_polarity,hybrid_al,1000,1,sentence_transformer_logreg,sentence-transformers/all-MiniLM-L6-v2,0.8435092449922958,0.844,base,Prolific,https://www.prolific.com/pricing,2026-07-12,0.09519999999999999,0.004,95.19999999999999,4.0,99.19999999999999
yelp_polarity,hybrid_al,1000,1,sentence_transformer_logreg,sentence-transformers/all-MiniLM-L6-v2,0.8435092449922958,0.844,high,Prolific,https://www.prolific.com/pricing,2026-07-12,0.42839999999999995,0.004,428.3999999999999,4.0,432.3999999999999
yelp_polarity,random,50,2,sentence_transformer_logreg,sentence-transformers/all-MiniLM-L6-v2,0.5114087301587301,0.606,low,Amazon Mechanical Turk,https://www.mturk.com/pricing,2026-07-12,0.04,0.0,2.0,0.0,2.0
yelp_polarity,random,50,2,sentence_transformer_logreg,sentence-transformers/all-MiniLM-L6-v2,0.5114087301587301,0.606,base,Prolific,https://www.prolific.com/pricing,2026-07-12,0.09519999999999999,0.0,4.76,0.0,4.76
yelp_polarity,random,50,2,sentence_transformer_logreg,sentence-transformers/all-MiniLM-L6-v2,0.5114087301587301,0.606,high,Prolific,https://www.prolific.com/pricing,2026-07-12,0.42839999999999995,0.0,21.419999999999998,0.0,21.419999999999998
yelp_polarity,random,100,2,sentence_transformer_logreg,sentence-transformers/all-MiniLM-L6-v2,0.7737373737373737,0.776,low,Amazon Mechanical Turk,https://www.mturk.com/pricing,2026-07-12,0.04,0.0,4.0,0.0,4.0
yelp_polarity,random,100,2,sentence_transformer_logreg,sentence-transformers/all-MiniLM-L6-v2,0.7737373737373737,0.776,base,Prolific,https://www.prolific.com/pricing,2026-07-12,0.09519999999999999,0.0,9.52,0.0,9.52
yelp_polarity,random,100,2,sentence_transformer_logreg,sentence-transformers/all-MiniLM-L6-v2,0.7737373737373737,0.776,high,Prolific,https://www.prolific.com/pricing,2026-07-12,0.42839999999999995,0.0,42.839999999999996,0.0,42.839999999999996
yelp_polarity,random,250,2,sentence_transformer_logreg,sentence-transformers/all-MiniLM-L6-v2,0.828891775566758,0.831,low,Amazon Mechanical Turk,https://www.mturk.com/pricing,2026-07-12,0.04,0.0,10.0,0.0,10.0
yelp_polarity,random,250,2,sentence_transformer_logreg,sentence-transformers/all-MiniLM-L6-v2,0.828891775566758,0.831,base,Prolific,https://www.prolific.com/pricing,2026-07-12,0.09519999999999999,0.0,23.799999999999997,0.0,23.799999999999997
yelp_polarity,random,250,2,sentence_transformer_logreg,sentence-transformers/all-MiniLM-L6-v2,0.828891775566758,0.831,high,Prolific,https://www.prolific.com/pricing,2026-07-12,0.42839999999999995,0.0,107.09999999999998,0.0,107.09999999999998
yelp_polarity,random,500,2,sentence_transformer_logreg,sentence-transformers/all-MiniLM-L6-v2,0.8297110831886549,0.831,low,Amazon Mechanical Turk,https://www.mturk.com/pricing,2026-07-12,0.04,0.0,20.0,0.0,20.0
yelp_polarity,random,500,2,sentence_transformer_logreg,sentence-transformers/all-MiniLM-L6-v2,0.8297110831886549,0.831,base,Prolific,https://www.prolific.com/pricing,2026-07-12,0.09519999999999999,0.0,47.599999999999994,0.0,47.599999999999994
yelp_polarity,random,500,2,sentence_transformer_logreg,sentence-transformers/all-MiniLM-L6-v2,0.8297110831886549,0.831,high,Prolific,https://www.prolific.com/pricing,2026-07-12,0.42839999999999995,0.0,214.19999999999996,0.0,214.19999999999996
yelp_polarity,random,1000,2,sentence_transformer_logreg,sentence-transformers/all-MiniLM-L6-v2,0.861320470304492,0.862,low,Amazon Mechanical Turk,https://www.mturk.com/pricing,2026-07-12,0.04,0.0,40.0,0.0,40.0
yelp_polarity,random,1000,2,sentence_transformer_logreg,sentence-transformers/all-MiniLM-L6-v2,0.861320470304492,0.862,base,Prolific,https://www.prolific.com/pricing,2026-07-12,0.09519999999999999,0.0,95.19999999999999,0.0,95.19999999999999
yelp_polarity,random,1000,2,sentence_transformer_logreg,sentence-transformers/all-MiniLM-L6-v2,0.861320470304492,0.862,high,Prolific,https://www.prolific.com/pricing,2026-07-12,0.42839999999999995,0.0,428.3999999999999,0.0,428.3999999999999
yelp_polarity,uncertainty_al,50,2,sentence_transformer_logreg,sentence-transformers/all-MiniLM-L6-v2,0.7758052662639204,0.777,low,Amazon Mechanical Turk,https://www.mturk.com/pricing,2026-07-12,0.04,0.002,2.0,0.1,2.1
yelp_polarity,uncertainty_al,50,2,sentence_transformer_logreg,sentence-transformers/all-MiniLM-L6-v2,0.7758052662639204,0.777,base,Prolific,https://www.prolific.com/pricing,2026-07-12,0.09519999999999999,0.002,4.76,0.1,4.859999999999999
yelp_polarity,uncertainty_al,50,2,sentence_transformer_logreg,sentence-transformers/all-MiniLM-L6-v2,0.7758052662639204,0.777,high,Prolific,https://www.prolific.com/pricing,2026-07-12,0.42839999999999995,0.002,21.419999999999998,0.1,21.52
yelp_polarity,uncertainty_al,100,2,sentence_transformer_logreg,sentence-transformers/all-MiniLM-L6-v2,0.6723969252271139,0.707,low,Amazon Mechanical Turk,https://www.mturk.com/pricing,2026-07-12,0.04,0.002,4.0,0.2,4.2
yelp_polarity,uncertainty_al,100,2,sentence_transformer_logreg,sentence-transformers/all-MiniLM-L6-v2,0.6723969252271139,0.707,base,Prolific,https://www.prolific.com/pricing,2026-07-12,0.09519999999999999,0.002,9.52,0.2,9.719999999999999
yelp_polarity,uncertainty_al,100,2,sentence_transformer_logreg,sentence-transformers/all-MiniLM-L6-v2,0.6723969252271139,0.707,high,Prolific,https://www.prolific.com/pricing,2026-07-12,0.42839999999999995,0.002,42.839999999999996,0.2,43.04
yelp_polarity,uncertainty_al,250,2,sentence_transformer_logreg,sentence-transformers/all-MiniLM-L6-v2,0.7763458539357084,0.778,low,Amazon Mechanical Turk,https://www.mturk.com/pricing,2026-07-12,0.04,0.002,10.0,0.5,10.5
yelp_polarity,uncertainty_al,250,2,sentence_transformer_logreg,sentence-transformers/all-MiniLM-L6-v2,0.7763458539357084,0.778,base,Prolific,https://www.prolific.com/pricing,2026-07-12,0.09519999999999999,0.002,23.799999999999997,0.5,24.299999999999997
yelp_polarity,uncertainty_al,250,2,sentence_transformer_logreg,sentence-transformers/all-MiniLM-L6-v2,0.7763458539357084,0.778,high,Prolific,https://www.prolific.com/pricing,2026-07-12,0.42839999999999995,0.002,107.09999999999998,0.5,107.59999999999998
yelp_polarity,uncertainty_al,500,2,sentence_transformer_logreg,sentence-transformers/all-MiniLM-L6-v2,0.8168239678330876,0.817,low,Amazon Mechanical Turk,https://www.mturk.com/pricing,2026-07-12,0.04,0.002,20.0,1.0,21.0
yelp_polarity,uncertainty_al,500,2,sentence_transformer_logreg,sentence-transformers/all-MiniLM-L6-v2,0.8168239678330876,0.817,base,Prolific,https://www.prolific.com/pricing,2026-07-12,0.09519999999999999,0.002,47.599999999999994,1.0,48.599999999999994
yelp_polarity,uncertainty_al,500,2,sentence_transformer_logreg,sentence-transformers/all-MiniLM-L6-v2,0.8168239678330876,0.817,high,Prolific,https://www.prolific.com/pricing,2026-07-12,0.42839999999999995,0.002,214.19999999999996,1.0,215.19999999999996
yelp_polarity,uncertainty_al,1000,2,sentence_transformer_logreg,sentence-transformers/all-MiniLM-L6-v2,0.8498103477646437,0.851,low,Amazon Mechanical Turk,https://www.mturk.com/pricing,2026-07-12,0.04,0.002,40.0,2.0,42.0
yelp_polarity,uncertainty_al,1000,2,sentence_transformer_logreg,sentence-transformers/all-MiniLM-L6-v2,0.8498103477646437,0.851,base,Prolific,https://www.prolific.com/pricing,2026-07-12,0.09519999999999999,0.002,95.19999999999999,2.0,97.19999999999999
yelp_polarity,uncertainty_al,1000,2,sentence_transformer_logreg,sentence-transformers/all-MiniLM-L6-v2,0.8498103477646437,0.851,high,Prolific,https://www.prolific.com/pricing,2026-07-12,0.42839999999999995,0.002,428.3999999999999,2.0,430.3999999999999
yelp_polarity,diversity_al,50,2,sentence_transformer_logreg,sentence-transformers/all-MiniLM-L6-v2,0.773967451312989,0.774,low,Amazon Mechanical Turk,https://www.mturk.com/pricing,2026-07-12,0.04,0.003,2.0,0.15,2.15
yelp_polarity,diversity_al,50,2,sentence_transformer_logreg,sentence-transformers/all-MiniLM-L6-v2,0.773967451312989,0.774,base,Prolific,https://www.prolific.com/pricing,2026-07-12,0.09519999999999999,0.003,4.76,0.15,4.91
yelp_polarity,diversity_al,50,2,sentence_transformer_logreg,sentence-transformers/all-MiniLM-L6-v2,0.773967451312989,0.774,high,Prolific,https://www.prolific.com/pricing,2026-07-12,0.42839999999999995,0.003,21.419999999999998,0.15,21.569999999999997
yelp_polarity,diversity_al,100,2,sentence_transformer_logreg,sentence-transformers/all-MiniLM-L6-v2,0.7762674148606811,0.778,low,Amazon Mechanical Turk,https://www.mturk.com/pricing,2026-07-12,0.04,0.003,4.0,0.3,4.3
yelp_polarity,diversity_al,100,2,sentence_transformer_logreg,sentence-transformers/all-MiniLM-L6-v2,0.7762674148606811,0.778,base,Prolific,https://www.prolific.com/pricing,2026-07-12,0.09519999999999999,0.003,9.52,0.3,9.82
yelp_polarity,diversity_al,100,2,sentence_transformer_logreg,sentence-transformers/all-MiniLM-L6-v2,0.7762674148606811,0.778,high,Prolific,https://www.prolific.com/pricing,2026-07-12,0.42839999999999995,0.003,42.839999999999996,0.3,43.13999999999999
yelp_polarity,diversity_al,250,2,sentence_transformer_logreg,sentence-transformers/all-MiniLM-L6-v2,0.824381499903107,0.826,low,Amazon Mechanical Turk,https://www.mturk.com/pricing,2026-07-12,0.04,0.003,10.0,0.75,10.75
yelp_polarity,diversity_al,250,2,sentence_transformer_logreg,sentence-transformers/all-MiniLM-L6-v2,0.824381499903107,0.826,base,Prolific,https://www.prolific.com/pricing,2026-07-12,0.09519999999999999,0.003,23.799999999999997,0.75,24.549999999999997
yelp_polarity,diversity_al,250,2,sentence_transformer_logreg,sentence-transformers/all-MiniLM-L6-v2,0.824381499903107,0.826,high,Prolific,https://www.prolific.com/pricing,2026-07-12,0.42839999999999995,0.003,107.09999999999998,0.75,107.84999999999998
yelp_polarity,diversity_al,500,2,sentence_transformer_logreg,sentence-transformers/all-MiniLM-L6-v2,0.852414232087154,0.853,low,Amazon Mechanical Turk,https://www.mturk.com/pricing,2026-07-12,0.04,0.003,20.0,1.5,21.5
yelp_polarity,diversity_al,500,2,sentence_transformer_logreg,sentence-transformers/all-MiniLM-L6-v2,0.852414232087154,0.853,base,Prolific,https://www.prolific.com/pricing,2026-07-12,0.09519999999999999,0.003,47.599999999999994,1.5,49.099999999999994
yelp_polarity,diversity_al,500,2,sentence_transformer_logreg,sentence-transformers/all-MiniLM-L6-v2,0.852414232087154,0.853,high,Prolific,https://www.prolific.com/pricing,2026-07-12,0.42839999999999995,0.003,214.19999999999996,1.5,215.69999999999996
yelp_polarity,diversity_al,1000,2,sentence_transformer_logreg,sentence-transformers/all-MiniLM-L6-v2,0.8481458202388434,0.849,low,Amazon Mechanical Turk,https://www.mturk.com/pricing,2026-07-12,0.04,0.003,40.0,3.0,43.0
yelp_polarity,diversity_al,1000,2,sentence_transformer_logreg,sentence-transformers/all-MiniLM-L6-v2,0.8481458202388434,0.849,base,Prolific,https://www.prolific.com/pricing,2026-07-12,0.09519999999999999,0.003,95.19999999999999,3.0,98.19999999999999
yelp_polarity,diversity_al,1000,2,sentence_transformer_logreg,sentence-transformers/all-MiniLM-L6-v2,0.8481458202388434,0.849,high,Prolific,https://www.prolific.com/pricing,2026-07-12,0.42839999999999995,0.003,428.3999999999999,3.0,431.3999999999999
yelp_polarity,hybrid_al,50,2,sentence_transformer_logreg,sentence-transformers/all-MiniLM-L6-v2,0.7549585880013723,0.755,low,Amazon Mechanical Turk,https://www.mturk.com/pricing,2026-07-12,0.04,0.004,2.0,0.2,2.2
yelp_polarity,hybrid_al,50,2,sentence_transformer_logreg,sentence-transformers/all-MiniLM-L6-v2,0.7549585880013723,0.755,base,Prolific,https://www.prolific.com/pricing,2026-07-12,0.09519999999999999,0.004,4.76,0.2,4.96
yelp_polarity,hybrid_al,50,2,sentence_transformer_logreg,sentence-transformers/all-MiniLM-L6-v2,0.7549585880013723,0.755,high,Prolific,https://www.prolific.com/pricing,2026-07-12,0.42839999999999995,0.004,21.419999999999998,0.2,21.619999999999997
yelp_polarity,hybrid_al,100,2,sentence_transformer_logreg,sentence-transformers/all-MiniLM-L6-v2,0.7837500150173601,0.784,low,Amazon Mechanical Turk,https://www.mturk.com/pricing,2026-07-12,0.04,0.004,4.0,0.4,4.4
yelp_polarity,hybrid_al,100,2,sentence_transformer_logreg,sentence-transformers/all-MiniLM-L6-v2,0.7837500150173601,0.784,base,Prolific,https://www.prolific.com/pricing,2026-07-12,0.09519999999999999,0.004,9.52,0.4,9.92
yelp_polarity,hybrid_al,100,2,sentence_transformer_logreg,sentence-transformers/all-MiniLM-L6-v2,0.7837500150173601,0.784,high,Prolific,https://www.prolific.com/pricing,2026-07-12,0.42839999999999995,0.004,42.839999999999996,0.4,43.239999999999995
yelp_polarity,hybrid_al,250,2,sentence_transformer_logreg,sentence-transformers/all-MiniLM-L6-v2,0.7232653864445137,0.73,low,Amazon Mechanical Turk,https://www.mturk.com/pricing,2026-07-12,0.04,0.004,10.0,1.0,11.0
yelp_polarity,hybrid_al,250,2,sentence_transformer_logreg,sentence-transformers/all-MiniLM-L6-v2,0.7232653864445137,0.73,base,Prolific,https://www.prolific.com/pricing,2026-07-12,0.09519999999999999,0.004,23.799999999999997,1.0,24.799999999999997
yelp_polarity,hybrid_al,250,2,sentence_transformer_logreg,sentence-transformers/all-MiniLM-L6-v2,0.7232653864445137,0.73,high,Prolific,https://www.prolific.com/pricing,2026-07-12,0.42839999999999995,0.004,107.09999999999998,1.0,108.09999999999998
yelp_polarity,hybrid_al,500,2,sentence_transformer_logreg,sentence-transformers/all-MiniLM-L6-v2,0.8125860024794771,0.813,low,Amazon Mechanical Turk,https://www.mturk.com/pricing,2026-07-12,0.04,0.004,20.0,2.0,22.0
yelp_polarity,hybrid_al,500,2,sentence_transformer_logreg,sentence-transformers/all-MiniLM-L6-v2,0.8125860024794771,0.813,base,Prolific,https://www.prolific.com/pricing,2026-07-12,0.09519999999999999,0.004,47.599999999999994,2.0,49.599999999999994
yelp_polarity,hybrid_al,500,2,sentence_transformer_logreg,sentence-transformers/all-MiniLM-L6-v2,0.8125860024794771,0.813,high,Prolific,https://www.prolific.com/pricing,2026-07-12,0.42839999999999995,0.004,214.19999999999996,2.0,216.19999999999996
yelp_polarity,hybrid_al,1000,2,sentence_transformer_logreg,sentence-transformers/all-MiniLM-L6-v2,0.8417207954832324,0.842,low,Amazon Mechanical Turk,https://www.mturk.com/pricing,2026-07-12,0.04,0.004,40.0,4.0,44.0
yelp_polarity,hybrid_al,1000,2,sentence_transformer_logreg,sentence-transformers/all-MiniLM-L6-v2,0.8417207954832324,0.842,base,Prolific,https://www.prolific.com/pricing,2026-07-12,0.09519999999999999,0.004,95.19999999999999,4.0,99.19999999999999
yelp_polarity,hybrid_al,1000,2,sentence_transformer_logreg,sentence-transformers/all-MiniLM-L6-v2,0.8417207954832324,0.842,high,Prolific,https://www.prolific.com/pricing,2026-07-12,0.42839999999999995,0.004,428.3999999999999,4.0,432.3999999999999
tweet_eval_sentiment,random,50,0,sentence_transformer_logreg,sentence-transformers/all-MiniLM-L6-v2,0.35779371861738135,0.49,low,Amazon Mechanical Turk,https://www.mturk.com/pricing,2026-07-12,0.04,0.0,2.0,0.0,2.0
tweet_eval_sentiment,random,50,0,sentence_transformer_logreg,sentence-transformers/all-MiniLM-L6-v2,0.35779371861738135,0.49,base,Prolific,https://www.prolific.com/pricing,2026-07-12,0.09519999999999999,0.0,4.76,0.0,4.76
tweet_eval_sentiment,random,50,0,sentence_transformer_logreg,sentence-transformers/all-MiniLM-L6-v2,0.35779371861738135,0.49,high,Prolific,https://www.prolific.com/pricing,2026-07-12,0.42839999999999995,0.0,21.419999999999998,0.0,21.419999999999998
tweet_eval_sentiment,random,100,0,sentence_transformer_logreg,sentence-transformers/all-MiniLM-L6-v2,0.30596745988449053,0.388,low,Amazon Mechanical Turk,https://www.mturk.com/pricing,2026-07-12,0.04,0.0,4.0,0.0,4.0
tweet_eval_sentiment,random,100,0,sentence_transformer_logreg,sentence-transformers/all-MiniLM-L6-v2,0.30596745988449053,0.388,base,Prolific,https://www.prolific.com/pricing,2026-07-12,0.09519999999999999,0.0,9.52,0.0,9.52
tweet_eval_sentiment,random,100,0,sentence_transformer_logreg,sentence-transformers/all-MiniLM-L6-v2,0.30596745988449053,0.388,high,Prolific,https://www.prolific.com/pricing,2026-07-12,0.42839999999999995,0.0,42.839999999999996,0.0,42.839999999999996
tweet_eval_sentiment,random,250,0,sentence_transformer_logreg,sentence-transformers/all-MiniLM-L6-v2,0.5387396641808347,0.559,low,Amazon Mechanical Turk,https://www.mturk.com/pricing,2026-07-12,0.04,0.0,10.0,0.0,10.0
tweet_eval_sentiment,random,250,0,sentence_transformer_logreg,sentence-transformers/all-MiniLM-L6-v2,0.5387396641808347,0.559,base,Prolific,https://www.prolific.com/pricing,2026-07-12,0.09519999999999999,0.0,23.799999999999997,0.0,23.799999999999997
tweet_eval_sentiment,random,250,0,sentence_transformer_logreg,sentence-transformers/all-MiniLM-L6-v2,0.5387396641808347,0.559,high,Prolific,https://www.prolific.com/pricing,2026-07-12,0.42839999999999995,0.0,107.09999999999998,0.0,107.09999999999998
tweet_eval_sentiment,random,500,0,sentence_transformer_logreg,sentence-transformers/all-MiniLM-L6-v2,0.5681897886183883,0.575,low,Amazon Mechanical Turk,https://www.mturk.com/pricing,2026-07-12,0.04,0.0,20.0,0.0,20.0
tweet_eval_sentiment,random,500,0,sentence_transformer_logreg,sentence-transformers/all-MiniLM-L6-v2,0.5681897886183883,0.575,base,Prolific,https://www.prolific.com/pricing,2026-07-12,0.09519999999999999,0.0,47.599999999999994,0.0,47.599999999999994
tweet_eval_sentiment,random,500,0,sentence_transformer_logreg,sentence-transformers/all-MiniLM-L6-v2,0.5681897886183883,0.575,high,Prolific,https://www.prolific.com/pricing,2026-07-12,0.42839999999999995,0.0,214.19999999999996,0.0,214.19999999999996
tweet_eval_sentiment,random,1000,0,sentence_transformer_logreg,sentence-transformers/all-MiniLM-L6-v2,0.5947486016302757,0.591,low,Amazon Mechanical Turk,https://www.mturk.com/pricing,2026-07-12,0.04,0.0,40.0,0.0,40.0
tweet_eval_sentiment,random,1000,0,sentence_transformer_logreg,sentence-transformers/all-MiniLM-L6-v2,0.5947486016302757,0.591,base,Prolific,https://www.prolific.com/pricing,2026-07-12,0.09519999999999999,0.0,95.19999999999999,0.0,95.19999999999999
tweet_eval_sentiment,random,1000,0,sentence_transformer_logreg,sentence-transformers/all-MiniLM-L6-v2,0.5947486016302757,0.591,high,Prolific,https://www.prolific.com/pricing,2026-07-12,0.42839999999999995,0.0,428.3999999999999,0.0,428.3999999999999
tweet_eval_sentiment,uncertainty_al,50,0,sentence_transformer_logreg,sentence-transformers/all-MiniLM-L6-v2,0.33336747059927974,0.473,low,Amazon Mechanical Turk,https://www.mturk.com/pricing,2026-07-12,0.04,0.002,2.0,0.1,2.1
tweet_eval_sentiment,uncertainty_al,50,0,sentence_transformer_logreg,sentence-transformers/all-MiniLM-L6-v2,0.33336747059927974,0.473,base,Prolific,https://www.prolific.com/pricing,2026-07-12,0.09519999999999999,0.002,4.76,0.1,4.859999999999999
tweet_eval_sentiment,uncertainty_al,50,0,sentence_transformer_logreg,sentence-transformers/all-MiniLM-L6-v2,0.33336747059927974,0.473,high,Prolific,https://www.prolific.com/pricing,2026-07-12,0.42839999999999995,0.002,21.419999999999998,0.1,21.52
tweet_eval_sentiment,uncertainty_al,100,0,sentence_transformer_logreg,sentence-transformers/all-MiniLM-L6-v2,0.35471619789527603,0.45,low,Amazon Mechanical Turk,https://www.mturk.com/pricing,2026-07-12,0.04,0.002,4.0,0.2,4.2
tweet_eval_sentiment,uncertainty_al,100,0,sentence_transformer_logreg,sentence-transformers/all-MiniLM-L6-v2,0.35471619789527603,0.45,base,Prolific,https://www.prolific.com/pricing,2026-07-12,0.09519999999999999,0.002,9.52,0.2,9.719999999999999
tweet_eval_sentiment,uncertainty_al,100,0,sentence_transformer_logreg,sentence-transformers/all-MiniLM-L6-v2,0.35471619789527603,0.45,high,Prolific,https://www.prolific.com/pricing,2026-07-12,0.42839999999999995,0.002,42.839999999999996,0.2,43.04
tweet_eval_sentiment,uncertainty_al,250,0,sentence_transformer_logreg,sentence-transformers/all-MiniLM-L6-v2,0.5481572001770443,0.57,low,Amazon Mechanical Turk,https://www.mturk.com/pricing,2026-07-12,0.04,0.002,10.0,0.5,10.5
tweet_eval_sentiment,uncertainty_al,250,0,sentence_transformer_logreg,sentence-transformers/all-MiniLM-L6-v2,0.5481572001770443,0.57,base,Prolific,https://www.prolific.com/pricing,2026-07-12,0.09519999999999999,0.002,23.799999999999997,0.5,24.299999999999997
tweet_eval_sentiment,uncertainty_al,250,0,sentence_transformer_logreg,sentence-transformers/all-MiniLM-L6-v2,0.5481572001770443,0.57,high,Prolific,https://www.prolific.com/pricing,2026-07-12,0.42839999999999995,0.002,107.09999999999998,0.5,107.59999999999998
tweet_eval_sentiment,uncertainty_al,500,0,sentence_transformer_logreg,sentence-transformers/all-MiniLM-L6-v2,0.5040035484560264,0.51,low,Amazon Mechanical Turk,https://www.mturk.com/pricing,2026-07-12,0.04,0.002,20.0,1.0,21.0
tweet_eval_sentiment,uncertainty_al,500,0,sentence_transformer_logreg,sentence-transformers/all-MiniLM-L6-v2,0.5040035484560264,0.51,base,Prolific,https://www.prolific.com/pricing,2026-07-12,0.09519999999999999,0.002,47.599999999999994,1.0,48.599999999999994
tweet_eval_sentiment,uncertainty_al,500,0,sentence_transformer_logreg,sentence-transformers/all-MiniLM-L6-v2,0.5040035484560264,0.51,high,Prolific,https://www.prolific.com/pricing,2026-07-12,0.42839999999999995,0.002,214.19999999999996,1.0,215.19999999999996
tweet_eval_sentiment,uncertainty_al,1000,0,sentence_transformer_logreg,sentence-transformers/all-MiniLM-L6-v2,0.5708136144561854,0.577,low,Amazon Mechanical Turk,https://www.mturk.com/pricing,2026-07-12,0.04,0.002,40.0,2.0,42.0
tweet_eval_sentiment,uncertainty_al,1000,0,sentence_transformer_logreg,sentence-transformers/all-MiniLM-L6-v2,0.5708136144561854,0.577,base,Prolific,https://www.prolific.com/pricing,2026-07-12,0.09519999999999999,0.002,95.19999999999999,2.0,97.19999999999999
tweet_eval_sentiment,uncertainty_al,1000,0,sentence_transformer_logreg,sentence-transformers/all-MiniLM-L6-v2,0.5708136144561854,0.577,high,Prolific,https://www.prolific.com/pricing,2026-07-12,0.42839999999999995,0.002,428.3999999999999,2.0,430.3999999999999
tweet_eval_sentiment,diversity_al,50,0,sentence_transformer_logreg,sentence-transformers/all-MiniLM-L6-v2,0.3299776566522999,0.462,low,Amazon Mechanical Turk,https://www.mturk.com/pricing,2026-07-12,0.04,0.003,2.0,0.15,2.15
tweet_eval_sentiment,diversity_al,50,0,sentence_transformer_logreg,sentence-transformers/all-MiniLM-L6-v2,0.3299776566522999,0.462,base,Prolific,https://www.prolific.com/pricing,2026-07-12,0.09519999999999999,0.003,4.76,0.15,4.91
tweet_eval_sentiment,diversity_al,50,0,sentence_transformer_logreg,sentence-transformers/all-MiniLM-L6-v2,0.3299776566522999,0.462,high,Prolific,https://www.prolific.com/pricing,2026-07-12,0.42839999999999995,0.003,21.419999999999998,0.15,21.569999999999997
tweet_eval_sentiment,diversity_al,100,0,sentence_transformer_logreg,sentence-transformers/all-MiniLM-L6-v2,0.4103166151089474,0.504,low,Amazon Mechanical Turk,https://www.mturk.com/pricing,2026-07-12,0.04,0.003,4.0,0.3,4.3
tweet_eval_sentiment,diversity_al,100,0,sentence_transformer_logreg,sentence-transformers/all-MiniLM-L6-v2,0.4103166151089474,0.504,base,Prolific,https://www.prolific.com/pricing,2026-07-12,0.09519999999999999,0.003,9.52,0.3,9.82
tweet_eval_sentiment,diversity_al,100,0,sentence_transformer_logreg,sentence-transformers/all-MiniLM-L6-v2,0.4103166151089474,0.504,high,Prolific,https://www.prolific.com/pricing,2026-07-12,0.42839999999999995,0.003,42.839999999999996,0.3,43.13999999999999
tweet_eval_sentiment,diversity_al,250,0,sentence_transformer_logreg,sentence-transformers/all-MiniLM-L6-v2,0.4989244277559468,0.545,low,Amazon Mechanical Turk,https://www.mturk.com/pricing,2026-07-12,0.04,0.003,10.0,0.75,10.75
tweet_eval_sentiment,diversity_al,250,0,sentence_transformer_logreg,sentence-transformers/all-MiniLM-L6-v2,0.4989244277559468,0.545,base,Prolific,https://www.prolific.com/pricing,2026-07-12,0.09519999999999999,0.003,23.799999999999997,0.75,24.549999999999997
tweet_eval_sentiment,diversity_al,250,0,sentence_transformer_logreg,sentence-transformers/all-MiniLM-L6-v2,0.4989244277559468,0.545,high,Prolific,https://www.prolific.com/pricing,2026-07-12,0.42839999999999995,0.003,107.09999999999998,0.75,107.84999999999998
tweet_eval_sentiment,diversity_al,500,0,sentence_transformer_logreg,sentence-transformers/all-MiniLM-L6-v2,0.5725010095571409,0.576,low,Amazon Mechanical Turk,https://www.mturk.com/pricing,2026-07-12,0.04,0.003,20.0,1.5,21.5
tweet_eval_sentiment,diversity_al,500,0,sentence_transformer_logreg,sentence-transformers/all-MiniLM-L6-v2,0.5725010095571409,0.576,base,Prolific,https://www.prolific.com/pricing,2026-07-12,0.09519999999999999,0.003,47.599999999999994,1.5,49.099999999999994
tweet_eval_sentiment,diversity_al,500,0,sentence_transformer_logreg,sentence-transformers/all-MiniLM-L6-v2,0.5725010095571409,0.576,high,Prolific,https://www.prolific.com/pricing,2026-07-12,0.42839999999999995,0.003,214.19999999999996,1.5,215.69999999999996
tweet_eval_sentiment,diversity_al,1000,0,sentence_transformer_logreg,sentence-transformers/all-MiniLM-L6-v2,0.5646250450520913,0.567,low,Amazon Mechanical Turk,https://www.mturk.com/pricing,2026-07-12,0.04,0.003,40.0,3.0,43.0
tweet_eval_sentiment,diversity_al,1000,0,sentence_transformer_logreg,sentence-transformers/all-MiniLM-L6-v2,0.5646250450520913,0.567,base,Prolific,https://www.prolific.com/pricing,2026-07-12,0.09519999999999999,0.003,95.19999999999999,3.0,98.19999999999999
tweet_eval_sentiment,diversity_al,1000,0,sentence_transformer_logreg,sentence-transformers/all-MiniLM-L6-v2,0.5646250450520913,0.567,high,Prolific,https://www.prolific.com/pricing,2026-07-12,0.42839999999999995,0.003,428.3999999999999,3.0,431.3999999999999
tweet_eval_sentiment,hybrid_al,50,0,sentence_transformer_logreg,sentence-transformers/all-MiniLM-L6-v2,0.3323292581136152,0.457,low,Amazon Mechanical Turk,https://www.mturk.com/pricing,2026-07-12,0.04,0.004,2.0,0.2,2.2
tweet_eval_sentiment,hybrid_al,50,0,sentence_transformer_logreg,sentence-transformers/all-MiniLM-L6-v2,0.3323292581136152,0.457,base,Prolific,https://www.prolific.com/pricing,2026-07-12,0.09519999999999999,0.004,4.76,0.2,4.96
tweet_eval_sentiment,hybrid_al,50,0,sentence_transformer_logreg,sentence-transformers/all-MiniLM-L6-v2,0.3323292581136152,0.457,high,Prolific,https://www.prolific.com/pricing,2026-07-12,0.42839999999999995,0.004,21.419999999999998,0.2,21.619999999999997
tweet_eval_sentiment,hybrid_al,100,0,sentence_transformer_logreg,sentence-transformers/all-MiniLM-L6-v2,0.38047005295456726,0.484,low,Amazon Mechanical Turk,https://www.mturk.com/pricing,2026-07-12,0.04,0.004,4.0,0.4,4.4
tweet_eval_sentiment,hybrid_al,100,0,sentence_transformer_logreg,sentence-transformers/all-MiniLM-L6-v2,0.38047005295456726,0.484,base,Prolific,https://www.prolific.com/pricing,2026-07-12,0.09519999999999999,0.004,9.52,0.4,9.92
tweet_eval_sentiment,hybrid_al,100,0,sentence_transformer_logreg,sentence-transformers/all-MiniLM-L6-v2,0.38047005295456726,0.484,high,Prolific,https://www.prolific.com/pricing,2026-07-12,0.42839999999999995,0.004,42.839999999999996,0.4,43.239999999999995
tweet_eval_sentiment,hybrid_al,250,0,sentence_transformer_logreg,sentence-transformers/all-MiniLM-L6-v2,0.4859863969904941,0.517,low,Amazon Mechanical Turk,https://www.mturk.com/pricing,2026-07-12,0.04,0.004,10.0,1.0,11.0
tweet_eval_sentiment,hybrid_al,250,0,sentence_transformer_logreg,sentence-transformers/all-MiniLM-L6-v2,0.4859863969904941,0.517,base,Prolific,https://www.prolific.com/pricing,2026-07-12,0.09519999999999999,0.004,23.799999999999997,1.0,24.799999999999997
tweet_eval_sentiment,hybrid_al,250,0,sentence_transformer_logreg,sentence-transformers/all-MiniLM-L6-v2,0.4859863969904941,0.517,high,Prolific,https://www.prolific.com/pricing,2026-07-12,0.42839999999999995,0.004,107.09999999999998,1.0,108.09999999999998
tweet_eval_sentiment,hybrid_al,500,0,sentence_transformer_logreg,sentence-transformers/all-MiniLM-L6-v2,0.5567716161347246,0.565,low,Amazon Mechanical Turk,https://www.mturk.com/pricing,2026-07-12,0.04,0.004,20.0,2.0,22.0
tweet_eval_sentiment,hybrid_al,500,0,sentence_transformer_logreg,sentence-transformers/all-MiniLM-L6-v2,0.5567716161347246,0.565,base,Prolific,https://www.prolific.com/pricing,2026-07-12,0.09519999999999999,0.004,47.599999999999994,2.0,49.599999999999994
tweet_eval_sentiment,hybrid_al,500,0,sentence_transformer_logreg,sentence-transformers/all-MiniLM-L6-v2,0.5567716161347246,0.565,high,Prolific,https://www.prolific.com/pricing,2026-07-12,0.42839999999999995,0.004,214.19999999999996,2.0,216.19999999999996
tweet_eval_sentiment,hybrid_al,1000,0,sentence_transformer_logreg,sentence-transformers/all-MiniLM-L6-v2,0.5797886033704351,0.577,low,Amazon Mechanical Turk,https://www.mturk.com/pricing,2026-07-12,0.04,0.004,40.0,4.0,44.0
tweet_eval_sentiment,hybrid_al,1000,0,sentence_transformer_logreg,sentence-transformers/all-MiniLM-L6-v2,0.5797886033704351,0.577,base,Prolific,https://www.prolific.com/pricing,2026-07-12,0.09519999999999999,0.004,95.19999999999999,4.0,99.19999999999999
tweet_eval_sentiment,hybrid_al,1000,0,sentence_transformer_logreg,sentence-transformers/all-MiniLM-L6-v2,0.5797886033704351,0.577,high,Prolific,https://www.prolific.com/pricing,2026-07-12,0.42839999999999995,0.004,428.3999999999999,4.0,432.3999999999999
tweet_eval_sentiment,random,50,1,sentence_transformer_logreg,sentence-transformers/all-MiniLM-L6-v2,0.24295411444605472,0.303,low,Amazon Mechanical Turk,https://www.mturk.com/pricing,2026-07-12,0.04,0.0,2.0,0.0,2.0
tweet_eval_sentiment,random,50,1,sentence_transformer_logreg,sentence-transformers/all-MiniLM-L6-v2,0.24295411444605472,0.303,base,Prolific,https://www.prolific.com/pricing,2026-07-12,0.09519999999999999,0.0,4.76,0.0,4.76
tweet_eval_sentiment,random,50,1,sentence_transformer_logreg,sentence-transformers/all-MiniLM-L6-v2,0.24295411444605472,0.303,high,Prolific,https://www.prolific.com/pricing,2026-07-12,0.42839999999999995,0.0,21.419999999999998,0.0,21.419999999999998
tweet_eval_sentiment,random,100,1,sentence_transformer_logreg,sentence-transformers/all-MiniLM-L6-v2,0.2691666307269878,0.466,low,Amazon Mechanical Turk,https://www.mturk.com/pricing,2026-07-12,0.04,0.0,4.0,0.0,4.0
tweet_eval_sentiment,random,100,1,sentence_transformer_logreg,sentence-transformers/all-MiniLM-L6-v2,0.2691666307269878,0.466,base,Prolific,https://www.prolific.com/pricing,2026-07-12,0.09519999999999999,0.0,9.52,0.0,9.52
tweet_eval_sentiment,random,100,1,sentence_transformer_logreg,sentence-transformers/all-MiniLM-L6-v2,0.2691666307269878,0.466,high,Prolific,https://www.prolific.com/pricing,2026-07-12,0.42839999999999995,0.0,42.839999999999996,0.0,42.839999999999996
tweet_eval_sentiment,random,250,1,sentence_transformer_logreg,sentence-transformers/all-MiniLM-L6-v2,0.5108299119811486,0.538,low,Amazon Mechanical Turk,https://www.mturk.com/pricing,2026-07-12,0.04,0.0,10.0,0.0,10.0
tweet_eval_sentiment,random,250,1,sentence_transformer_logreg,sentence-transformers/all-MiniLM-L6-v2,0.5108299119811486,0.538,base,Prolific,https://www.prolific.com/pricing,2026-07-12,0.09519999999999999,0.0,23.799999999999997,0.0,23.799999999999997
tweet_eval_sentiment,random,250,1,sentence_transformer_logreg,sentence-transformers/all-MiniLM-L6-v2,0.5108299119811486,0.538,high,Prolific,https://www.prolific.com/pricing,2026-07-12,0.42839999999999995,0.0,107.09999999999998,0.0,107.09999999999998
tweet_eval_sentiment,random,500,1,sentence_transformer_logreg,sentence-transformers/all-MiniLM-L6-v2,0.5291032929172464,0.543,low,Amazon Mechanical Turk,https://www.mturk.com/pricing,2026-07-12,0.04,0.0,20.0,0.0,20.0
tweet_eval_sentiment,random,500,1,sentence_transformer_logreg,sentence-transformers/all-MiniLM-L6-v2,0.5291032929172464,0.543,base,Prolific,https://www.prolific.com/pricing,2026-07-12,0.09519999999999999,0.0,47.599999999999994,0.0,47.599999999999994
tweet_eval_sentiment,random,500,1,sentence_transformer_logreg,sentence-transformers/all-MiniLM-L6-v2,0.5291032929172464,0.543,high,Prolific,https://www.prolific.com/pricing,2026-07-12,0.42839999999999995,0.0,214.19999999999996,0.0,214.19999999999996
tweet_eval_sentiment,random,1000,1,sentence_transformer_logreg,sentence-transformers/all-MiniLM-L6-v2,0.5709372095283418,0.577,low,Amazon Mechanical Turk,https://www.mturk.com/pricing,2026-07-12,0.04,0.0,40.0,0.0,40.0
tweet_eval_sentiment,random,1000,1,sentence_transformer_logreg,sentence-transformers/all-MiniLM-L6-v2,0.5709372095283418,0.577,base,Prolific,https://www.prolific.com/pricing,2026-07-12,0.09519999999999999,0.0,95.19999999999999,0.0,95.19999999999999
tweet_eval_sentiment,random,1000,1,sentence_transformer_logreg,sentence-transformers/all-MiniLM-L6-v2,0.5709372095283418,0.577,high,Prolific,https://www.prolific.com/pricing,2026-07-12,0.42839999999999995,0.0,428.3999999999999,0.0,428.3999999999999
tweet_eval_sentiment,uncertainty_al,50,1,sentence_transformer_logreg,sentence-transformers/all-MiniLM-L6-v2,0.33376217861717833,0.466,low,Amazon Mechanical Turk,https://www.mturk.com/pricing,2026-07-12,0.04,0.002,2.0,0.1,2.1
tweet_eval_sentiment,uncertainty_al,50,1,sentence_transformer_logreg,sentence-transformers/all-MiniLM-L6-v2,0.33376217861717833,0.466,base,Prolific,https://www.prolific.com/pricing,2026-07-12,0.09519999999999999,0.002,4.76,0.1,4.859999999999999
tweet_eval_sentiment,uncertainty_al,50,1,sentence_transformer_logreg,sentence-transformers/all-MiniLM-L6-v2,0.33376217861717833,0.466,high,Prolific,https://www.prolific.com/pricing,2026-07-12,0.42839999999999995,0.002,21.419999999999998,0.1,21.52
tweet_eval_sentiment,uncertainty_al,100,1,sentence_transformer_logreg,sentence-transformers/all-MiniLM-L6-v2,0.3560575589841453,0.463,low,Amazon Mechanical Turk,https://www.mturk.com/pricing,2026-07-12,0.04,0.002,4.0,0.2,4.2
tweet_eval_sentiment,uncertainty_al,100,1,sentence_transformer_logreg,sentence-transformers/all-MiniLM-L6-v2,0.3560575589841453,0.463,base,Prolific,https://www.prolific.com/pricing,2026-07-12,0.09519999999999999,0.002,9.52,0.2,9.719999999999999
tweet_eval_sentiment,uncertainty_al,100,1,sentence_transformer_logreg,sentence-transformers/all-MiniLM-L6-v2,0.3560575589841453,0.463,high,Prolific,https://www.prolific.com/pricing,2026-07-12,0.42839999999999995,0.002,42.839999999999996,0.2,43.04
tweet_eval_sentiment,uncertainty_al,250,1,sentence_transformer_logreg,sentence-transformers/all-MiniLM-L6-v2,0.4426561987070146,0.506,low,Amazon Mechanical Turk,https://www.mturk.com/pricing,2026-07-12,0.04,0.002,10.0,0.5,10.5
tweet_eval_sentiment,uncertainty_al,250,1,sentence_transformer_logreg,sentence-transformers/all-MiniLM-L6-v2,0.4426561987070146,0.506,base,Prolific,https://www.prolific.com/pricing,2026-07-12,0.09519999999999999,0.002,23.799999999999997,0.5,24.299999999999997
tweet_eval_sentiment,uncertainty_al,250,1,sentence_transformer_logreg,sentence-transformers/all-MiniLM-L6-v2,0.4426561987070146,0.506,high,Prolific,https://www.prolific.com/pricing,2026-07-12,0.42839999999999995,0.002,107.09999999999998,0.5,107.59999999999998
tweet_eval_sentiment,uncertainty_al,500,1,sentence_transformer_logreg,sentence-transformers/all-MiniLM-L6-v2,0.5720824518461901,0.578,low,Amazon Mechanical Turk,https://www.mturk.com/pricing,2026-07-12,0.04,0.002,20.0,1.0,21.0
tweet_eval_sentiment,uncertainty_al,500,1,sentence_transformer_logreg,sentence-transformers/all-MiniLM-L6-v2,0.5720824518461901,0.578,base,Prolific,https://www.prolific.com/pricing,2026-07-12,0.09519999999999999,0.002,47.599999999999994,1.0,48.599999999999994
tweet_eval_sentiment,uncertainty_al,500,1,sentence_transformer_logreg,sentence-transformers/all-MiniLM-L6-v2,0.5720824518461901,0.578,high,Prolific,https://www.prolific.com/pricing,2026-07-12,0.42839999999999995,0.002,214.19999999999996,1.0,215.19999999999996
tweet_eval_sentiment,uncertainty_al,1000,1,sentence_transformer_logreg,sentence-transformers/all-MiniLM-L6-v2,0.5797915098260064,0.576,low,Amazon Mechanical Turk,https://www.mturk.com/pricing,2026-07-12,0.04,0.002,40.0,2.0,42.0
tweet_eval_sentiment,uncertainty_al,1000,1,sentence_transformer_logreg,sentence-transformers/all-MiniLM-L6-v2,0.5797915098260064,0.576,base,Prolific,https://www.prolific.com/pricing,2026-07-12,0.09519999999999999,0.002,95.19999999999999,2.0,97.19999999999999
tweet_eval_sentiment,uncertainty_al,1000,1,sentence_transformer_logreg,sentence-transformers/all-MiniLM-L6-v2,0.5797915098260064,0.576,high,Prolific,https://www.prolific.com/pricing,2026-07-12,0.42839999999999995,0.002,428.3999999999999,2.0,430.3999999999999
tweet_eval_sentiment,diversity_al,50,1,sentence_transformer_logreg,sentence-transformers/all-MiniLM-L6-v2,0.22981637099284158,0.456,low,Amazon Mechanical Turk,https://www.mturk.com/pricing,2026-07-12,0.04,0.003,2.0,0.15,2.15
tweet_eval_sentiment,diversity_al,50,1,sentence_transformer_logreg,sentence-transformers/all-MiniLM-L6-v2,0.22981637099284158,0.456,base,Prolific,https://www.prolific.com/pricing,2026-07-12,0.09519999999999999,0.003,4.76,0.15,4.91
tweet_eval_sentiment,diversity_al,50,1,sentence_transformer_logreg,sentence-transformers/all-MiniLM-L6-v2,0.22981637099284158,0.456,high,Prolific,https://www.prolific.com/pricing,2026-07-12,0.42839999999999995,0.003,21.419999999999998,0.15,21.569999999999997
tweet_eval_sentiment,diversity_al,100,1,sentence_transformer_logreg,sentence-transformers/all-MiniLM-L6-v2,0.3687303550593603,0.5,low,Amazon Mechanical Turk,https://www.mturk.com/pricing,2026-07-12,0.04,0.003,4.0,0.3,4.3
tweet_eval_sentiment,diversity_al,100,1,sentence_transformer_logreg,sentence-transformers/all-MiniLM-L6-v2,0.3687303550593603,0.5,base,Prolific,https://www.prolific.com/pricing,2026-07-12,0.09519999999999999,0.003,9.52,0.3,9.82
tweet_eval_sentiment,diversity_al,100,1,sentence_transformer_logreg,sentence-transformers/all-MiniLM-L6-v2,0.3687303550593603,0.5,high,Prolific,https://www.prolific.com/pricing,2026-07-12,0.42839999999999995,0.003,42.839999999999996,0.3,43.13999999999999
tweet_eval_sentiment,diversity_al,250,1,sentence_transformer_logreg,sentence-transformers/all-MiniLM-L6-v2,0.5396366274922242,0.566,low,Amazon Mechanical Turk,https://www.mturk.com/pricing,2026-07-12,0.04,0.003,10.0,0.75,10.75
tweet_eval_sentiment,diversity_al,250,1,sentence_transformer_logreg,sentence-transformers/all-MiniLM-L6-v2,0.5396366274922242,0.566,base,Prolific,https://www.prolific.com/pricing,2026-07-12,0.09519999999999999,0.003,23.799999999999997,0.75,24.549999999999997
tweet_eval_sentiment,diversity_al,250,1,sentence_transformer_logreg,sentence-transformers/all-MiniLM-L6-v2,0.5396366274922242,0.566,high,Prolific,https://www.prolific.com/pricing,2026-07-12,0.42839999999999995,0.003,107.09999999999998,0.75,107.84999999999998
tweet_eval_sentiment,diversity_al,500,1,sentence_transformer_logreg,sentence-transformers/all-MiniLM-L6-v2,0.5660753300788078,0.586,low,Amazon Mechanical Turk,https://www.mturk.com/pricing,2026-07-12,0.04,0.003,20.0,1.5,21.5
tweet_eval_sentiment,diversity_al,500,1,sentence_transformer_logreg,sentence-transformers/all-MiniLM-L6-v2,0.5660753300788078,0.586,base,Prolific,https://www.prolific.com/pricing,2026-07-12,0.09519999999999999,0.003,47.599999999999994,1.5,49.099999999999994
tweet_eval_sentiment,diversity_al,500,1,sentence_transformer_logreg,sentence-transformers/all-MiniLM-L6-v2,0.5660753300788078,0.586,high,Prolific,https://www.prolific.com/pricing,2026-07-12,0.42839999999999995,0.003,214.19999999999996,1.5,215.69999999999996
tweet_eval_sentiment,diversity_al,1000,1,sentence_transformer_logreg,sentence-transformers/all-MiniLM-L6-v2,0.584051946340082,0.584,low,Amazon Mechanical Turk,https://www.mturk.com/pricing,2026-07-12,0.04,0.003,40.0,3.0,43.0
tweet_eval_sentiment,diversity_al,1000,1,sentence_transformer_logreg,sentence-transformers/all-MiniLM-L6-v2,0.584051946340082,0.584,base,Prolific,https://www.prolific.com/pricing,2026-07-12,0.09519999999999999,0.003,95.19999999999999,3.0,98.19999999999999
tweet_eval_sentiment,diversity_al,1000,1,sentence_transformer_logreg,sentence-transformers/all-MiniLM-L6-v2,0.584051946340082,0.584,high,Prolific,https://www.prolific.com/pricing,2026-07-12,0.42839999999999995,0.003,428.3999999999999,3.0,431.3999999999999
tweet_eval_sentiment,hybrid_al,50,1,sentence_transformer_logreg,sentence-transformers/all-MiniLM-L6-v2,0.28444766973068863,0.455,low,Amazon Mechanical Turk,https://www.mturk.com/pricing,2026-07-12,0.04,0.004,2.0,0.2,2.2
tweet_eval_sentiment,hybrid_al,50,1,sentence_transformer_logreg,sentence-transformers/all-MiniLM-L6-v2,0.28444766973068863,0.455,base,Prolific,https://www.prolific.com/pricing,2026-07-12,0.09519999999999999,0.004,4.76,0.2,4.96
tweet_eval_sentiment,hybrid_al,50,1,sentence_transformer_logreg,sentence-transformers/all-MiniLM-L6-v2,0.28444766973068863,0.455,high,Prolific,https://www.prolific.com/pricing,2026-07-12,0.42839999999999995,0.004,21.419999999999998,0.2,21.619999999999997
tweet_eval_sentiment,hybrid_al,100,1,sentence_transformer_logreg,sentence-transformers/all-MiniLM-L6-v2,0.37342403594902884,0.494,low,Amazon Mechanical Turk,https://www.mturk.com/pricing,2026-07-12,0.04,0.004,4.0,0.4,4.4
tweet_eval_sentiment,hybrid_al,100,1,sentence_transformer_logreg,sentence-transformers/all-MiniLM-L6-v2,0.37342403594902884,0.494,base,Prolific,https://www.prolific.com/pricing,2026-07-12,0.09519999999999999,0.004,9.52,0.4,9.92
tweet_eval_sentiment,hybrid_al,100,1,sentence_transformer_logreg,sentence-transformers/all-MiniLM-L6-v2,0.37342403594902884,0.494,high,Prolific,https://www.prolific.com/pricing,2026-07-12,0.42839999999999995,0.004,42.839999999999996,0.4,43.239999999999995
tweet_eval_sentiment,hybrid_al,250,1,sentence_transformer_logreg,sentence-transformers/all-MiniLM-L6-v2,0.515890628479919,0.54,low,Amazon Mechanical Turk,https://www.mturk.com/pricing,2026-07-12,0.04,0.004,10.0,1.0,11.0
tweet_eval_sentiment,hybrid_al,250,1,sentence_transformer_logreg,sentence-transformers/all-MiniLM-L6-v2,0.515890628479919,0.54,base,Prolific,https://www.prolific.com/pricing,2026-07-12,0.09519999999999999,0.004,23.799999999999997,1.0,24.799999999999997
tweet_eval_sentiment,hybrid_al,250,1,sentence_transformer_logreg,sentence-transformers/all-MiniLM-L6-v2,0.515890628479919,0.54,high,Prolific,https://www.prolific.com/pricing,2026-07-12,0.42839999999999995,0.004,107.09999999999998,1.0,108.09999999999998
tweet_eval_sentiment,hybrid_al,500,1,sentence_transformer_logreg,sentence-transformers/all-MiniLM-L6-v2,0.5611266316040185,0.567,low,Amazon Mechanical Turk,https://www.mturk.com/pricing,2026-07-12,0.04,0.004,20.0,2.0,22.0
tweet_eval_sentiment,hybrid_al,500,1,sentence_transformer_logreg,sentence-transformers/all-MiniLM-L6-v2,0.5611266316040185,0.567,base,Prolific,https://www.prolific.com/pricing,2026-07-12,0.09519999999999999,0.004,47.599999999999994,2.0,49.599999999999994
tweet_eval_sentiment,hybrid_al,500,1,sentence_transformer_logreg,sentence-transformers/all-MiniLM-L6-v2,0.5611266316040185,0.567,high,Prolific,https://www.prolific.com/pricing,2026-07-12,0.42839999999999995,0.004,214.19999999999996,2.0,216.19999999999996
tweet_eval_sentiment,hybrid_al,1000,1,sentence_transformer_logreg,sentence-transformers/all-MiniLM-L6-v2,0.5884438215120577,0.588,low,Amazon Mechanical Turk,https://www.mturk.com/pricing,2026-07-12,0.04,0.004,40.0,4.0,44.0
tweet_eval_sentiment,hybrid_al,1000,1,sentence_transformer_logreg,sentence-transformers/all-MiniLM-L6-v2,0.5884438215120577,0.588,base,Prolific,https://www.prolific.com/pricing,2026-07-12,0.09519999999999999,0.004,95.19999999999999,4.0,99.19999999999999
tweet_eval_sentiment,hybrid_al,1000,1,sentence_transformer_logreg,sentence-transformers/all-MiniLM-L6-v2,0.5884438215120577,0.588,high,Prolific,https://www.prolific.com/pricing,2026-07-12,0.42839999999999995,0.004,428.3999999999999,4.0,432.3999999999999
tweet_eval_sentiment,random,50,2,sentence_transformer_logreg,sentence-transformers/all-MiniLM-L6-v2,0.4178563664636417,0.422,low,Amazon Mechanical Turk,https://www.mturk.com/pricing,2026-07-12,0.04,0.0,2.0,0.0,2.0
tweet_eval_sentiment,random,50,2,sentence_transformer_logreg,sentence-transformers/all-MiniLM-L6-v2,0.4178563664636417,0.422,base,Prolific,https://www.prolific.com/pricing,2026-07-12,0.09519999999999999,0.0,4.76,0.0,4.76
tweet_eval_sentiment,random,50,2,sentence_transformer_logreg,sentence-transformers/all-MiniLM-L6-v2,0.4178563664636417,0.422,high,Prolific,https://www.prolific.com/pricing,2026-07-12,0.42839999999999995,0.0,21.419999999999998,0.0,21.419999999999998
tweet_eval_sentiment,random,100,2,sentence_transformer_logreg,sentence-transformers/all-MiniLM-L6-v2,0.4051496636152405,0.45,low,Amazon Mechanical Turk,https://www.mturk.com/pricing,2026-07-12,0.04,0.0,4.0,0.0,4.0
tweet_eval_sentiment,random,100,2,sentence_transformer_logreg,sentence-transformers/all-MiniLM-L6-v2,0.4051496636152405,0.45,base,Prolific,https://www.prolific.com/pricing,2026-07-12,0.09519999999999999,0.0,9.52,0.0,9.52
tweet_eval_sentiment,random,100,2,sentence_transformer_logreg,sentence-transformers/all-MiniLM-L6-v2,0.4051496636152405,0.45,high,Prolific,https://www.prolific.com/pricing,2026-07-12,0.42839999999999995,0.0,42.839999999999996,0.0,42.839999999999996
tweet_eval_sentiment,random,250,2,sentence_transformer_logreg,sentence-transformers/all-MiniLM-L6-v2,0.5110167777943077,0.511,low,Amazon Mechanical Turk,https://www.mturk.com/pricing,2026-07-12,0.04,0.0,10.0,0.0,10.0
tweet_eval_sentiment,random,250,2,sentence_transformer_logreg,sentence-transformers/all-MiniLM-L6-v2,0.5110167777943077,0.511,base,Prolific,https://www.prolific.com/pricing,2026-07-12,0.09519999999999999,0.0,23.799999999999997,0.0,23.799999999999997
tweet_eval_sentiment,random,250,2,sentence_transformer_logreg,sentence-transformers/all-MiniLM-L6-v2,0.5110167777943077,0.511,high,Prolific,https://www.prolific.com/pricing,2026-07-12,0.42839999999999995,0.0,107.09999999999998,0.0,107.09999999999998
tweet_eval_sentiment,random,500,2,sentence_transformer_logreg,sentence-transformers/all-MiniLM-L6-v2,0.4852613586926868,0.534,low,Amazon Mechanical Turk,https://www.mturk.com/pricing,2026-07-12,0.04,0.0,20.0,0.0,20.0
tweet_eval_sentiment,random,500,2,sentence_transformer_logreg,sentence-transformers/all-MiniLM-L6-v2,0.4852613586926868,0.534,base,Prolific,https://www.prolific.com/pricing,2026-07-12,0.09519999999999999,0.0,47.599999999999994,0.0,47.599999999999994
tweet_eval_sentiment,random,500,2,sentence_transformer_logreg,sentence-transformers/all-MiniLM-L6-v2,0.4852613586926868,0.534,high,Prolific,https://www.prolific.com/pricing,2026-07-12,0.42839999999999995,0.0,214.19999999999996,0.0,214.19999999999996
tweet_eval_sentiment,random,1000,2,sentence_transformer_logreg,sentence-transformers/all-MiniLM-L6-v2,0.5661577449315889,0.572,low,Amazon Mechanical Turk,https://www.mturk.com/pricing,2026-07-12,0.04,0.0,40.0,0.0,40.0
tweet_eval_sentiment,random,1000,2,sentence_transformer_logreg,sentence-transformers/all-MiniLM-L6-v2,0.5661577449315889,0.572,base,Prolific,https://www.prolific.com/pricing,2026-07-12,0.09519999999999999,0.0,95.19999999999999,0.0,95.19999999999999
tweet_eval_sentiment,random,1000,2,sentence_transformer_logreg,sentence-transformers/all-MiniLM-L6-v2,0.5661577449315889,0.572,high,Prolific,https://www.prolific.com/pricing,2026-07-12,0.42839999999999995,0.0,428.3999999999999,0.0,428.3999999999999
tweet_eval_sentiment,uncertainty_al,50,2,sentence_transformer_logreg,sentence-transformers/all-MiniLM-L6-v2,0.3294071605312327,0.419,low,Amazon Mechanical Turk,https://www.mturk.com/pricing,2026-07-12,0.04,0.002,2.0,0.1,2.1
tweet_eval_sentiment,uncertainty_al,50,2,sentence_transformer_logreg,sentence-transformers/all-MiniLM-L6-v2,0.3294071605312327,0.419,base,Prolific,https://www.prolific.com/pricing,2026-07-12,0.09519999999999999,0.002,4.76,0.1,4.859999999999999
tweet_eval_sentiment,uncertainty_al,50,2,sentence_transformer_logreg,sentence-transformers/all-MiniLM-L6-v2,0.3294071605312327,0.419,high,Prolific,https://www.prolific.com/pricing,2026-07-12,0.42839999999999995,0.002,21.419999999999998,0.1,21.52
tweet_eval_sentiment,uncertainty_al,100,2,sentence_transformer_logreg,sentence-transformers/all-MiniLM-L6-v2,0.398141681394228,0.492,low,Amazon Mechanical Turk,https://www.mturk.com/pricing,2026-07-12,0.04,0.002,4.0,0.2,4.2
tweet_eval_sentiment,uncertainty_al,100,2,sentence_transformer_logreg,sentence-transformers/all-MiniLM-L6-v2,0.398141681394228,0.492,base,Prolific,https://www.prolific.com/pricing,2026-07-12,0.09519999999999999,0.002,9.52,0.2,9.719999999999999
tweet_eval_sentiment,uncertainty_al,100,2,sentence_transformer_logreg,sentence-transformers/all-MiniLM-L6-v2,0.398141681394228,0.492,high,Prolific,https://www.prolific.com/pricing,2026-07-12,0.42839999999999995,0.002,42.839999999999996,0.2,43.04
tweet_eval_sentiment,uncertainty_al,250,2,sentence_transformer_logreg,sentence-transformers/all-MiniLM-L6-v2,0.39055464292233094,0.473,low,Amazon Mechanical Turk,https://www.mturk.com/pricing,2026-07-12,0.04,0.002,10.0,0.5,10.5
tweet_eval_sentiment,uncertainty_al,250,2,sentence_transformer_logreg,sentence-transformers/all-MiniLM-L6-v2,0.39055464292233094,0.473,base,Prolific,https://www.prolific.com/pricing,2026-07-12,0.09519999999999999,0.002,23.799999999999997,0.5,24.299999999999997
tweet_eval_sentiment,uncertainty_al,250,2,sentence_transformer_logreg,sentence-transformers/all-MiniLM-L6-v2,0.39055464292233094,0.473,high,Prolific,https://www.prolific.com/pricing,2026-07-12,0.42839999999999995,0.002,107.09999999999998,0.5,107.59999999999998
tweet_eval_sentiment,uncertainty_al,500,2,sentence_transformer_logreg,sentence-transformers/all-MiniLM-L6-v2,0.5547957003427936,0.555,low,Amazon Mechanical Turk,https://www.mturk.com/pricing,2026-07-12,0.04,0.002,20.0,1.0,21.0
tweet_eval_sentiment,uncertainty_al,500,2,sentence_transformer_logreg,sentence-transformers/all-MiniLM-L6-v2,0.5547957003427936,0.555,base,Prolific,https://www.prolific.com/pricing,2026-07-12,0.09519999999999999,0.002,47.599999999999994,1.0,48.599999999999994
tweet_eval_sentiment,uncertainty_al,500,2,sentence_transformer_logreg,sentence-transformers/all-MiniLM-L6-v2,0.5547957003427936,0.555,high,Prolific,https://www.prolific.com/pricing,2026-07-12,0.42839999999999995,0.002,214.19999999999996,1.0,215.19999999999996
tweet_eval_sentiment,uncertainty_al,1000,2,sentence_transformer_logreg,sentence-transformers/all-MiniLM-L6-v2,0.5750842520576057,0.572,low,Amazon Mechanical Turk,https://www.mturk.com/pricing,2026-07-12,0.04,0.002,40.0,2.0,42.0
tweet_eval_sentiment,uncertainty_al,1000,2,sentence_transformer_logreg,sentence-transformers/all-MiniLM-L6-v2,0.5750842520576057,0.572,base,Prolific,https://www.prolific.com/pricing,2026-07-12,0.09519999999999999,0.002,95.19999999999999,2.0,97.19999999999999
tweet_eval_sentiment,uncertainty_al,1000,2,sentence_transformer_logreg,sentence-transformers/all-MiniLM-L6-v2,0.5750842520576057,0.572,high,Prolific,https://www.prolific.com/pricing,2026-07-12,0.42839999999999995,0.002,428.3999999999999,2.0,430.3999999999999
tweet_eval_sentiment,diversity_al,50,2,sentence_transformer_logreg,sentence-transformers/all-MiniLM-L6-v2,0.35412626134862407,0.468,low,Amazon Mechanical Turk,https://www.mturk.com/pricing,2026-07-12,0.04,0.003,2.0,0.15,2.15
tweet_eval_sentiment,diversity_al,50,2,sentence_transformer_logreg,sentence-transformers/all-MiniLM-L6-v2,0.35412626134862407,0.468,base,Prolific,https://www.prolific.com/pricing,2026-07-12,0.09519999999999999,0.003,4.76,0.15,4.91
tweet_eval_sentiment,diversity_al,50,2,sentence_transformer_logreg,sentence-transformers/all-MiniLM-L6-v2,0.35412626134862407,0.468,high,Prolific,https://www.prolific.com/pricing,2026-07-12,0.42839999999999995,0.003,21.419999999999998,0.15,21.569999999999997
tweet_eval_sentiment,diversity_al,100,2,sentence_transformer_logreg,sentence-transformers/all-MiniLM-L6-v2,0.43528382674279537,0.494,low,Amazon Mechanical Turk,https://www.mturk.com/pricing,2026-07-12,0.04,0.003,4.0,0.3,4.3
tweet_eval_sentiment,diversity_al,100,2,sentence_transformer_logreg,sentence-transformers/all-MiniLM-L6-v2,0.43528382674279537,0.494,base,Prolific,https://www.prolific.com/pricing,2026-07-12,0.09519999999999999,0.003,9.52,0.3,9.82
tweet_eval_sentiment,diversity_al,100,2,sentence_transformer_logreg,sentence-transformers/all-MiniLM-L6-v2,0.43528382674279537,0.494,high,Prolific,https://www.prolific.com/pricing,2026-07-12,0.42839999999999995,0.003,42.839999999999996,0.3,43.13999999999999
tweet_eval_sentiment,diversity_al,250,2,sentence_transformer_logreg,sentence-transformers/all-MiniLM-L6-v2,0.5484355233336546,0.566,low,Amazon Mechanical Turk,https://www.mturk.com/pricing,2026-07-12,0.04,0.003,10.0,0.75,10.75
tweet_eval_sentiment,diversity_al,250,2,sentence_transformer_logreg,sentence-transformers/all-MiniLM-L6-v2,0.5484355233336546,0.566,base,Prolific,https://www.prolific.com/pricing,2026-07-12,0.09519999999999999,0.003,23.799999999999997,0.75,24.549999999999997
tweet_eval_sentiment,diversity_al,250,2,sentence_transformer_logreg,sentence-transformers/all-MiniLM-L6-v2,0.5484355233336546,0.566,high,Prolific,https://www.prolific.com/pricing,2026-07-12,0.42839999999999995,0.003,107.09999999999998,0.75,107.84999999999998
tweet_eval_sentiment,diversity_al,500,2,sentence_transformer_logreg,sentence-transformers/all-MiniLM-L6-v2,0.5814551625458018,0.585,low,Amazon Mechanical Turk,https://www.mturk.com/pricing,2026-07-12,0.04,0.003,20.0,1.5,21.5
tweet_eval_sentiment,diversity_al,500,2,sentence_transformer_logreg,sentence-transformers/all-MiniLM-L6-v2,0.5814551625458018,0.585,base,Prolific,https://www.prolific.com/pricing,2026-07-12,0.09519999999999999,0.003,47.599999999999994,1.5,49.099999999999994
tweet_eval_sentiment,diversity_al,500,2,sentence_transformer_logreg,sentence-transformers/all-MiniLM-L6-v2,0.5814551625458018,0.585,high,Prolific,https://www.prolific.com/pricing,2026-07-12,0.42839999999999995,0.003,214.19999999999996,1.5,215.69999999999996
tweet_eval_sentiment,diversity_al,1000,2,sentence_transformer_logreg,sentence-transformers/all-MiniLM-L6-v2,0.5731007522943007,0.576,low,Amazon Mechanical Turk,https://www.mturk.com/pricing,2026-07-12,0.04,0.003,40.0,3.0,43.0
tweet_eval_sentiment,diversity_al,1000,2,sentence_transformer_logreg,sentence-transformers/all-MiniLM-L6-v2,0.5731007522943007,0.576,base,Prolific,https://www.prolific.com/pricing,2026-07-12,0.09519999999999999,0.003,95.19999999999999,3.0,98.19999999999999
tweet_eval_sentiment,diversity_al,1000,2,sentence_transformer_logreg,sentence-transformers/all-MiniLM-L6-v2,0.5731007522943007,0.576,high,Prolific,https://www.prolific.com/pricing,2026-07-12,0.42839999999999995,0.003,428.3999999999999,3.0,431.3999999999999
tweet_eval_sentiment,hybrid_al,50,2,sentence_transformer_logreg,sentence-transformers/all-MiniLM-L6-v2,0.328464045027031,0.458,low,Amazon Mechanical Turk,https://www.mturk.com/pricing,2026-07-12,0.04,0.004,2.0,0.2,2.2
tweet_eval_sentiment,hybrid_al,50,2,sentence_transformer_logreg,sentence-transformers/all-MiniLM-L6-v2,0.328464045027031,0.458,base,Prolific,https://www.prolific.com/pricing,2026-07-12,0.09519999999999999,0.004,4.76,0.2,4.96
tweet_eval_sentiment,hybrid_al,50,2,sentence_transformer_logreg,sentence-transformers/all-MiniLM-L6-v2,0.328464045027031,0.458,high,Prolific,https://www.prolific.com/pricing,2026-07-12,0.42839999999999995,0.004,21.419999999999998,0.2,21.619999999999997
tweet_eval_sentiment,hybrid_al,100,2,sentence_transformer_logreg,sentence-transformers/all-MiniLM-L6-v2,0.4429808276020181,0.509,low,Amazon Mechanical Turk,https://www.mturk.com/pricing,2026-07-12,0.04,0.004,4.0,0.4,4.4
tweet_eval_sentiment,hybrid_al,100,2,sentence_transformer_logreg,sentence-transformers/all-MiniLM-L6-v2,0.4429808276020181,0.509,base,Prolific,https://www.prolific.com/pricing,2026-07-12,0.09519999999999999,0.004,9.52,0.4,9.92
tweet_eval_sentiment,hybrid_al,100,2,sentence_transformer_logreg,sentence-transformers/all-MiniLM-L6-v2,0.4429808276020181,0.509,high,Prolific,https://www.prolific.com/pricing,2026-07-12,0.42839999999999995,0.004,42.839999999999996,0.4,43.239999999999995
tweet_eval_sentiment,hybrid_al,250,2,sentence_transformer_logreg,sentence-transformers/all-MiniLM-L6-v2,0.4960867442336445,0.545,low,Amazon Mechanical Turk,https://www.mturk.com/pricing,2026-07-12,0.04,0.004,10.0,1.0,11.0
tweet_eval_sentiment,hybrid_al,250,2,sentence_transformer_logreg,sentence-transformers/all-MiniLM-L6-v2,0.4960867442336445,0.545,base,Prolific,https://www.prolific.com/pricing,2026-07-12,0.09519999999999999,0.004,23.799999999999997,1.0,24.799999999999997
tweet_eval_sentiment,hybrid_al,250,2,sentence_transformer_logreg,sentence-transformers/all-MiniLM-L6-v2,0.4960867442336445,0.545,high,Prolific,https://www.prolific.com/pricing,2026-07-12,0.42839999999999995,0.004,107.09999999999998,1.0,108.09999999999998
tweet_eval_sentiment,hybrid_al,500,2,sentence_transformer_logreg,sentence-transformers/all-MiniLM-L6-v2,0.5390129315399336,0.562,low,Amazon Mechanical Turk,https://www.mturk.com/pricing,2026-07-12,0.04,0.004,20.0,2.0,22.0
tweet_eval_sentiment,hybrid_al,500,2,sentence_transformer_logreg,sentence-transformers/all-MiniLM-L6-v2,0.5390129315399336,0.562,base,Prolific,https://www.prolific.com/pricing,2026-07-12,0.09519999999999999,0.004,47.599999999999994,2.0,49.599999999999994
tweet_eval_sentiment,hybrid_al,500,2,sentence_transformer_logreg,sentence-transformers/all-MiniLM-L6-v2,0.5390129315399336,0.562,high,Prolific,https://www.prolific.com/pricing,2026-07-12,0.42839999999999995,0.004,214.19999999999996,2.0,216.19999999999996
tweet_eval_sentiment,hybrid_al,1000,2,sentence_transformer_logreg,sentence-transformers/all-MiniLM-L6-v2,0.5755835092685465,0.573,low,Amazon Mechanical Turk,https://www.mturk.com/pricing,2026-07-12,0.04,0.004,40.0,4.0,44.0
tweet_eval_sentiment,hybrid_al,1000,2,sentence_transformer_logreg,sentence-transformers/all-MiniLM-L6-v2,0.5755835092685465,0.573,base,Prolific,https://www.prolific.com/pricing,2026-07-12,0.09519999999999999,0.004,95.19999999999999,4.0,99.19999999999999
tweet_eval_sentiment,hybrid_al,1000,2,sentence_transformer_logreg,sentence-transformers/all-MiniLM-L6-v2,0.5755835092685465,0.573,high,Prolific,https://www.prolific.com/pricing,2026-07-12,0.42839999999999995,0.004,428.3999999999999,4.0,432.3999999999999
emotion,random,50,0,sentence_transformer_logreg,sentence-transformers/all-MiniLM-L6-v2,0.1631591232984422,0.436,low,Amazon Mechanical Turk,https://www.mturk.com/pricing,2026-07-12,0.04,0.0,2.0,0.0,2.0
emotion,random,50,0,sentence_transformer_logreg,sentence-transformers/all-MiniLM-L6-v2,0.1631591232984422,0.436,base,Prolific,https://www.prolific.com/pricing,2026-07-12,0.09519999999999999,0.0,4.76,0.0,4.76
emotion,random,50,0,sentence_transformer_logreg,sentence-transformers/all-MiniLM-L6-v2,0.1631591232984422,0.436,high,Prolific,https://www.prolific.com/pricing,2026-07-12,0.42839999999999995,0.0,21.419999999999998,0.0,21.419999999999998
emotion,random,100,0,sentence_transformer_logreg,sentence-transformers/all-MiniLM-L6-v2,0.21380207345431682,0.484,low,Amazon Mechanical Turk,https://www.mturk.com/pricing,2026-07-12,0.04,0.0,4.0,0.0,4.0
emotion,random,100,0,sentence_transformer_logreg,sentence-transformers/all-MiniLM-L6-v2,0.21380207345431682,0.484,base,Prolific,https://www.prolific.com/pricing,2026-07-12,0.09519999999999999,0.0,9.52,0.0,9.52
emotion,random,100,0,sentence_transformer_logreg,sentence-transformers/all-MiniLM-L6-v2,0.21380207345431682,0.484,high,Prolific,https://www.prolific.com/pricing,2026-07-12,0.42839999999999995,0.0,42.839999999999996,0.0,42.839999999999996
emotion,random,250,0,sentence_transformer_logreg,sentence-transformers/all-MiniLM-L6-v2,0.31619031828340805,0.552,low,Amazon Mechanical Turk,https://www.mturk.com/pricing,2026-07-12,0.04,0.0,10.0,0.0,10.0
emotion,random,250,0,sentence_transformer_logreg,sentence-transformers/all-MiniLM-L6-v2,0.31619031828340805,0.552,base,Prolific,https://www.prolific.com/pricing,2026-07-12,0.09519999999999999,0.0,23.799999999999997,0.0,23.799999999999997
emotion,random,250,0,sentence_transformer_logreg,sentence-transformers/all-MiniLM-L6-v2,0.31619031828340805,0.552,high,Prolific,https://www.prolific.com/pricing,2026-07-12,0.42839999999999995,0.0,107.09999999999998,0.0,107.09999999999998
emotion,random,500,0,sentence_transformer_logreg,sentence-transformers/all-MiniLM-L6-v2,0.4082920176084559,0.596,low,Amazon Mechanical Turk,https://www.mturk.com/pricing,2026-07-12,0.04,0.0,20.0,0.0,20.0
emotion,random,500,0,sentence_transformer_logreg,sentence-transformers/all-MiniLM-L6-v2,0.4082920176084559,0.596,base,Prolific,https://www.prolific.com/pricing,2026-07-12,0.09519999999999999,0.0,47.599999999999994,0.0,47.599999999999994
emotion,random,500,0,sentence_transformer_logreg,sentence-transformers/all-MiniLM-L6-v2,0.4082920176084559,0.596,high,Prolific,https://www.prolific.com/pricing,2026-07-12,0.42839999999999995,0.0,214.19999999999996,0.0,214.19999999999996
emotion,random,1000,0,sentence_transformer_logreg,sentence-transformers/all-MiniLM-L6-v2,0.4515240910808629,0.638,low,Amazon Mechanical Turk,https://www.mturk.com/pricing,2026-07-12,0.04,0.0,40.0,0.0,40.0
emotion,random,1000,0,sentence_transformer_logreg,sentence-transformers/all-MiniLM-L6-v2,0.4515240910808629,0.638,base,Prolific,https://www.prolific.com/pricing,2026-07-12,0.09519999999999999,0.0,95.19999999999999,0.0,95.19999999999999
emotion,random,1000,0,sentence_transformer_logreg,sentence-transformers/all-MiniLM-L6-v2,0.4515240910808629,0.638,high,Prolific,https://www.prolific.com/pricing,2026-07-12,0.42839999999999995,0.0,428.3999999999999,0.0,428.3999999999999
emotion,uncertainty_al,50,0,sentence_transformer_logreg,sentence-transformers/all-MiniLM-L6-v2,0.17387847695710232,0.447,low,Amazon Mechanical Turk,https://www.mturk.com/pricing,2026-07-12,0.04,0.002,2.0,0.1,2.1
emotion,uncertainty_al,50,0,sentence_transformer_logreg,sentence-transformers/all-MiniLM-L6-v2,0.17387847695710232,0.447,base,Prolific,https://www.prolific.com/pricing,2026-07-12,0.09519999999999999,0.002,4.76,0.1,4.859999999999999
emotion,uncertainty_al,50,0,sentence_transformer_logreg,sentence-transformers/all-MiniLM-L6-v2,0.17387847695710232,0.447,high,Prolific,https://www.prolific.com/pricing,2026-07-12,0.42839999999999995,0.002,21.419999999999998,0.1,21.52
emotion,uncertainty_al,100,0,sentence_transformer_logreg,sentence-transformers/all-MiniLM-L6-v2,0.23928250637947046,0.513,low,Amazon Mechanical Turk,https://www.mturk.com/pricing,2026-07-12,0.04,0.002,4.0,0.2,4.2
emotion,uncertainty_al,100,0,sentence_transformer_logreg,sentence-transformers/all-MiniLM-L6-v2,0.23928250637947046,0.513,base,Prolific,https://www.prolific.com/pricing,2026-07-12,0.09519999999999999,0.002,9.52,0.2,9.719999999999999
emotion,uncertainty_al,100,0,sentence_transformer_logreg,sentence-transformers/all-MiniLM-L6-v2,0.23928250637947046,0.513,high,Prolific,https://www.prolific.com/pricing,2026-07-12,0.42839999999999995,0.002,42.839999999999996,0.2,43.04
emotion,uncertainty_al,250,0,sentence_transformer_logreg,sentence-transformers/all-MiniLM-L6-v2,0.33484996287692237,0.555,low,Amazon Mechanical Turk,https://www.mturk.com/pricing,2026-07-12,0.04,0.002,10.0,0.5,10.5
emotion,uncertainty_al,250,0,sentence_transformer_logreg,sentence-transformers/all-MiniLM-L6-v2,0.33484996287692237,0.555,base,Prolific,https://www.prolific.com/pricing,2026-07-12,0.09519999999999999,0.002,23.799999999999997,0.5,24.299999999999997
emotion,uncertainty_al,250,0,sentence_transformer_logreg,sentence-transformers/all-MiniLM-L6-v2,0.33484996287692237,0.555,high,Prolific,https://www.prolific.com/pricing,2026-07-12,0.42839999999999995,0.002,107.09999999999998,0.5,107.59999999999998
emotion,uncertainty_al,500,0,sentence_transformer_logreg,sentence-transformers/all-MiniLM-L6-v2,0.41904495394594404,0.629,low,Amazon Mechanical Turk,https://www.mturk.com/pricing,2026-07-12,0.04,0.002,20.0,1.0,21.0
emotion,uncertainty_al,500,0,sentence_transformer_logreg,sentence-transformers/all-MiniLM-L6-v2,0.41904495394594404,0.629,base,Prolific,https://www.prolific.com/pricing,2026-07-12,0.09519999999999999,0.002,47.599999999999994,1.0,48.599999999999994
emotion,uncertainty_al,500,0,sentence_transformer_logreg,sentence-transformers/all-MiniLM-L6-v2,0.41904495394594404,0.629,high,Prolific,https://www.prolific.com/pricing,2026-07-12,0.42839999999999995,0.002,214.19999999999996,1.0,215.19999999999996
emotion,uncertainty_al,1000,0,sentence_transformer_logreg,sentence-transformers/all-MiniLM-L6-v2,0.46111676984311356,0.63,low,Amazon Mechanical Turk,https://www.mturk.com/pricing,2026-07-12,0.04,0.002,40.0,2.0,42.0
emotion,uncertainty_al,1000,0,sentence_transformer_logreg,sentence-transformers/all-MiniLM-L6-v2,0.46111676984311356,0.63,base,Prolific,https://www.prolific.com/pricing,2026-07-12,0.09519999999999999,0.002,95.19999999999999,2.0,97.19999999999999
emotion,uncertainty_al,1000,0,sentence_transformer_logreg,sentence-transformers/all-MiniLM-L6-v2,0.46111676984311356,0.63,high,Prolific,https://www.prolific.com/pricing,2026-07-12,0.42839999999999995,0.002,428.3999999999999,2.0,430.3999999999999
emotion,diversity_al,50,0,sentence_transformer_logreg,sentence-transformers/all-MiniLM-L6-v2,0.22663473719811744,0.49,low,Amazon Mechanical Turk,https://www.mturk.com/pricing,2026-07-12,0.04,0.003,2.0,0.15,2.15
emotion,diversity_al,50,0,sentence_transformer_logreg,sentence-transformers/all-MiniLM-L6-v2,0.22663473719811744,0.49,base,Prolific,https://www.prolific.com/pricing,2026-07-12,0.09519999999999999,0.003,4.76,0.15,4.91
emotion,diversity_al,50,0,sentence_transformer_logreg,sentence-transformers/all-MiniLM-L6-v2,0.22663473719811744,0.49,high,Prolific,https://www.prolific.com/pricing,2026-07-12,0.42839999999999995,0.003,21.419999999999998,0.15,21.569999999999997
emotion,diversity_al,100,0,sentence_transformer_logreg,sentence-transformers/all-MiniLM-L6-v2,0.2794510118629107,0.508,low,Amazon Mechanical Turk,https://www.mturk.com/pricing,2026-07-12,0.04,0.003,4.0,0.3,4.3
emotion,diversity_al,100,0,sentence_transformer_logreg,sentence-transformers/all-MiniLM-L6-v2,0.2794510118629107,0.508,base,Prolific,https://www.prolific.com/pricing,2026-07-12,0.09519999999999999,0.003,9.52,0.3,9.82
emotion,diversity_al,100,0,sentence_transformer_logreg,sentence-transformers/all-MiniLM-L6-v2,0.2794510118629107,0.508,high,Prolific,https://www.prolific.com/pricing,2026-07-12,0.42839999999999995,0.003,42.839999999999996,0.3,43.13999999999999
emotion,diversity_al,250,0,sentence_transformer_logreg,sentence-transformers/all-MiniLM-L6-v2,0.33184447632307884,0.55,low,Amazon Mechanical Turk,https://www.mturk.com/pricing,2026-07-12,0.04,0.003,10.0,0.75,10.75
emotion,diversity_al,250,0,sentence_transformer_logreg,sentence-transformers/all-MiniLM-L6-v2,0.33184447632307884,0.55,base,Prolific,https://www.prolific.com/pricing,2026-07-12,0.09519999999999999,0.003,23.799999999999997,0.75,24.549999999999997
emotion,diversity_al,250,0,sentence_transformer_logreg,sentence-transformers/all-MiniLM-L6-v2,0.33184447632307884,0.55,high,Prolific,https://www.prolific.com/pricing,2026-07-12,0.42839999999999995,0.003,107.09999999999998,0.75,107.84999999999998
emotion,diversity_al,500,0,sentence_transformer_logreg,sentence-transformers/all-MiniLM-L6-v2,0.3994372995569316,0.593,low,Amazon Mechanical Turk,https://www.mturk.com/pricing,2026-07-12,0.04,0.003,20.0,1.5,21.5
emotion,diversity_al,500,0,sentence_transformer_logreg,sentence-transformers/all-MiniLM-L6-v2,0.3994372995569316,0.593,base,Prolific,https://www.prolific.com/pricing,2026-07-12,0.09519999999999999,0.003,47.599999999999994,1.5,49.099999999999994
emotion,diversity_al,500,0,sentence_transformer_logreg,sentence-transformers/all-MiniLM-L6-v2,0.3994372995569316,0.593,high,Prolific,https://www.prolific.com/pricing,2026-07-12,0.42839999999999995,0.003,214.19999999999996,1.5,215.69999999999996
emotion,diversity_al,1000,0,sentence_transformer_logreg,sentence-transformers/all-MiniLM-L6-v2,0.4425602327491644,0.625,low,Amazon Mechanical Turk,https://www.mturk.com/pricing,2026-07-12,0.04,0.003,40.0,3.0,43.0
emotion,diversity_al,1000,0,sentence_transformer_logreg,sentence-transformers/all-MiniLM-L6-v2,0.4425602327491644,0.625,base,Prolific,https://www.prolific.com/pricing,2026-07-12,0.09519999999999999,0.003,95.19999999999999,3.0,98.19999999999999
emotion,diversity_al,1000,0,sentence_transformer_logreg,sentence-transformers/all-MiniLM-L6-v2,0.4425602327491644,0.625,high,Prolific,https://www.prolific.com/pricing,2026-07-12,0.42839999999999995,0.003,428.3999999999999,3.0,431.3999999999999
emotion,hybrid_al,50,0,sentence_transformer_logreg,sentence-transformers/all-MiniLM-L6-v2,0.2865735989230705,0.506,low,Amazon Mechanical Turk,https://www.mturk.com/pricing,2026-07-12,0.04,0.004,2.0,0.2,2.2
emotion,hybrid_al,50,0,sentence_transformer_logreg,sentence-transformers/all-MiniLM-L6-v2,0.2865735989230705,0.506,base,Prolific,https://www.prolific.com/pricing,2026-07-12,0.09519999999999999,0.004,4.76,0.2,4.96
emotion,hybrid_al,50,0,sentence_transformer_logreg,sentence-transformers/all-MiniLM-L6-v2,0.2865735989230705,0.506,high,Prolific,https://www.prolific.com/pricing,2026-07-12,0.42839999999999995,0.004,21.419999999999998,0.2,21.619999999999997
emotion,hybrid_al,100,0,sentence_transformer_logreg,sentence-transformers/all-MiniLM-L6-v2,0.31056660358884264,0.526,low,Amazon Mechanical Turk,https://www.mturk.com/pricing,2026-07-12,0.04,0.004,4.0,0.4,4.4
emotion,hybrid_al,100,0,sentence_transformer_logreg,sentence-transformers/all-MiniLM-L6-v2,0.31056660358884264,0.526,base,Prolific,https://www.prolific.com/pricing,2026-07-12,0.09519999999999999,0.004,9.52,0.4,9.92
emotion,hybrid_al,100,0,sentence_transformer_logreg,sentence-transformers/all-MiniLM-L6-v2,0.31056660358884264,0.526,high,Prolific,https://www.prolific.com/pricing,2026-07-12,0.42839999999999995,0.004,42.839999999999996,0.4,43.239999999999995
emotion,hybrid_al,250,0,sentence_transformer_logreg,sentence-transformers/all-MiniLM-L6-v2,0.3935003563634149,0.599,low,Amazon Mechanical Turk,https://www.mturk.com/pricing,2026-07-12,0.04,0.004,10.0,1.0,11.0
emotion,hybrid_al,250,0,sentence_transformer_logreg,sentence-transformers/all-MiniLM-L6-v2,0.3935003563634149,0.599,base,Prolific,https://www.prolific.com/pricing,2026-07-12,0.09519999999999999,0.004,23.799999999999997,1.0,24.799999999999997
emotion,hybrid_al,250,0,sentence_transformer_logreg,sentence-transformers/all-MiniLM-L6-v2,0.3935003563634149,0.599,high,Prolific,https://www.prolific.com/pricing,2026-07-12,0.42839999999999995,0.004,107.09999999999998,1.0,108.09999999999998
emotion,hybrid_al,500,0,sentence_transformer_logreg,sentence-transformers/all-MiniLM-L6-v2,0.44887377493275116,0.615,low,Amazon Mechanical Turk,https://www.mturk.com/pricing,2026-07-12,0.04,0.004,20.0,2.0,22.0
emotion,hybrid_al,500,0,sentence_transformer_logreg,sentence-transformers/all-MiniLM-L6-v2,0.44887377493275116,0.615,base,Prolific,https://www.prolific.com/pricing,2026-07-12,0.09519999999999999,0.004,47.599999999999994,2.0,49.599999999999994
emotion,hybrid_al,500,0,sentence_transformer_logreg,sentence-transformers/all-MiniLM-L6-v2,0.44887377493275116,0.615,high,Prolific,https://www.prolific.com/pricing,2026-07-12,0.42839999999999995,0.004,214.19999999999996,2.0,216.19999999999996
emotion,hybrid_al,1000,0,sentence_transformer_logreg,sentence-transformers/all-MiniLM-L6-v2,0.4664058557888007,0.634,low,Amazon Mechanical Turk,https://www.mturk.com/pricing,2026-07-12,0.04,0.004,40.0,4.0,44.0
emotion,hybrid_al,1000,0,sentence_transformer_logreg,sentence-transformers/all-MiniLM-L6-v2,0.4664058557888007,0.634,base,Prolific,https://www.prolific.com/pricing,2026-07-12,0.09519999999999999,0.004,95.19999999999999,4.0,99.19999999999999
emotion,hybrid_al,1000,0,sentence_transformer_logreg,sentence-transformers/all-MiniLM-L6-v2,0.4664058557888007,0.634,high,Prolific,https://www.prolific.com/pricing,2026-07-12,0.42839999999999995,0.004,428.3999999999999,4.0,432.3999999999999
emotion,random,50,1,sentence_transformer_logreg,sentence-transformers/all-MiniLM-L6-v2,0.19287201030926693,0.462,low,Amazon Mechanical Turk,https://www.mturk.com/pricing,2026-07-12,0.04,0.0,2.0,0.0,2.0
emotion,random,50,1,sentence_transformer_logreg,sentence-transformers/all-MiniLM-L6-v2,0.19287201030926693,0.462,base,Prolific,https://www.prolific.com/pricing,2026-07-12,0.09519999999999999,0.0,4.76,0.0,4.76
emotion,random,50,1,sentence_transformer_logreg,sentence-transformers/all-MiniLM-L6-v2,0.19287201030926693,0.462,high,Prolific,https://www.prolific.com/pricing,2026-07-12,0.42839999999999995,0.0,21.419999999999998,0.0,21.419999999999998
emotion,random,100,1,sentence_transformer_logreg,sentence-transformers/all-MiniLM-L6-v2,0.212149467553844,0.521,low,Amazon Mechanical Turk,https://www.mturk.com/pricing,2026-07-12,0.04,0.0,4.0,0.0,4.0
emotion,random,100,1,sentence_transformer_logreg,sentence-transformers/all-MiniLM-L6-v2,0.212149467553844,0.521,base,Prolific,https://www.prolific.com/pricing,2026-07-12,0.09519999999999999,0.0,9.52,0.0,9.52
emotion,random,100,1,sentence_transformer_logreg,sentence-transformers/all-MiniLM-L6-v2,0.212149467553844,0.521,high,Prolific,https://www.prolific.com/pricing,2026-07-12,0.42839999999999995,0.0,42.839999999999996,0.0,42.839999999999996
emotion,random,250,1,sentence_transformer_logreg,sentence-transformers/all-MiniLM-L6-v2,0.3472008989812038,0.574,low,Amazon Mechanical Turk,https://www.mturk.com/pricing,2026-07-12,0.04,0.0,10.0,0.0,10.0
emotion,random,250,1,sentence_transformer_logreg,sentence-transformers/all-MiniLM-L6-v2,0.3472008989812038,0.574,base,Prolific,https://www.prolific.com/pricing,2026-07-12,0.09519999999999999,0.0,23.799999999999997,0.0,23.799999999999997
emotion,random,250,1,sentence_transformer_logreg,sentence-transformers/all-MiniLM-L6-v2,0.3472008989812038,0.574,high,Prolific,https://www.prolific.com/pricing,2026-07-12,0.42839999999999995,0.0,107.09999999999998,0.0,107.09999999999998
emotion,random,500,1,sentence_transformer_logreg,sentence-transformers/all-MiniLM-L6-v2,0.41624199459560535,0.618,low,Amazon Mechanical Turk,https://www.mturk.com/pricing,2026-07-12,0.04,0.0,20.0,0.0,20.0
emotion,random,500,1,sentence_transformer_logreg,sentence-transformers/all-MiniLM-L6-v2,0.41624199459560535,0.618,base,Prolific,https://www.prolific.com/pricing,2026-07-12,0.09519999999999999,0.0,47.599999999999994,0.0,47.599999999999994
emotion,random,500,1,sentence_transformer_logreg,sentence-transformers/all-MiniLM-L6-v2,0.41624199459560535,0.618,high,Prolific,https://www.prolific.com/pricing,2026-07-12,0.42839999999999995,0.0,214.19999999999996,0.0,214.19999999999996
emotion,random,1000,1,sentence_transformer_logreg,sentence-transformers/all-MiniLM-L6-v2,0.45562975707054326,0.64,low,Amazon Mechanical Turk,https://www.mturk.com/pricing,2026-07-12,0.04,0.0,40.0,0.0,40.0
emotion,random,1000,1,sentence_transformer_logreg,sentence-transformers/all-MiniLM-L6-v2,0.45562975707054326,0.64,base,Prolific,https://www.prolific.com/pricing,2026-07-12,0.09519999999999999,0.0,95.19999999999999,0.0,95.19999999999999
emotion,random,1000,1,sentence_transformer_logreg,sentence-transformers/all-MiniLM-L6-v2,0.45562975707054326,0.64,high,Prolific,https://www.prolific.com/pricing,2026-07-12,0.42839999999999995,0.0,428.3999999999999,0.0,428.3999999999999
emotion,uncertainty_al,50,1,sentence_transformer_logreg,sentence-transformers/all-MiniLM-L6-v2,0.2023771368742944,0.495,low,Amazon Mechanical Turk,https://www.mturk.com/pricing,2026-07-12,0.04,0.002,2.0,0.1,2.1
emotion,uncertainty_al,50,1,sentence_transformer_logreg,sentence-transformers/all-MiniLM-L6-v2,0.2023771368742944,0.495,base,Prolific,https://www.prolific.com/pricing,2026-07-12,0.09519999999999999,0.002,4.76,0.1,4.859999999999999
emotion,uncertainty_al,50,1,sentence_transformer_logreg,sentence-transformers/all-MiniLM-L6-v2,0.2023771368742944,0.495,high,Prolific,https://www.prolific.com/pricing,2026-07-12,0.42839999999999995,0.002,21.419999999999998,0.1,21.52
emotion,uncertainty_al,100,1,sentence_transformer_logreg,sentence-transformers/all-MiniLM-L6-v2,0.28370395398090387,0.536,low,Amazon Mechanical Turk,https://www.mturk.com/pricing,2026-07-12,0.04,0.002,4.0,0.2,4.2
emotion,uncertainty_al,100,1,sentence_transformer_logreg,sentence-transformers/all-MiniLM-L6-v2,0.28370395398090387,0.536,base,Prolific,https://www.prolific.com/pricing,2026-07-12,0.09519999999999999,0.002,9.52,0.2,9.719999999999999
emotion,uncertainty_al,100,1,sentence_transformer_logreg,sentence-transformers/all-MiniLM-L6-v2,0.28370395398090387,0.536,high,Prolific,https://www.prolific.com/pricing,2026-07-12,0.42839999999999995,0.002,42.839999999999996,0.2,43.04
emotion,uncertainty_al,250,1,sentence_transformer_logreg,sentence-transformers/all-MiniLM-L6-v2,0.33955188190017677,0.558,low,Amazon Mechanical Turk,https://www.mturk.com/pricing,2026-07-12,0.04,0.002,10.0,0.5,10.5
emotion,uncertainty_al,250,1,sentence_transformer_logreg,sentence-transformers/all-MiniLM-L6-v2,0.33955188190017677,0.558,base,Prolific,https://www.prolific.com/pricing,2026-07-12,0.09519999999999999,0.002,23.799999999999997,0.5,24.299999999999997
emotion,uncertainty_al,250,1,sentence_transformer_logreg,sentence-transformers/all-MiniLM-L6-v2,0.33955188190017677,0.558,high,Prolific,https://www.prolific.com/pricing,2026-07-12,0.42839999999999995,0.002,107.09999999999998,0.5,107.59999999999998
emotion,uncertainty_al,500,1,sentence_transformer_logreg,sentence-transformers/all-MiniLM-L6-v2,0.39717843486227,0.596,low,Amazon Mechanical Turk,https://www.mturk.com/pricing,2026-07-12,0.04,0.002,20.0,1.0,21.0
emotion,uncertainty_al,500,1,sentence_transformer_logreg,sentence-transformers/all-MiniLM-L6-v2,0.39717843486227,0.596,base,Prolific,https://www.prolific.com/pricing,2026-07-12,0.09519999999999999,0.002,47.599999999999994,1.0,48.599999999999994
emotion,uncertainty_al,500,1,sentence_transformer_logreg,sentence-transformers/all-MiniLM-L6-v2,0.39717843486227,0.596,high,Prolific,https://www.prolific.com/pricing,2026-07-12,0.42839999999999995,0.002,214.19999999999996,1.0,215.19999999999996
emotion,uncertainty_al,1000,1,sentence_transformer_logreg,sentence-transformers/all-MiniLM-L6-v2,0.45502735800832905,0.633,low,Amazon Mechanical Turk,https://www.mturk.com/pricing,2026-07-12,0.04,0.002,40.0,2.0,42.0
emotion,uncertainty_al,1000,1,sentence_transformer_logreg,sentence-transformers/all-MiniLM-L6-v2,0.45502735800832905,0.633,base,Prolific,https://www.prolific.com/pricing,2026-07-12,0.09519999999999999,0.002,95.19999999999999,2.0,97.19999999999999
emotion,uncertainty_al,1000,1,sentence_transformer_logreg,sentence-transformers/all-MiniLM-L6-v2,0.45502735800832905,0.633,high,Prolific,https://www.prolific.com/pricing,2026-07-12,0.42839999999999995,0.002,428.3999999999999,2.0,430.3999999999999
emotion,diversity_al,50,1,sentence_transformer_logreg,sentence-transformers/all-MiniLM-L6-v2,0.234725566299362,0.508,low,Amazon Mechanical Turk,https://www.mturk.com/pricing,2026-07-12,0.04,0.003,2.0,0.15,2.15
emotion,diversity_al,50,1,sentence_transformer_logreg,sentence-transformers/all-MiniLM-L6-v2,0.234725566299362,0.508,base,Prolific,https://www.prolific.com/pricing,2026-07-12,0.09519999999999999,0.003,4.76,0.15,4.91
emotion,diversity_al,50,1,sentence_transformer_logreg,sentence-transformers/all-MiniLM-L6-v2,0.234725566299362,0.508,high,Prolific,https://www.prolific.com/pricing,2026-07-12,0.42839999999999995,0.003,21.419999999999998,0.15,21.569999999999997
emotion,diversity_al,100,1,sentence_transformer_logreg,sentence-transformers/all-MiniLM-L6-v2,0.26733269425483835,0.534,low,Amazon Mechanical Turk,https://www.mturk.com/pricing,2026-07-12,0.04,0.003,4.0,0.3,4.3
emotion,diversity_al,100,1,sentence_transformer_logreg,sentence-transformers/all-MiniLM-L6-v2,0.26733269425483835,0.534,base,Prolific,https://www.prolific.com/pricing,2026-07-12,0.09519999999999999,0.003,9.52,0.3,9.82
emotion,diversity_al,100,1,sentence_transformer_logreg,sentence-transformers/all-MiniLM-L6-v2,0.26733269425483835,0.534,high,Prolific,https://www.prolific.com/pricing,2026-07-12,0.42839999999999995,0.003,42.839999999999996,0.3,43.13999999999999
emotion,diversity_al,250,1,sentence_transformer_logreg,sentence-transformers/all-MiniLM-L6-v2,0.3259276595407135,0.547,low,Amazon Mechanical Turk,https://www.mturk.com/pricing,2026-07-12,0.04,0.003,10.0,0.75,10.75
emotion,diversity_al,250,1,sentence_transformer_logreg,sentence-transformers/all-MiniLM-L6-v2,0.3259276595407135,0.547,base,Prolific,https://www.prolific.com/pricing,2026-07-12,0.09519999999999999,0.003,23.799999999999997,0.75,24.549999999999997
emotion,diversity_al,250,1,sentence_transformer_logreg,sentence-transformers/all-MiniLM-L6-v2,0.3259276595407135,0.547,high,Prolific,https://www.prolific.com/pricing,2026-07-12,0.42839999999999995,0.003,107.09999999999998,0.75,107.84999999999998
emotion,diversity_al,500,1,sentence_transformer_logreg,sentence-transformers/all-MiniLM-L6-v2,0.39809698401625376,0.598,low,Amazon Mechanical Turk,https://www.mturk.com/pricing,2026-07-12,0.04,0.003,20.0,1.5,21.5
emotion,diversity_al,500,1,sentence_transformer_logreg,sentence-transformers/all-MiniLM-L6-v2,0.39809698401625376,0.598,base,Prolific,https://www.prolific.com/pricing,2026-07-12,0.09519999999999999,0.003,47.599999999999994,1.5,49.099999999999994
emotion,diversity_al,500,1,sentence_transformer_logreg,sentence-transformers/all-MiniLM-L6-v2,0.39809698401625376,0.598,high,Prolific,https://www.prolific.com/pricing,2026-07-12,0.42839999999999995,0.003,214.19999999999996,1.5,215.69999999999996
emotion,diversity_al,1000,1,sentence_transformer_logreg,sentence-transformers/all-MiniLM-L6-v2,0.4414667695779186,0.628,low,Amazon Mechanical Turk,https://www.mturk.com/pricing,2026-07-12,0.04,0.003,40.0,3.0,43.0
emotion,diversity_al,1000,1,sentence_transformer_logreg,sentence-transformers/all-MiniLM-L6-v2,0.4414667695779186,0.628,base,Prolific,https://www.prolific.com/pricing,2026-07-12,0.09519999999999999,0.003,95.19999999999999,3.0,98.19999999999999
emotion,diversity_al,1000,1,sentence_transformer_logreg,sentence-transformers/all-MiniLM-L6-v2,0.4414667695779186,0.628,high,Prolific,https://www.prolific.com/pricing,2026-07-12,0.42839999999999995,0.003,428.3999999999999,3.0,431.3999999999999
emotion,hybrid_al,50,1,sentence_transformer_logreg,sentence-transformers/all-MiniLM-L6-v2,0.20535544532848038,0.464,low,Amazon Mechanical Turk,https://www.mturk.com/pricing,2026-07-12,0.04,0.004,2.0,0.2,2.2
emotion,hybrid_al,50,1,sentence_transformer_logreg,sentence-transformers/all-MiniLM-L6-v2,0.20535544532848038,0.464,base,Prolific,https://www.prolific.com/pricing,2026-07-12,0.09519999999999999,0.004,4.76,0.2,4.96
emotion,hybrid_al,50,1,sentence_transformer_logreg,sentence-transformers/all-MiniLM-L6-v2,0.20535544532848038,0.464,high,Prolific,https://www.prolific.com/pricing,2026-07-12,0.42839999999999995,0.004,21.419999999999998,0.2,21.619999999999997
emotion,hybrid_al,100,1,sentence_transformer_logreg,sentence-transformers/all-MiniLM-L6-v2,0.27128383188592026,0.53,low,Amazon Mechanical Turk,https://www.mturk.com/pricing,2026-07-12,0.04,0.004,4.0,0.4,4.4
emotion,hybrid_al,100,1,sentence_transformer_logreg,sentence-transformers/all-MiniLM-L6-v2,0.27128383188592026,0.53,base,Prolific,https://www.prolific.com/pricing,2026-07-12,0.09519999999999999,0.004,9.52,0.4,9.92
emotion,hybrid_al,100,1,sentence_transformer_logreg,sentence-transformers/all-MiniLM-L6-v2,0.27128383188592026,0.53,high,Prolific,https://www.prolific.com/pricing,2026-07-12,0.42839999999999995,0.004,42.839999999999996,0.4,43.239999999999995
emotion,hybrid_al,250,1,sentence_transformer_logreg,sentence-transformers/all-MiniLM-L6-v2,0.3723995176270845,0.575,low,Amazon Mechanical Turk,https://www.mturk.com/pricing,2026-07-12,0.04,0.004,10.0,1.0,11.0
emotion,hybrid_al,250,1,sentence_transformer_logreg,sentence-transformers/all-MiniLM-L6-v2,0.3723995176270845,0.575,base,Prolific,https://www.prolific.com/pricing,2026-07-12,0.09519999999999999,0.004,23.799999999999997,1.0,24.799999999999997
emotion,hybrid_al,250,1,sentence_transformer_logreg,sentence-transformers/all-MiniLM-L6-v2,0.3723995176270845,0.575,high,Prolific,https://www.prolific.com/pricing,2026-07-12,0.42839999999999995,0.004,107.09999999999998,1.0,108.09999999999998
emotion,hybrid_al,500,1,sentence_transformer_logreg,sentence-transformers/all-MiniLM-L6-v2,0.4301891419423464,0.611,low,Amazon Mechanical Turk,https://www.mturk.com/pricing,2026-07-12,0.04,0.004,20.0,2.0,22.0
emotion,hybrid_al,500,1,sentence_transformer_logreg,sentence-transformers/all-MiniLM-L6-v2,0.4301891419423464,0.611,base,Prolific,https://www.prolific.com/pricing,2026-07-12,0.09519999999999999,0.004,47.599999999999994,2.0,49.599999999999994
emotion,hybrid_al,500,1,sentence_transformer_logreg,sentence-transformers/all-MiniLM-L6-v2,0.4301891419423464,0.611,high,Prolific,https://www.prolific.com/pricing,2026-07-12,0.42839999999999995,0.004,214.19999999999996,2.0,216.19999999999996
emotion,hybrid_al,1000,1,sentence_transformer_logreg,sentence-transformers/all-MiniLM-L6-v2,0.46726175827900257,0.634,low,Amazon Mechanical Turk,https://www.mturk.com/pricing,2026-07-12,0.04,0.004,40.0,4.0,44.0
emotion,hybrid_al,1000,1,sentence_transformer_logreg,sentence-transformers/all-MiniLM-L6-v2,0.46726175827900257,0.634,base,Prolific,https://www.prolific.com/pricing,2026-07-12,0.09519999999999999,0.004,95.19999999999999,4.0,99.19999999999999
emotion,hybrid_al,1000,1,sentence_transformer_logreg,sentence-transformers/all-MiniLM-L6-v2,0.46726175827900257,0.634,high,Prolific,https://www.prolific.com/pricing,2026-07-12,0.42839999999999995,0.004,428.3999999999999,4.0,432.3999999999999
emotion,random,50,2,sentence_transformer_logreg,sentence-transformers/all-MiniLM-L6-v2,0.09949121943213524,0.363,low,Amazon Mechanical Turk,https://www.mturk.com/pricing,2026-07-12,0.04,0.0,2.0,0.0,2.0
emotion,random,50,2,sentence_transformer_logreg,sentence-transformers/all-MiniLM-L6-v2,0.09949121943213524,0.363,base,Prolific,https://www.prolific.com/pricing,2026-07-12,0.09519999999999999,0.0,4.76,0.0,4.76
emotion,random,50,2,sentence_transformer_logreg,sentence-transformers/all-MiniLM-L6-v2,0.09949121943213524,0.363,high,Prolific,https://www.prolific.com/pricing,2026-07-12,0.42839999999999995,0.0,21.419999999999998,0.0,21.419999999999998
emotion,random,100,2,sentence_transformer_logreg,sentence-transformers/all-MiniLM-L6-v2,0.2351844729024285,0.491,low,Amazon Mechanical Turk,https://www.mturk.com/pricing,2026-07-12,0.04,0.0,4.0,0.0,4.0
emotion,random,100,2,sentence_transformer_logreg,sentence-transformers/all-MiniLM-L6-v2,0.2351844729024285,0.491,base,Prolific,https://www.prolific.com/pricing,2026-07-12,0.09519999999999999,0.0,9.52,0.0,9.52
emotion,random,100,2,sentence_transformer_logreg,sentence-transformers/all-MiniLM-L6-v2,0.2351844729024285,0.491,high,Prolific,https://www.prolific.com/pricing,2026-07-12,0.42839999999999995,0.0,42.839999999999996,0.0,42.839999999999996
emotion,random,250,2,sentence_transformer_logreg,sentence-transformers/all-MiniLM-L6-v2,0.3089747577669109,0.559,low,Amazon Mechanical Turk,https://www.mturk.com/pricing,2026-07-12,0.04,0.0,10.0,0.0,10.0
emotion,random,250,2,sentence_transformer_logreg,sentence-transformers/all-MiniLM-L6-v2,0.3089747577669109,0.559,base,Prolific,https://www.prolific.com/pricing,2026-07-12,0.09519999999999999,0.0,23.799999999999997,0.0,23.799999999999997
emotion,random,250,2,sentence_transformer_logreg,sentence-transformers/all-MiniLM-L6-v2,0.3089747577669109,0.559,high,Prolific,https://www.prolific.com/pricing,2026-07-12,0.42839999999999995,0.0,107.09999999999998,0.0,107.09999999999998
emotion,random,500,2,sentence_transformer_logreg,sentence-transformers/all-MiniLM-L6-v2,0.3738609278245681,0.598,low,Amazon Mechanical Turk,https://www.mturk.com/pricing,2026-07-12,0.04,0.0,20.0,0.0,20.0
emotion,random,500,2,sentence_transformer_logreg,sentence-transformers/all-MiniLM-L6-v2,0.3738609278245681,0.598,base,Prolific,https://www.prolific.com/pricing,2026-07-12,0.09519999999999999,0.0,47.599999999999994,0.0,47.599999999999994
emotion,random,500,2,sentence_transformer_logreg,sentence-transformers/all-MiniLM-L6-v2,0.3738609278245681,0.598,high,Prolific,https://www.prolific.com/pricing,2026-07-12,0.42839999999999995,0.0,214.19999999999996,0.0,214.19999999999996
emotion,random,1000,2,sentence_transformer_logreg,sentence-transformers/all-MiniLM-L6-v2,0.45963854295713374,0.647,low,Amazon Mechanical Turk,https://www.mturk.com/pricing,2026-07-12,0.04,0.0,40.0,0.0,40.0
emotion,random,1000,2,sentence_transformer_logreg,sentence-transformers/all-MiniLM-L6-v2,0.45963854295713374,0.647,base,Prolific,https://www.prolific.com/pricing,2026-07-12,0.09519999999999999,0.0,95.19999999999999,0.0,95.19999999999999
emotion,random,1000,2,sentence_transformer_logreg,sentence-transformers/all-MiniLM-L6-v2,0.45963854295713374,0.647,high,Prolific,https://www.prolific.com/pricing,2026-07-12,0.42839999999999995,0.0,428.3999999999999,0.0,428.3999999999999
emotion,uncertainty_al,50,2,sentence_transformer_logreg,sentence-transformers/all-MiniLM-L6-v2,0.15565230372504527,0.334,low,Amazon Mechanical Turk,https://www.mturk.com/pricing,2026-07-12,0.04,0.002,2.0,0.1,2.1
emotion,uncertainty_al,50,2,sentence_transformer_logreg,sentence-transformers/all-MiniLM-L6-v2,0.15565230372504527,0.334,base,Prolific,https://www.prolific.com/pricing,2026-07-12,0.09519999999999999,0.002,4.76,0.1,4.859999999999999
emotion,uncertainty_al,50,2,sentence_transformer_logreg,sentence-transformers/all-MiniLM-L6-v2,0.15565230372504527,0.334,high,Prolific,https://www.prolific.com/pricing,2026-07-12,0.42839999999999995,0.002,21.419999999999998,0.1,21.52
emotion,uncertainty_al,100,2,sentence_transformer_logreg,sentence-transformers/all-MiniLM-L6-v2,0.3237331333669682,0.53,low,Amazon Mechanical Turk,https://www.mturk.com/pricing,2026-07-12,0.04,0.002,4.0,0.2,4.2
emotion,uncertainty_al,100,2,sentence_transformer_logreg,sentence-transformers/all-MiniLM-L6-v2,0.3237331333669682,0.53,base,Prolific,https://www.prolific.com/pricing,2026-07-12,0.09519999999999999,0.002,9.52,0.2,9.719999999999999
emotion,uncertainty_al,100,2,sentence_transformer_logreg,sentence-transformers/all-MiniLM-L6-v2,0.3237331333669682,0.53,high,Prolific,https://www.prolific.com/pricing,2026-07-12,0.42839999999999995,0.002,42.839999999999996,0.2,43.04
emotion,uncertainty_al,250,2,sentence_transformer_logreg,sentence-transformers/all-MiniLM-L6-v2,0.37433651057012424,0.583,low,Amazon Mechanical Turk,https://www.mturk.com/pricing,2026-07-12,0.04,0.002,10.0,0.5,10.5
emotion,uncertainty_al,250,2,sentence_transformer_logreg,sentence-transformers/all-MiniLM-L6-v2,0.37433651057012424,0.583,base,Prolific,https://www.prolific.com/pricing,2026-07-12,0.09519999999999999,0.002,23.799999999999997,0.5,24.299999999999997
emotion,uncertainty_al,250,2,sentence_transformer_logreg,sentence-transformers/all-MiniLM-L6-v2,0.37433651057012424,0.583,high,Prolific,https://www.prolific.com/pricing,2026-07-12,0.42839999999999995,0.002,107.09999999999998,0.5,107.59999999999998
emotion,uncertainty_al,500,2,sentence_transformer_logreg,sentence-transformers/all-MiniLM-L6-v2,0.39875190970961644,0.606,low,Amazon Mechanical Turk,https://www.mturk.com/pricing,2026-07-12,0.04,0.002,20.0,1.0,21.0
emotion,uncertainty_al,500,2,sentence_transformer_logreg,sentence-transformers/all-MiniLM-L6-v2,0.39875190970961644,0.606,base,Prolific,https://www.prolific.com/pricing,2026-07-12,0.09519999999999999,0.002,47.599999999999994,1.0,48.599999999999994
emotion,uncertainty_al,500,2,sentence_transformer_logreg,sentence-transformers/all-MiniLM-L6-v2,0.39875190970961644,0.606,high,Prolific,https://www.prolific.com/pricing,2026-07-12,0.42839999999999995,0.002,214.19999999999996,1.0,215.19999999999996
emotion,uncertainty_al,1000,2,sentence_transformer_logreg,sentence-transformers/all-MiniLM-L6-v2,0.4535051070170441,0.632,low,Amazon Mechanical Turk,https://www.mturk.com/pricing,2026-07-12,0.04,0.002,40.0,2.0,42.0
emotion,uncertainty_al,1000,2,sentence_transformer_logreg,sentence-transformers/all-MiniLM-L6-v2,0.4535051070170441,0.632,base,Prolific,https://www.prolific.com/pricing,2026-07-12,0.09519999999999999,0.002,95.19999999999999,2.0,97.19999999999999
emotion,uncertainty_al,1000,2,sentence_transformer_logreg,sentence-transformers/all-MiniLM-L6-v2,0.4535051070170441,0.632,high,Prolific,https://www.prolific.com/pricing,2026-07-12,0.42839999999999995,0.002,428.3999999999999,2.0,430.3999999999999
emotion,diversity_al,50,2,sentence_transformer_logreg,sentence-transformers/all-MiniLM-L6-v2,0.2180405035665076,0.476,low,Amazon Mechanical Turk,https://www.mturk.com/pricing,2026-07-12,0.04,0.003,2.0,0.15,2.15
emotion,diversity_al,50,2,sentence_transformer_logreg,sentence-transformers/all-MiniLM-L6-v2,0.2180405035665076,0.476,base,Prolific,https://www.prolific.com/pricing,2026-07-12,0.09519999999999999,0.003,4.76,0.15,4.91
emotion,diversity_al,50,2,sentence_transformer_logreg,sentence-transformers/all-MiniLM-L6-v2,0.2180405035665076,0.476,high,Prolific,https://www.prolific.com/pricing,2026-07-12,0.42839999999999995,0.003,21.419999999999998,0.15,21.569999999999997
emotion,diversity_al,100,2,sentence_transformer_logreg,sentence-transformers/all-MiniLM-L6-v2,0.2026500784884283,0.499,low,Amazon Mechanical Turk,https://www.mturk.com/pricing,2026-07-12,0.04,0.003,4.0,0.3,4.3
emotion,diversity_al,100,2,sentence_transformer_logreg,sentence-transformers/all-MiniLM-L6-v2,0.2026500784884283,0.499,base,Prolific,https://www.prolific.com/pricing,2026-07-12,0.09519999999999999,0.003,9.52,0.3,9.82
emotion,diversity_al,100,2,sentence_transformer_logreg,sentence-transformers/all-MiniLM-L6-v2,0.2026500784884283,0.499,high,Prolific,https://www.prolific.com/pricing,2026-07-12,0.42839999999999995,0.003,42.839999999999996,0.3,43.13999999999999
emotion,diversity_al,250,2,sentence_transformer_logreg,sentence-transformers/all-MiniLM-L6-v2,0.3408794859870318,0.562,low,Amazon Mechanical Turk,https://www.mturk.com/pricing,2026-07-12,0.04,0.003,10.0,0.75,10.75
emotion,diversity_al,250,2,sentence_transformer_logreg,sentence-transformers/all-MiniLM-L6-v2,0.3408794859870318,0.562,base,Prolific,https://www.prolific.com/pricing,2026-07-12,0.09519999999999999,0.003,23.799999999999997,0.75,24.549999999999997
emotion,diversity_al,250,2,sentence_transformer_logreg,sentence-transformers/all-MiniLM-L6-v2,0.3408794859870318,0.562,high,Prolific,https://www.prolific.com/pricing,2026-07-12,0.42839999999999995,0.003,107.09999999999998,0.75,107.84999999999998
emotion,diversity_al,500,2,sentence_transformer_logreg,sentence-transformers/all-MiniLM-L6-v2,0.41702144215520015,0.611,low,Amazon Mechanical Turk,https://www.mturk.com/pricing,2026-07-12,0.04,0.003,20.0,1.5,21.5
emotion,diversity_al,500,2,sentence_transformer_logreg,sentence-transformers/all-MiniLM-L6-v2,0.41702144215520015,0.611,base,Prolific,https://www.prolific.com/pricing,2026-07-12,0.09519999999999999,0.003,47.599999999999994,1.5,49.099999999999994
emotion,diversity_al,500,2,sentence_transformer_logreg,sentence-transformers/all-MiniLM-L6-v2,0.41702144215520015,0.611,high,Prolific,https://www.prolific.com/pricing,2026-07-12,0.42839999999999995,0.003,214.19999999999996,1.5,215.69999999999996
emotion,diversity_al,1000,2,sentence_transformer_logreg,sentence-transformers/all-MiniLM-L6-v2,0.44626335490400604,0.632,low,Amazon Mechanical Turk,https://www.mturk.com/pricing,2026-07-12,0.04,0.003,40.0,3.0,43.0
emotion,diversity_al,1000,2,sentence_transformer_logreg,sentence-transformers/all-MiniLM-L6-v2,0.44626335490400604,0.632,base,Prolific,https://www.prolific.com/pricing,2026-07-12,0.09519999999999999,0.003,95.19999999999999,3.0,98.19999999999999
emotion,diversity_al,1000,2,sentence_transformer_logreg,sentence-transformers/all-MiniLM-L6-v2,0.44626335490400604,0.632,high,Prolific,https://www.prolific.com/pricing,2026-07-12,0.42839999999999995,0.003,428.3999999999999,3.0,431.3999999999999
emotion,hybrid_al,50,2,sentence_transformer_logreg,sentence-transformers/all-MiniLM-L6-v2,0.22949272232835058,0.474,low,Amazon Mechanical Turk,https://www.mturk.com/pricing,2026-07-12,0.04,0.004,2.0,0.2,2.2
emotion,hybrid_al,50,2,sentence_transformer_logreg,sentence-transformers/all-MiniLM-L6-v2,0.22949272232835058,0.474,base,Prolific,https://www.prolific.com/pricing,2026-07-12,0.09519999999999999,0.004,4.76,0.2,4.96
emotion,hybrid_al,50,2,sentence_transformer_logreg,sentence-transformers/all-MiniLM-L6-v2,0.22949272232835058,0.474,high,Prolific,https://www.prolific.com/pricing,2026-07-12,0.42839999999999995,0.004,21.419999999999998,0.2,21.619999999999997
emotion,hybrid_al,100,2,sentence_transformer_logreg,sentence-transformers/all-MiniLM-L6-v2,0.300894538343708,0.531,low,Amazon Mechanical Turk,https://www.mturk.com/pricing,2026-07-12,0.04,0.004,4.0,0.4,4.4
emotion,hybrid_al,100,2,sentence_transformer_logreg,sentence-transformers/all-MiniLM-L6-v2,0.300894538343708,0.531,base,Prolific,https://www.prolific.com/pricing,2026-07-12,0.09519999999999999,0.004,9.52,0.4,9.92
emotion,hybrid_al,100,2,sentence_transformer_logreg,sentence-transformers/all-MiniLM-L6-v2,0.300894538343708,0.531,high,Prolific,https://www.prolific.com/pricing,2026-07-12,0.42839999999999995,0.004,42.839999999999996,0.4,43.239999999999995
emotion,hybrid_al,250,2,sentence_transformer_logreg,sentence-transformers/all-MiniLM-L6-v2,0.37975854277223525,0.579,low,Amazon Mechanical Turk,https://www.mturk.com/pricing,2026-07-12,0.04,0.004,10.0,1.0,11.0
emotion,hybrid_al,250,2,sentence_transformer_logreg,sentence-transformers/all-MiniLM-L6-v2,0.37975854277223525,0.579,base,Prolific,https://www.prolific.com/pricing,2026-07-12,0.09519999999999999,0.004,23.799999999999997,1.0,24.799999999999997
emotion,hybrid_al,250,2,sentence_transformer_logreg,sentence-transformers/all-MiniLM-L6-v2,0.37975854277223525,0.579,high,Prolific,https://www.prolific.com/pricing,2026-07-12,0.42839999999999995,0.004,107.09999999999998,1.0,108.09999999999998
emotion,hybrid_al,500,2,sentence_transformer_logreg,sentence-transformers/all-MiniLM-L6-v2,0.44701030880247794,0.625,low,Amazon Mechanical Turk,https://www.mturk.com/pricing,2026-07-12,0.04,0.004,20.0,2.0,22.0
emotion,hybrid_al,500,2,sentence_transformer_logreg,sentence-transformers/all-MiniLM-L6-v2,0.44701030880247794,0.625,base,Prolific,https://www.prolific.com/pricing,2026-07-12,0.09519999999999999,0.004,47.599999999999994,2.0,49.599999999999994
emotion,hybrid_al,500,2,sentence_transformer_logreg,sentence-transformers/all-MiniLM-L6-v2,0.44701030880247794,0.625,high,Prolific,https://www.prolific.com/pricing,2026-07-12,0.42839999999999995,0.004,214.19999999999996,2.0,216.19999999999996
emotion,hybrid_al,1000,2,sentence_transformer_logreg,sentence-transformers/all-MiniLM-L6-v2,0.46849768269228664,0.64,low,Amazon Mechanical Turk,https://www.mturk.com/pricing,2026-07-12,0.04,0.004,40.0,4.0,44.0
emotion,hybrid_al,1000,2,sentence_transformer_logreg,sentence-transformers/all-MiniLM-L6-v2,0.46849768269228664,0.64,base,Prolific,https://www.prolific.com/pricing,2026-07-12,0.09519999999999999,0.004,95.19999999999999,4.0,99.19999999999999
emotion,hybrid_al,1000,2,sentence_transformer_logreg,sentence-transformers/all-MiniLM-L6-v2,0.46849768269228664,0.64,high,Prolific,https://www.prolific.com/pricing,2026-07-12,0.42839999999999995,0.004,428.3999999999999,4.0,432.3999999999999
