dataset,strategy,budget,seed,downstream_model,embedding_model,macro_f1,accuracy,cost_scenario,cost_source,cost_source_url,cost_checked_at,human_cost_per_label,selection_cost_per_example,annotation_cost,selection_cost,total_cost
ag_news,diversity_al,50,0,sentence_transformer_logreg,sentence-transformers/all-MiniLM-L6-v2,0.4899977453268066,0.51,base,Prolific,https://www.prolific.com/pricing,2026-07-12,0.0951999999999999,0.003,4.76,0.15,4.91
ag_news,diversity_al,50,0,sentence_transformer_logreg,sentence-transformers/all-MiniLM-L6-v2,0.4899977453268066,0.51,high,Prolific,https://www.prolific.com/pricing,2026-07-12,0.4283999999999999,0.003,21.42,0.15,21.569999999999997
ag_news,diversity_al,50,0,sentence_transformer_logreg,sentence-transformers/all-MiniLM-L6-v2,0.4899977453268066,0.51,low,Amazon Mechanical Turk,https://www.mturk.com/pricing,2026-07-12,0.04,0.003,2.0,0.15,2.15
ag_news,diversity_al,50,1,sentence_transformer_logreg,sentence-transformers/all-MiniLM-L6-v2,0.5150910656976019,0.553,base,Prolific,https://www.prolific.com/pricing,2026-07-12,0.0951999999999999,0.003,4.76,0.15,4.91
ag_news,diversity_al,50,1,sentence_transformer_logreg,sentence-transformers/all-MiniLM-L6-v2,0.5150910656976019,0.553,high,Prolific,https://www.prolific.com/pricing,2026-07-12,0.4283999999999999,0.003,21.42,0.15,21.569999999999997
ag_news,diversity_al,50,1,sentence_transformer_logreg,sentence-transformers/all-MiniLM-L6-v2,0.5150910656976019,0.553,low,Amazon Mechanical Turk,https://www.mturk.com/pricing,2026-07-12,0.04,0.003,2.0,0.15,2.15
ag_news,diversity_al,50,2,sentence_transformer_logreg,sentence-transformers/all-MiniLM-L6-v2,0.4288583192554641,0.49,base,Prolific,https://www.prolific.com/pricing,2026-07-12,0.0951999999999999,0.003,4.76,0.15,4.91
ag_news,diversity_al,50,2,sentence_transformer_logreg,sentence-transformers/all-MiniLM-L6-v2,0.4288583192554641,0.49,high,Prolific,https://www.prolific.com/pricing,2026-07-12,0.4283999999999999,0.003,21.42,0.15,21.569999999999997
ag_news,diversity_al,50,2,sentence_transformer_logreg,sentence-transformers/all-MiniLM-L6-v2,0.4288583192554641,0.49,low,Amazon Mechanical Turk,https://www.mturk.com/pricing,2026-07-12,0.04,0.003,2.0,0.15,2.15
ag_news,diversity_al,50,3,sentence_transformer_logreg,sentence-transformers/all-MiniLM-L6-v2,0.6718980637811325,0.68,base,Prolific,https://www.prolific.com/pricing,2026-07-12,0.0951999999999999,0.003,4.76,0.15,4.91
ag_news,diversity_al,50,3,sentence_transformer_logreg,sentence-transformers/all-MiniLM-L6-v2,0.6718980637811325,0.68,high,Prolific,https://www.prolific.com/pricing,2026-07-12,0.4283999999999999,0.003,21.42,0.15,21.569999999999997
ag_news,diversity_al,50,3,sentence_transformer_logreg,sentence-transformers/all-MiniLM-L6-v2,0.6718980637811325,0.68,low,Amazon Mechanical Turk,https://www.mturk.com/pricing,2026-07-12,0.04,0.003,2.0,0.15,2.15
ag_news,diversity_al,50,4,sentence_transformer_logreg,sentence-transformers/all-MiniLM-L6-v2,0.2896625874824303,0.36,base,Prolific,https://www.prolific.com/pricing,2026-07-12,0.0951999999999999,0.003,4.76,0.15,4.91
ag_news,diversity_al,50,4,sentence_transformer_logreg,sentence-transformers/all-MiniLM-L6-v2,0.2896625874824303,0.36,high,Prolific,https://www.prolific.com/pricing,2026-07-12,0.4283999999999999,0.003,21.42,0.15,21.569999999999997
ag_news,diversity_al,50,4,sentence_transformer_logreg,sentence-transformers/all-MiniLM-L6-v2,0.2896625874824303,0.36,low,Amazon Mechanical Turk,https://www.mturk.com/pricing,2026-07-12,0.04,0.003,2.0,0.15,2.15
ag_news,diversity_al,100,0,sentence_transformer_logreg,sentence-transformers/all-MiniLM-L6-v2,0.7087610344815869,0.709,base,Prolific,https://www.prolific.com/pricing,2026-07-12,0.0951999999999999,0.003,9.52,0.3,9.82
ag_news,diversity_al,100,0,sentence_transformer_logreg,sentence-transformers/all-MiniLM-L6-v2,0.7087610344815869,0.709,high,Prolific,https://www.prolific.com/pricing,2026-07-12,0.4283999999999999,0.003,42.84,0.3,43.13999999999999
ag_news,diversity_al,100,0,sentence_transformer_logreg,sentence-transformers/all-MiniLM-L6-v2,0.7087610344815869,0.709,low,Amazon Mechanical Turk,https://www.mturk.com/pricing,2026-07-12,0.04,0.003,4.0,0.3,4.3
ag_news,diversity_al,100,1,sentence_transformer_logreg,sentence-transformers/all-MiniLM-L6-v2,0.7634070435571255,0.762,base,Prolific,https://www.prolific.com/pricing,2026-07-12,0.0951999999999999,0.003,9.52,0.3,9.82
ag_news,diversity_al,100,1,sentence_transformer_logreg,sentence-transformers/all-MiniLM-L6-v2,0.7634070435571255,0.762,high,Prolific,https://www.prolific.com/pricing,2026-07-12,0.4283999999999999,0.003,42.84,0.3,43.13999999999999
ag_news,diversity_al,100,1,sentence_transformer_logreg,sentence-transformers/all-MiniLM-L6-v2,0.7634070435571255,0.762,low,Amazon Mechanical Turk,https://www.mturk.com/pricing,2026-07-12,0.04,0.003,4.0,0.3,4.3
ag_news,diversity_al,100,2,sentence_transformer_logreg,sentence-transformers/all-MiniLM-L6-v2,0.7094364090960981,0.705,base,Prolific,https://www.prolific.com/pricing,2026-07-12,0.0951999999999999,0.003,9.52,0.3,9.82
ag_news,diversity_al,100,2,sentence_transformer_logreg,sentence-transformers/all-MiniLM-L6-v2,0.7094364090960981,0.705,high,Prolific,https://www.prolific.com/pricing,2026-07-12,0.4283999999999999,0.003,42.84,0.3,43.13999999999999
ag_news,diversity_al,100,2,sentence_transformer_logreg,sentence-transformers/all-MiniLM-L6-v2,0.7094364090960981,0.705,low,Amazon Mechanical Turk,https://www.mturk.com/pricing,2026-07-12,0.04,0.003,4.0,0.3,4.3
ag_news,diversity_al,100,3,sentence_transformer_logreg,sentence-transformers/all-MiniLM-L6-v2,0.8060363265862911,0.805,base,Prolific,https://www.prolific.com/pricing,2026-07-12,0.0951999999999999,0.003,9.52,0.3,9.82
ag_news,diversity_al,100,3,sentence_transformer_logreg,sentence-transformers/all-MiniLM-L6-v2,0.8060363265862911,0.805,high,Prolific,https://www.prolific.com/pricing,2026-07-12,0.4283999999999999,0.003,42.84,0.3,43.13999999999999
ag_news,diversity_al,100,3,sentence_transformer_logreg,sentence-transformers/all-MiniLM-L6-v2,0.8060363265862911,0.805,low,Amazon Mechanical Turk,https://www.mturk.com/pricing,2026-07-12,0.04,0.003,4.0,0.3,4.3
ag_news,diversity_al,100,4,sentence_transformer_logreg,sentence-transformers/all-MiniLM-L6-v2,0.759298521421089,0.76,base,Prolific,https://www.prolific.com/pricing,2026-07-12,0.0951999999999999,0.003,9.52,0.3,9.82
ag_news,diversity_al,100,4,sentence_transformer_logreg,sentence-transformers/all-MiniLM-L6-v2,0.759298521421089,0.76,high,Prolific,https://www.prolific.com/pricing,2026-07-12,0.4283999999999999,0.003,42.84,0.3,43.13999999999999
ag_news,diversity_al,100,4,sentence_transformer_logreg,sentence-transformers/all-MiniLM-L6-v2,0.759298521421089,0.76,low,Amazon Mechanical Turk,https://www.mturk.com/pricing,2026-07-12,0.04,0.003,4.0,0.3,4.3
ag_news,diversity_al,250,0,sentence_transformer_logreg,sentence-transformers/all-MiniLM-L6-v2,0.8260349459957407,0.825,base,Prolific,https://www.prolific.com/pricing,2026-07-12,0.0951999999999999,0.003,23.799999999999997,0.75,24.549999999999997
ag_news,diversity_al,250,0,sentence_transformer_logreg,sentence-transformers/all-MiniLM-L6-v2,0.8260349459957407,0.825,high,Prolific,https://www.prolific.com/pricing,2026-07-12,0.4283999999999999,0.003,107.09999999999998,0.75,107.84999999999998
ag_news,diversity_al,250,0,sentence_transformer_logreg,sentence-transformers/all-MiniLM-L6-v2,0.8260349459957407,0.825,low,Amazon Mechanical Turk,https://www.mturk.com/pricing,2026-07-12,0.04,0.003,10.0,0.75,10.75
ag_news,diversity_al,250,1,sentence_transformer_logreg,sentence-transformers/all-MiniLM-L6-v2,0.8093840354867313,0.809,base,Prolific,https://www.prolific.com/pricing,2026-07-12,0.0951999999999999,0.003,23.799999999999997,0.75,24.549999999999997
ag_news,diversity_al,250,1,sentence_transformer_logreg,sentence-transformers/all-MiniLM-L6-v2,0.8093840354867313,0.809,high,Prolific,https://www.prolific.com/pricing,2026-07-12,0.4283999999999999,0.003,107.09999999999998,0.75,107.84999999999998
ag_news,diversity_al,250,1,sentence_transformer_logreg,sentence-transformers/all-MiniLM-L6-v2,0.8093840354867313,0.809,low,Amazon Mechanical Turk,https://www.mturk.com/pricing,2026-07-12,0.04,0.003,10.0,0.75,10.75
ag_news,diversity_al,250,2,sentence_transformer_logreg,sentence-transformers/all-MiniLM-L6-v2,0.8281182219841601,0.827,base,Prolific,https://www.prolific.com/pricing,2026-07-12,0.0951999999999999,0.003,23.799999999999997,0.75,24.549999999999997
ag_news,diversity_al,250,2,sentence_transformer_logreg,sentence-transformers/all-MiniLM-L6-v2,0.8281182219841601,0.827,high,Prolific,https://www.prolific.com/pricing,2026-07-12,0.4283999999999999,0.003,107.09999999999998,0.75,107.84999999999998
ag_news,diversity_al,250,2,sentence_transformer_logreg,sentence-transformers/all-MiniLM-L6-v2,0.8281182219841601,0.827,low,Amazon Mechanical Turk,https://www.mturk.com/pricing,2026-07-12,0.04,0.003,10.0,0.75,10.75
ag_news,diversity_al,250,3,sentence_transformer_logreg,sentence-transformers/all-MiniLM-L6-v2,0.8261842393175948,0.825,base,Prolific,https://www.prolific.com/pricing,2026-07-12,0.0951999999999999,0.003,23.799999999999997,0.75,24.549999999999997
ag_news,diversity_al,250,3,sentence_transformer_logreg,sentence-transformers/all-MiniLM-L6-v2,0.8261842393175948,0.825,high,Prolific,https://www.prolific.com/pricing,2026-07-12,0.4283999999999999,0.003,107.09999999999998,0.75,107.84999999999998
ag_news,diversity_al,250,3,sentence_transformer_logreg,sentence-transformers/all-MiniLM-L6-v2,0.8261842393175948,0.825,low,Amazon Mechanical Turk,https://www.mturk.com/pricing,2026-07-12,0.04,0.003,10.0,0.75,10.75
ag_news,diversity_al,250,4,sentence_transformer_logreg,sentence-transformers/all-MiniLM-L6-v2,0.8186280400811143,0.818,base,Prolific,https://www.prolific.com/pricing,2026-07-12,0.0951999999999999,0.003,23.799999999999997,0.75,24.549999999999997
ag_news,diversity_al,250,4,sentence_transformer_logreg,sentence-transformers/all-MiniLM-L6-v2,0.8186280400811143,0.818,high,Prolific,https://www.prolific.com/pricing,2026-07-12,0.4283999999999999,0.003,107.09999999999998,0.75,107.84999999999998
ag_news,diversity_al,250,4,sentence_transformer_logreg,sentence-transformers/all-MiniLM-L6-v2,0.8186280400811143,0.818,low,Amazon Mechanical Turk,https://www.mturk.com/pricing,2026-07-12,0.04,0.003,10.0,0.75,10.75
ag_news,diversity_al,500,0,sentence_transformer_logreg,sentence-transformers/all-MiniLM-L6-v2,0.8429885824451367,0.843,base,Prolific,https://www.prolific.com/pricing,2026-07-12,0.0951999999999999,0.003,47.599999999999994,1.5,49.099999999999994
ag_news,diversity_al,500,0,sentence_transformer_logreg,sentence-transformers/all-MiniLM-L6-v2,0.8429885824451367,0.843,high,Prolific,https://www.prolific.com/pricing,2026-07-12,0.4283999999999999,0.003,214.19999999999996,1.5,215.69999999999996
ag_news,diversity_al,500,0,sentence_transformer_logreg,sentence-transformers/all-MiniLM-L6-v2,0.8429885824451367,0.843,low,Amazon Mechanical Turk,https://www.mturk.com/pricing,2026-07-12,0.04,0.003,20.0,1.5,21.5
ag_news,diversity_al,500,1,sentence_transformer_logreg,sentence-transformers/all-MiniLM-L6-v2,0.8382499496881377,0.839,base,Prolific,https://www.prolific.com/pricing,2026-07-12,0.0951999999999999,0.003,47.599999999999994,1.5,49.099999999999994
ag_news,diversity_al,500,1,sentence_transformer_logreg,sentence-transformers/all-MiniLM-L6-v2,0.8382499496881377,0.839,high,Prolific,https://www.prolific.com/pricing,2026-07-12,0.4283999999999999,0.003,214.19999999999996,1.5,215.69999999999996
ag_news,diversity_al,500,1,sentence_transformer_logreg,sentence-transformers/all-MiniLM-L6-v2,0.8382499496881377,0.839,low,Amazon Mechanical Turk,https://www.mturk.com/pricing,2026-07-12,0.04,0.003,20.0,1.5,21.5
ag_news,diversity_al,500,2,sentence_transformer_logreg,sentence-transformers/all-MiniLM-L6-v2,0.8368960293847799,0.837,base,Prolific,https://www.prolific.com/pricing,2026-07-12,0.0951999999999999,0.003,47.599999999999994,1.5,49.099999999999994
ag_news,diversity_al,500,2,sentence_transformer_logreg,sentence-transformers/all-MiniLM-L6-v2,0.8368960293847799,0.837,high,Prolific,https://www.prolific.com/pricing,2026-07-12,0.4283999999999999,0.003,214.19999999999996,1.5,215.69999999999996
ag_news,diversity_al,500,2,sentence_transformer_logreg,sentence-transformers/all-MiniLM-L6-v2,0.8368960293847799,0.837,low,Amazon Mechanical Turk,https://www.mturk.com/pricing,2026-07-12,0.04,0.003,20.0,1.5,21.5
ag_news,diversity_al,500,3,sentence_transformer_logreg,sentence-transformers/all-MiniLM-L6-v2,0.8361547286934323,0.836,base,Prolific,https://www.prolific.com/pricing,2026-07-12,0.0951999999999999,0.003,47.599999999999994,1.5,49.099999999999994
ag_news,diversity_al,500,3,sentence_transformer_logreg,sentence-transformers/all-MiniLM-L6-v2,0.8361547286934323,0.836,high,Prolific,https://www.prolific.com/pricing,2026-07-12,0.4283999999999999,0.003,214.19999999999996,1.5,215.69999999999996
ag_news,diversity_al,500,3,sentence_transformer_logreg,sentence-transformers/all-MiniLM-L6-v2,0.8361547286934323,0.836,low,Amazon Mechanical Turk,https://www.mturk.com/pricing,2026-07-12,0.04,0.003,20.0,1.5,21.5
ag_news,diversity_al,500,4,sentence_transformer_logreg,sentence-transformers/all-MiniLM-L6-v2,0.8401071282384651,0.84,base,Prolific,https://www.prolific.com/pricing,2026-07-12,0.0951999999999999,0.003,47.599999999999994,1.5,49.099999999999994
ag_news,diversity_al,500,4,sentence_transformer_logreg,sentence-transformers/all-MiniLM-L6-v2,0.8401071282384651,0.84,high,Prolific,https://www.prolific.com/pricing,2026-07-12,0.4283999999999999,0.003,214.19999999999996,1.5,215.69999999999996
ag_news,diversity_al,500,4,sentence_transformer_logreg,sentence-transformers/all-MiniLM-L6-v2,0.8401071282384651,0.84,low,Amazon Mechanical Turk,https://www.mturk.com/pricing,2026-07-12,0.04,0.003,20.0,1.5,21.5
ag_news,diversity_al,1000,0,sentence_transformer_logreg,sentence-transformers/all-MiniLM-L6-v2,0.851185506115797,0.851,base,Prolific,https://www.prolific.com/pricing,2026-07-12,0.0951999999999999,0.003,95.2,3.0,98.2
ag_news,diversity_al,1000,0,sentence_transformer_logreg,sentence-transformers/all-MiniLM-L6-v2,0.851185506115797,0.851,high,Prolific,https://www.prolific.com/pricing,2026-07-12,0.4283999999999999,0.003,428.3999999999999,3.0,431.3999999999999
ag_news,diversity_al,1000,0,sentence_transformer_logreg,sentence-transformers/all-MiniLM-L6-v2,0.851185506115797,0.851,low,Amazon Mechanical Turk,https://www.mturk.com/pricing,2026-07-12,0.04,0.003,40.0,3.0,43.0
ag_news,diversity_al,1000,1,sentence_transformer_logreg,sentence-transformers/all-MiniLM-L6-v2,0.8509306893461859,0.851,base,Prolific,https://www.prolific.com/pricing,2026-07-12,0.0951999999999999,0.003,95.2,3.0,98.2
ag_news,diversity_al,1000,1,sentence_transformer_logreg,sentence-transformers/all-MiniLM-L6-v2,0.8509306893461859,0.851,high,Prolific,https://www.prolific.com/pricing,2026-07-12,0.4283999999999999,0.003,428.3999999999999,3.0,431.3999999999999
ag_news,diversity_al,1000,1,sentence_transformer_logreg,sentence-transformers/all-MiniLM-L6-v2,0.8509306893461859,0.851,low,Amazon Mechanical Turk,https://www.mturk.com/pricing,2026-07-12,0.04,0.003,40.0,3.0,43.0
ag_news,diversity_al,1000,2,sentence_transformer_logreg,sentence-transformers/all-MiniLM-L6-v2,0.8510669959647348,0.851,base,Prolific,https://www.prolific.com/pricing,2026-07-12,0.0951999999999999,0.003,95.2,3.0,98.2
ag_news,diversity_al,1000,2,sentence_transformer_logreg,sentence-transformers/all-MiniLM-L6-v2,0.8510669959647348,0.851,high,Prolific,https://www.prolific.com/pricing,2026-07-12,0.4283999999999999,0.003,428.3999999999999,3.0,431.3999999999999
ag_news,diversity_al,1000,2,sentence_transformer_logreg,sentence-transformers/all-MiniLM-L6-v2,0.8510669959647348,0.851,low,Amazon Mechanical Turk,https://www.mturk.com/pricing,2026-07-12,0.04,0.003,40.0,3.0,43.0
ag_news,diversity_al,1000,3,sentence_transformer_logreg,sentence-transformers/all-MiniLM-L6-v2,0.8512195599842798,0.851,base,Prolific,https://www.prolific.com/pricing,2026-07-12,0.0951999999999999,0.003,95.2,3.0,98.2
ag_news,diversity_al,1000,3,sentence_transformer_logreg,sentence-transformers/all-MiniLM-L6-v2,0.8512195599842798,0.851,high,Prolific,https://www.prolific.com/pricing,2026-07-12,0.4283999999999999,0.003,428.3999999999999,3.0,431.3999999999999
ag_news,diversity_al,1000,3,sentence_transformer_logreg,sentence-transformers/all-MiniLM-L6-v2,0.8512195599842798,0.851,low,Amazon Mechanical Turk,https://www.mturk.com/pricing,2026-07-12,0.04,0.003,40.0,3.0,43.0
ag_news,diversity_al,1000,4,sentence_transformer_logreg,sentence-transformers/all-MiniLM-L6-v2,0.8540817891066514,0.854,base,Prolific,https://www.prolific.com/pricing,2026-07-12,0.0951999999999999,0.003,95.2,3.0,98.2
ag_news,diversity_al,1000,4,sentence_transformer_logreg,sentence-transformers/all-MiniLM-L6-v2,0.8540817891066514,0.854,high,Prolific,https://www.prolific.com/pricing,2026-07-12,0.4283999999999999,0.003,428.3999999999999,3.0,431.3999999999999
ag_news,diversity_al,1000,4,sentence_transformer_logreg,sentence-transformers/all-MiniLM-L6-v2,0.8540817891066514,0.854,low,Amazon Mechanical Turk,https://www.mturk.com/pricing,2026-07-12,0.04,0.003,40.0,3.0,43.0
ag_news,hybrid_al,50,0,sentence_transformer_logreg,sentence-transformers/all-MiniLM-L6-v2,0.405471691873995,0.494,base,Prolific,https://www.prolific.com/pricing,2026-07-12,0.0951999999999999,0.004,4.76,0.2,4.96
ag_news,hybrid_al,50,0,sentence_transformer_logreg,sentence-transformers/all-MiniLM-L6-v2,0.405471691873995,0.494,high,Prolific,https://www.prolific.com/pricing,2026-07-12,0.4283999999999999,0.004,21.42,0.2,21.619999999999997
ag_news,hybrid_al,50,0,sentence_transformer_logreg,sentence-transformers/all-MiniLM-L6-v2,0.405471691873995,0.494,low,Amazon Mechanical Turk,https://www.mturk.com/pricing,2026-07-12,0.04,0.004,2.0,0.2,2.2
ag_news,hybrid_al,50,1,sentence_transformer_logreg,sentence-transformers/all-MiniLM-L6-v2,0.6997312151913312,0.69,base,Prolific,https://www.prolific.com/pricing,2026-07-12,0.0951999999999999,0.004,4.76,0.2,4.96
ag_news,hybrid_al,50,1,sentence_transformer_logreg,sentence-transformers/all-MiniLM-L6-v2,0.6997312151913312,0.69,high,Prolific,https://www.prolific.com/pricing,2026-07-12,0.4283999999999999,0.004,21.42,0.2,21.619999999999997
ag_news,hybrid_al,50,1,sentence_transformer_logreg,sentence-transformers/all-MiniLM-L6-v2,0.6997312151913312,0.69,low,Amazon Mechanical Turk,https://www.mturk.com/pricing,2026-07-12,0.04,0.004,2.0,0.2,2.2
ag_news,hybrid_al,50,2,sentence_transformer_logreg,sentence-transformers/all-MiniLM-L6-v2,0.6663193244478054,0.673,base,Prolific,https://www.prolific.com/pricing,2026-07-12,0.0951999999999999,0.004,4.76,0.2,4.96
ag_news,hybrid_al,50,2,sentence_transformer_logreg,sentence-transformers/all-MiniLM-L6-v2,0.6663193244478054,0.673,high,Prolific,https://www.prolific.com/pricing,2026-07-12,0.4283999999999999,0.004,21.42,0.2,21.619999999999997
ag_news,hybrid_al,50,2,sentence_transformer_logreg,sentence-transformers/all-MiniLM-L6-v2,0.6663193244478054,0.673,low,Amazon Mechanical Turk,https://www.mturk.com/pricing,2026-07-12,0.04,0.004,2.0,0.2,2.2
ag_news,hybrid_al,50,3,sentence_transformer_logreg,sentence-transformers/all-MiniLM-L6-v2,0.4207930349041982,0.497,base,Prolific,https://www.prolific.com/pricing,2026-07-12,0.0951999999999999,0.004,4.76,0.2,4.96
ag_news,hybrid_al,50,3,sentence_transformer_logreg,sentence-transformers/all-MiniLM-L6-v2,0.4207930349041982,0.497,high,Prolific,https://www.prolific.com/pricing,2026-07-12,0.4283999999999999,0.004,21.42,0.2,21.619999999999997
ag_news,hybrid_al,50,3,sentence_transformer_logreg,sentence-transformers/all-MiniLM-L6-v2,0.4207930349041982,0.497,low,Amazon Mechanical Turk,https://www.mturk.com/pricing,2026-07-12,0.04,0.004,2.0,0.2,2.2
ag_news,hybrid_al,50,4,sentence_transformer_logreg,sentence-transformers/all-MiniLM-L6-v2,0.5340043039058585,0.598,base,Prolific,https://www.prolific.com/pricing,2026-07-12,0.0951999999999999,0.004,4.76,0.2,4.96
ag_news,hybrid_al,50,4,sentence_transformer_logreg,sentence-transformers/all-MiniLM-L6-v2,0.5340043039058585,0.598,high,Prolific,https://www.prolific.com/pricing,2026-07-12,0.4283999999999999,0.004,21.42,0.2,21.619999999999997
ag_news,hybrid_al,50,4,sentence_transformer_logreg,sentence-transformers/all-MiniLM-L6-v2,0.5340043039058585,0.598,low,Amazon Mechanical Turk,https://www.mturk.com/pricing,2026-07-12,0.04,0.004,2.0,0.2,2.2
ag_news,hybrid_al,100,0,sentence_transformer_logreg,sentence-transformers/all-MiniLM-L6-v2,0.7985084525851089,0.799,base,Prolific,https://www.prolific.com/pricing,2026-07-12,0.0951999999999999,0.004,9.52,0.4,9.92
ag_news,hybrid_al,100,0,sentence_transformer_logreg,sentence-transformers/all-MiniLM-L6-v2,0.7985084525851089,0.799,high,Prolific,https://www.prolific.com/pricing,2026-07-12,0.4283999999999999,0.004,42.84,0.4,43.239999999999995
ag_news,hybrid_al,100,0,sentence_transformer_logreg,sentence-transformers/all-MiniLM-L6-v2,0.7985084525851089,0.799,low,Amazon Mechanical Turk,https://www.mturk.com/pricing,2026-07-12,0.04,0.004,4.0,0.4,4.4
ag_news,hybrid_al,100,1,sentence_transformer_logreg,sentence-transformers/all-MiniLM-L6-v2,0.7737671982427994,0.785,base,Prolific,https://www.prolific.com/pricing,2026-07-12,0.0951999999999999,0.004,9.52,0.4,9.92
ag_news,hybrid_al,100,1,sentence_transformer_logreg,sentence-transformers/all-MiniLM-L6-v2,0.7737671982427994,0.785,high,Prolific,https://www.prolific.com/pricing,2026-07-12,0.4283999999999999,0.004,42.84,0.4,43.239999999999995
ag_news,hybrid_al,100,1,sentence_transformer_logreg,sentence-transformers/all-MiniLM-L6-v2,0.7737671982427994,0.785,low,Amazon Mechanical Turk,https://www.mturk.com/pricing,2026-07-12,0.04,0.004,4.0,0.4,4.4
ag_news,hybrid_al,100,2,sentence_transformer_logreg,sentence-transformers/all-MiniLM-L6-v2,0.8186944515632454,0.818,base,Prolific,https://www.prolific.com/pricing,2026-07-12,0.0951999999999999,0.004,9.52,0.4,9.92
ag_news,hybrid_al,100,2,sentence_transformer_logreg,sentence-transformers/all-MiniLM-L6-v2,0.8186944515632454,0.818,high,Prolific,https://www.prolific.com/pricing,2026-07-12,0.4283999999999999,0.004,42.84,0.4,43.239999999999995
ag_news,hybrid_al,100,2,sentence_transformer_logreg,sentence-transformers/all-MiniLM-L6-v2,0.8186944515632454,0.818,low,Amazon Mechanical Turk,https://www.mturk.com/pricing,2026-07-12,0.04,0.004,4.0,0.4,4.4
ag_news,hybrid_al,100,3,sentence_transformer_logreg,sentence-transformers/all-MiniLM-L6-v2,0.7647917797496788,0.769,base,Prolific,https://www.prolific.com/pricing,2026-07-12,0.0951999999999999,0.004,9.52,0.4,9.92
ag_news,hybrid_al,100,3,sentence_transformer_logreg,sentence-transformers/all-MiniLM-L6-v2,0.7647917797496788,0.769,high,Prolific,https://www.prolific.com/pricing,2026-07-12,0.4283999999999999,0.004,42.84,0.4,43.239999999999995
ag_news,hybrid_al,100,3,sentence_transformer_logreg,sentence-transformers/all-MiniLM-L6-v2,0.7647917797496788,0.769,low,Amazon Mechanical Turk,https://www.mturk.com/pricing,2026-07-12,0.04,0.004,4.0,0.4,4.4
ag_news,hybrid_al,100,4,sentence_transformer_logreg,sentence-transformers/all-MiniLM-L6-v2,0.7816308963961802,0.782,base,Prolific,https://www.prolific.com/pricing,2026-07-12,0.0951999999999999,0.004,9.52,0.4,9.92
ag_news,hybrid_al,100,4,sentence_transformer_logreg,sentence-transformers/all-MiniLM-L6-v2,0.7816308963961802,0.782,high,Prolific,https://www.prolific.com/pricing,2026-07-12,0.4283999999999999,0.004,42.84,0.4,43.239999999999995
ag_news,hybrid_al,100,4,sentence_transformer_logreg,sentence-transformers/all-MiniLM-L6-v2,0.7816308963961802,0.782,low,Amazon Mechanical Turk,https://www.mturk.com/pricing,2026-07-12,0.04,0.004,4.0,0.4,4.4
ag_news,hybrid_al,250,0,sentence_transformer_logreg,sentence-transformers/all-MiniLM-L6-v2,0.8220153965930106,0.823,base,Prolific,https://www.prolific.com/pricing,2026-07-12,0.0951999999999999,0.004,23.799999999999997,1.0,24.799999999999997
ag_news,hybrid_al,250,0,sentence_transformer_logreg,sentence-transformers/all-MiniLM-L6-v2,0.8220153965930106,0.823,high,Prolific,https://www.prolific.com/pricing,2026-07-12,0.4283999999999999,0.004,107.09999999999998,1.0,108.09999999999998
ag_news,hybrid_al,250,0,sentence_transformer_logreg,sentence-transformers/all-MiniLM-L6-v2,0.8220153965930106,0.823,low,Amazon Mechanical Turk,https://www.mturk.com/pricing,2026-07-12,0.04,0.004,10.0,1.0,11.0
ag_news,hybrid_al,250,1,sentence_transformer_logreg,sentence-transformers/all-MiniLM-L6-v2,0.8412213867183029,0.841,base,Prolific,https://www.prolific.com/pricing,2026-07-12,0.0951999999999999,0.004,23.799999999999997,1.0,24.799999999999997
ag_news,hybrid_al,250,1,sentence_transformer_logreg,sentence-transformers/all-MiniLM-L6-v2,0.8412213867183029,0.841,high,Prolific,https://www.prolific.com/pricing,2026-07-12,0.4283999999999999,0.004,107.09999999999998,1.0,108.09999999999998
ag_news,hybrid_al,250,1,sentence_transformer_logreg,sentence-transformers/all-MiniLM-L6-v2,0.8412213867183029,0.841,low,Amazon Mechanical Turk,https://www.mturk.com/pricing,2026-07-12,0.04,0.004,10.0,1.0,11.0
ag_news,hybrid_al,250,2,sentence_transformer_logreg,sentence-transformers/all-MiniLM-L6-v2,0.8352794307387852,0.836,base,Prolific,https://www.prolific.com/pricing,2026-07-12,0.0951999999999999,0.004,23.799999999999997,1.0,24.799999999999997
ag_news,hybrid_al,250,2,sentence_transformer_logreg,sentence-transformers/all-MiniLM-L6-v2,0.8352794307387852,0.836,high,Prolific,https://www.prolific.com/pricing,2026-07-12,0.4283999999999999,0.004,107.09999999999998,1.0,108.09999999999998
ag_news,hybrid_al,250,2,sentence_transformer_logreg,sentence-transformers/all-MiniLM-L6-v2,0.8352794307387852,0.836,low,Amazon Mechanical Turk,https://www.mturk.com/pricing,2026-07-12,0.04,0.004,10.0,1.0,11.0
ag_news,hybrid_al,250,3,sentence_transformer_logreg,sentence-transformers/all-MiniLM-L6-v2,0.8297006025112436,0.831,base,Prolific,https://www.prolific.com/pricing,2026-07-12,0.0951999999999999,0.004,23.799999999999997,1.0,24.799999999999997
ag_news,hybrid_al,250,3,sentence_transformer_logreg,sentence-transformers/all-MiniLM-L6-v2,0.8297006025112436,0.831,high,Prolific,https://www.prolific.com/pricing,2026-07-12,0.4283999999999999,0.004,107.09999999999998,1.0,108.09999999999998
ag_news,hybrid_al,250,3,sentence_transformer_logreg,sentence-transformers/all-MiniLM-L6-v2,0.8297006025112436,0.831,low,Amazon Mechanical Turk,https://www.mturk.com/pricing,2026-07-12,0.04,0.004,10.0,1.0,11.0
ag_news,hybrid_al,250,4,sentence_transformer_logreg,sentence-transformers/all-MiniLM-L6-v2,0.8301444555764659,0.831,base,Prolific,https://www.prolific.com/pricing,2026-07-12,0.0951999999999999,0.004,23.799999999999997,1.0,24.799999999999997
ag_news,hybrid_al,250,4,sentence_transformer_logreg,sentence-transformers/all-MiniLM-L6-v2,0.8301444555764659,0.831,high,Prolific,https://www.prolific.com/pricing,2026-07-12,0.4283999999999999,0.004,107.09999999999998,1.0,108.09999999999998
ag_news,hybrid_al,250,4,sentence_transformer_logreg,sentence-transformers/all-MiniLM-L6-v2,0.8301444555764659,0.831,low,Amazon Mechanical Turk,https://www.mturk.com/pricing,2026-07-12,0.04,0.004,10.0,1.0,11.0
ag_news,hybrid_al,500,0,sentence_transformer_logreg,sentence-transformers/all-MiniLM-L6-v2,0.8464618850654582,0.847,base,Prolific,https://www.prolific.com/pricing,2026-07-12,0.0951999999999999,0.004,47.599999999999994,2.0,49.599999999999994
ag_news,hybrid_al,500,0,sentence_transformer_logreg,sentence-transformers/all-MiniLM-L6-v2,0.8464618850654582,0.847,high,Prolific,https://www.prolific.com/pricing,2026-07-12,0.4283999999999999,0.004,214.19999999999996,2.0,216.19999999999996
ag_news,hybrid_al,500,0,sentence_transformer_logreg,sentence-transformers/all-MiniLM-L6-v2,0.8464618850654582,0.847,low,Amazon Mechanical Turk,https://www.mturk.com/pricing,2026-07-12,0.04,0.004,20.0,2.0,22.0
ag_news,hybrid_al,500,1,sentence_transformer_logreg,sentence-transformers/all-MiniLM-L6-v2,0.83391344703225,0.834,base,Prolific,https://www.prolific.com/pricing,2026-07-12,0.0951999999999999,0.004,47.599999999999994,2.0,49.599999999999994
ag_news,hybrid_al,500,1,sentence_transformer_logreg,sentence-transformers/all-MiniLM-L6-v2,0.83391344703225,0.834,high,Prolific,https://www.prolific.com/pricing,2026-07-12,0.4283999999999999,0.004,214.19999999999996,2.0,216.19999999999996
ag_news,hybrid_al,500,1,sentence_transformer_logreg,sentence-transformers/all-MiniLM-L6-v2,0.83391344703225,0.834,low,Amazon Mechanical Turk,https://www.mturk.com/pricing,2026-07-12,0.04,0.004,20.0,2.0,22.0
ag_news,hybrid_al,500,2,sentence_transformer_logreg,sentence-transformers/all-MiniLM-L6-v2,0.8404896298146501,0.841,base,Prolific,https://www.prolific.com/pricing,2026-07-12,0.0951999999999999,0.004,47.599999999999994,2.0,49.599999999999994
ag_news,hybrid_al,500,2,sentence_transformer_logreg,sentence-transformers/all-MiniLM-L6-v2,0.8404896298146501,0.841,high,Prolific,https://www.prolific.com/pricing,2026-07-12,0.4283999999999999,0.004,214.19999999999996,2.0,216.19999999999996
ag_news,hybrid_al,500,2,sentence_transformer_logreg,sentence-transformers/all-MiniLM-L6-v2,0.8404896298146501,0.841,low,Amazon Mechanical Turk,https://www.mturk.com/pricing,2026-07-12,0.04,0.004,20.0,2.0,22.0
ag_news,hybrid_al,500,3,sentence_transformer_logreg,sentence-transformers/all-MiniLM-L6-v2,0.8464748253497707,0.847,base,Prolific,https://www.prolific.com/pricing,2026-07-12,0.0951999999999999,0.004,47.599999999999994,2.0,49.599999999999994
ag_news,hybrid_al,500,3,sentence_transformer_logreg,sentence-transformers/all-MiniLM-L6-v2,0.8464748253497707,0.847,high,Prolific,https://www.prolific.com/pricing,2026-07-12,0.4283999999999999,0.004,214.19999999999996,2.0,216.19999999999996
ag_news,hybrid_al,500,3,sentence_transformer_logreg,sentence-transformers/all-MiniLM-L6-v2,0.8464748253497707,0.847,low,Amazon Mechanical Turk,https://www.mturk.com/pricing,2026-07-12,0.04,0.004,20.0,2.0,22.0
ag_news,hybrid_al,500,4,sentence_transformer_logreg,sentence-transformers/all-MiniLM-L6-v2,0.8482078616024155,0.849,base,Prolific,https://www.prolific.com/pricing,2026-07-12,0.0951999999999999,0.004,47.599999999999994,2.0,49.599999999999994
ag_news,hybrid_al,500,4,sentence_transformer_logreg,sentence-transformers/all-MiniLM-L6-v2,0.8482078616024155,0.849,high,Prolific,https://www.prolific.com/pricing,2026-07-12,0.4283999999999999,0.004,214.19999999999996,2.0,216.19999999999996
ag_news,hybrid_al,500,4,sentence_transformer_logreg,sentence-transformers/all-MiniLM-L6-v2,0.8482078616024155,0.849,low,Amazon Mechanical Turk,https://www.mturk.com/pricing,2026-07-12,0.04,0.004,20.0,2.0,22.0
ag_news,hybrid_al,1000,0,sentence_transformer_logreg,sentence-transformers/all-MiniLM-L6-v2,0.8560942375667997,0.856,base,Prolific,https://www.prolific.com/pricing,2026-07-12,0.0951999999999999,0.004,95.2,4.0,99.2
ag_news,hybrid_al,1000,0,sentence_transformer_logreg,sentence-transformers/all-MiniLM-L6-v2,0.8560942375667997,0.856,high,Prolific,https://www.prolific.com/pricing,2026-07-12,0.4283999999999999,0.004,428.3999999999999,4.0,432.3999999999999
ag_news,hybrid_al,1000,0,sentence_transformer_logreg,sentence-transformers/all-MiniLM-L6-v2,0.8560942375667997,0.856,low,Amazon Mechanical Turk,https://www.mturk.com/pricing,2026-07-12,0.04,0.004,40.0,4.0,44.0
ag_news,hybrid_al,1000,1,sentence_transformer_logreg,sentence-transformers/all-MiniLM-L6-v2,0.8581520076725467,0.858,base,Prolific,https://www.prolific.com/pricing,2026-07-12,0.0951999999999999,0.004,95.2,4.0,99.2
ag_news,hybrid_al,1000,1,sentence_transformer_logreg,sentence-transformers/all-MiniLM-L6-v2,0.8581520076725467,0.858,high,Prolific,https://www.prolific.com/pricing,2026-07-12,0.4283999999999999,0.004,428.3999999999999,4.0,432.3999999999999
ag_news,hybrid_al,1000,1,sentence_transformer_logreg,sentence-transformers/all-MiniLM-L6-v2,0.8581520076725467,0.858,low,Amazon Mechanical Turk,https://www.mturk.com/pricing,2026-07-12,0.04,0.004,40.0,4.0,44.0
ag_news,hybrid_al,1000,2,sentence_transformer_logreg,sentence-transformers/all-MiniLM-L6-v2,0.8490049578851661,0.849,base,Prolific,https://www.prolific.com/pricing,2026-07-12,0.0951999999999999,0.004,95.2,4.0,99.2
ag_news,hybrid_al,1000,2,sentence_transformer_logreg,sentence-transformers/all-MiniLM-L6-v2,0.8490049578851661,0.849,high,Prolific,https://www.prolific.com/pricing,2026-07-12,0.4283999999999999,0.004,428.3999999999999,4.0,432.3999999999999
ag_news,hybrid_al,1000,2,sentence_transformer_logreg,sentence-transformers/all-MiniLM-L6-v2,0.8490049578851661,0.849,low,Amazon Mechanical Turk,https://www.mturk.com/pricing,2026-07-12,0.04,0.004,40.0,4.0,44.0
ag_news,hybrid_al,1000,3,sentence_transformer_logreg,sentence-transformers/all-MiniLM-L6-v2,0.8491132928388252,0.849,base,Prolific,https://www.prolific.com/pricing,2026-07-12,0.0951999999999999,0.004,95.2,4.0,99.2
ag_news,hybrid_al,1000,3,sentence_transformer_logreg,sentence-transformers/all-MiniLM-L6-v2,0.8491132928388252,0.849,high,Prolific,https://www.prolific.com/pricing,2026-07-12,0.4283999999999999,0.004,428.3999999999999,4.0,432.3999999999999
ag_news,hybrid_al,1000,3,sentence_transformer_logreg,sentence-transformers/all-MiniLM-L6-v2,0.8491132928388252,0.849,low,Amazon Mechanical Turk,https://www.mturk.com/pricing,2026-07-12,0.04,0.004,40.0,4.0,44.0
ag_news,hybrid_al,1000,4,sentence_transformer_logreg,sentence-transformers/all-MiniLM-L6-v2,0.8529911916760717,0.853,base,Prolific,https://www.prolific.com/pricing,2026-07-12,0.0951999999999999,0.004,95.2,4.0,99.2
ag_news,hybrid_al,1000,4,sentence_transformer_logreg,sentence-transformers/all-MiniLM-L6-v2,0.8529911916760717,0.853,high,Prolific,https://www.prolific.com/pricing,2026-07-12,0.4283999999999999,0.004,428.3999999999999,4.0,432.3999999999999
ag_news,hybrid_al,1000,4,sentence_transformer_logreg,sentence-transformers/all-MiniLM-L6-v2,0.8529911916760717,0.853,low,Amazon Mechanical Turk,https://www.mturk.com/pricing,2026-07-12,0.04,0.004,40.0,4.0,44.0
ag_news,random,50,0,sentence_transformer_logreg,sentence-transformers/all-MiniLM-L6-v2,0.4521953769797805,0.497,base,Prolific,https://www.prolific.com/pricing,2026-07-12,0.0951999999999999,0.0,4.76,0.0,4.76
ag_news,random,50,0,sentence_transformer_logreg,sentence-transformers/all-MiniLM-L6-v2,0.4521953769797805,0.497,high,Prolific,https://www.prolific.com/pricing,2026-07-12,0.4283999999999999,0.0,21.42,0.0,21.42
ag_news,random,50,0,sentence_transformer_logreg,sentence-transformers/all-MiniLM-L6-v2,0.4521953769797805,0.497,low,Amazon Mechanical Turk,https://www.mturk.com/pricing,2026-07-12,0.04,0.0,2.0,0.0,2.0
ag_news,random,50,1,sentence_transformer_logreg,sentence-transformers/all-MiniLM-L6-v2,0.5111543161879638,0.593,base,Prolific,https://www.prolific.com/pricing,2026-07-12,0.0951999999999999,0.0,4.76,0.0,4.76
ag_news,random,50,1,sentence_transformer_logreg,sentence-transformers/all-MiniLM-L6-v2,0.5111543161879638,0.593,high,Prolific,https://www.prolific.com/pricing,2026-07-12,0.4283999999999999,0.0,21.42,0.0,21.42
ag_news,random,50,1,sentence_transformer_logreg,sentence-transformers/all-MiniLM-L6-v2,0.5111543161879638,0.593,low,Amazon Mechanical Turk,https://www.mturk.com/pricing,2026-07-12,0.04,0.0,2.0,0.0,2.0
ag_news,random,50,2,sentence_transformer_logreg,sentence-transformers/all-MiniLM-L6-v2,0.5270646715478842,0.587,base,Prolific,https://www.prolific.com/pricing,2026-07-12,0.0951999999999999,0.0,4.76,0.0,4.76
ag_news,random,50,2,sentence_transformer_logreg,sentence-transformers/all-MiniLM-L6-v2,0.5270646715478842,0.587,high,Prolific,https://www.prolific.com/pricing,2026-07-12,0.4283999999999999,0.0,21.42,0.0,21.42
ag_news,random,50,2,sentence_transformer_logreg,sentence-transformers/all-MiniLM-L6-v2,0.5270646715478842,0.587,low,Amazon Mechanical Turk,https://www.mturk.com/pricing,2026-07-12,0.04,0.0,2.0,0.0,2.0
ag_news,random,50,3,sentence_transformer_logreg,sentence-transformers/all-MiniLM-L6-v2,0.668075982743796,0.702,base,Prolific,https://www.prolific.com/pricing,2026-07-12,0.0951999999999999,0.0,4.76,0.0,4.76
ag_news,random,50,3,sentence_transformer_logreg,sentence-transformers/all-MiniLM-L6-v2,0.668075982743796,0.702,high,Prolific,https://www.prolific.com/pricing,2026-07-12,0.4283999999999999,0.0,21.42,0.0,21.42
ag_news,random,50,3,sentence_transformer_logreg,sentence-transformers/all-MiniLM-L6-v2,0.668075982743796,0.702,low,Amazon Mechanical Turk,https://www.mturk.com/pricing,2026-07-12,0.04,0.0,2.0,0.0,2.0
ag_news,random,50,4,sentence_transformer_logreg,sentence-transformers/all-MiniLM-L6-v2,0.6958182109249844,0.707,base,Prolific,https://www.prolific.com/pricing,2026-07-12,0.0951999999999999,0.0,4.76,0.0,4.76
ag_news,random,50,4,sentence_transformer_logreg,sentence-transformers/all-MiniLM-L6-v2,0.6958182109249844,0.707,high,Prolific,https://www.prolific.com/pricing,2026-07-12,0.4283999999999999,0.0,21.42,0.0,21.42
ag_news,random,50,4,sentence_transformer_logreg,sentence-transformers/all-MiniLM-L6-v2,0.6958182109249844,0.707,low,Amazon Mechanical Turk,https://www.mturk.com/pricing,2026-07-12,0.04,0.0,2.0,0.0,2.0
ag_news,random,100,0,sentence_transformer_logreg,sentence-transformers/all-MiniLM-L6-v2,0.7818351710152988,0.778,base,Prolific,https://www.prolific.com/pricing,2026-07-12,0.0951999999999999,0.0,9.52,0.0,9.52
ag_news,random,100,0,sentence_transformer_logreg,sentence-transformers/all-MiniLM-L6-v2,0.7818351710152988,0.778,high,Prolific,https://www.prolific.com/pricing,2026-07-12,0.4283999999999999,0.0,42.84,0.0,42.84
ag_news,random,100,0,sentence_transformer_logreg,sentence-transformers/all-MiniLM-L6-v2,0.7818351710152988,0.778,low,Amazon Mechanical Turk,https://www.mturk.com/pricing,2026-07-12,0.04,0.0,4.0,0.0,4.0
ag_news,random,100,1,sentence_transformer_logreg,sentence-transformers/all-MiniLM-L6-v2,0.7821470693187291,0.78,base,Prolific,https://www.prolific.com/pricing,2026-07-12,0.0951999999999999,0.0,9.52,0.0,9.52
ag_news,random,100,1,sentence_transformer_logreg,sentence-transformers/all-MiniLM-L6-v2,0.7821470693187291,0.78,high,Prolific,https://www.prolific.com/pricing,2026-07-12,0.4283999999999999,0.0,42.84,0.0,42.84
ag_news,random,100,1,sentence_transformer_logreg,sentence-transformers/all-MiniLM-L6-v2,0.7821470693187291,0.78,low,Amazon Mechanical Turk,https://www.mturk.com/pricing,2026-07-12,0.04,0.0,4.0,0.0,4.0
ag_news,random,100,2,sentence_transformer_logreg,sentence-transformers/all-MiniLM-L6-v2,0.7960264111166987,0.796,base,Prolific,https://www.prolific.com/pricing,2026-07-12,0.0951999999999999,0.0,9.52,0.0,9.52
ag_news,random,100,2,sentence_transformer_logreg,sentence-transformers/all-MiniLM-L6-v2,0.7960264111166987,0.796,high,Prolific,https://www.prolific.com/pricing,2026-07-12,0.4283999999999999,0.0,42.84,0.0,42.84
ag_news,random,100,2,sentence_transformer_logreg,sentence-transformers/all-MiniLM-L6-v2,0.7960264111166987,0.796,low,Amazon Mechanical Turk,https://www.mturk.com/pricing,2026-07-12,0.04,0.0,4.0,0.0,4.0
ag_news,random,100,3,sentence_transformer_logreg,sentence-transformers/all-MiniLM-L6-v2,0.7682570596552718,0.763,base,Prolific,https://www.prolific.com/pricing,2026-07-12,0.0951999999999999,0.0,9.52,0.0,9.52
ag_news,random,100,3,sentence_transformer_logreg,sentence-transformers/all-MiniLM-L6-v2,0.7682570596552718,0.763,high,Prolific,https://www.prolific.com/pricing,2026-07-12,0.4283999999999999,0.0,42.84,0.0,42.84
ag_news,random,100,3,sentence_transformer_logreg,sentence-transformers/all-MiniLM-L6-v2,0.7682570596552718,0.763,low,Amazon Mechanical Turk,https://www.mturk.com/pricing,2026-07-12,0.04,0.0,4.0,0.0,4.0
ag_news,random,100,4,sentence_transformer_logreg,sentence-transformers/all-MiniLM-L6-v2,0.696317545047396,0.702,base,Prolific,https://www.prolific.com/pricing,2026-07-12,0.0951999999999999,0.0,9.52,0.0,9.52
ag_news,random,100,4,sentence_transformer_logreg,sentence-transformers/all-MiniLM-L6-v2,0.696317545047396,0.702,high,Prolific,https://www.prolific.com/pricing,2026-07-12,0.4283999999999999,0.0,42.84,0.0,42.84
ag_news,random,100,4,sentence_transformer_logreg,sentence-transformers/all-MiniLM-L6-v2,0.696317545047396,0.702,low,Amazon Mechanical Turk,https://www.mturk.com/pricing,2026-07-12,0.04,0.0,4.0,0.0,4.0
ag_news,random,250,0,sentence_transformer_logreg,sentence-transformers/all-MiniLM-L6-v2,0.8266720510168661,0.825,base,Prolific,https://www.prolific.com/pricing,2026-07-12,0.0951999999999999,0.0,23.799999999999997,0.0,23.799999999999997
ag_news,random,250,0,sentence_transformer_logreg,sentence-transformers/all-MiniLM-L6-v2,0.8266720510168661,0.825,high,Prolific,https://www.prolific.com/pricing,2026-07-12,0.4283999999999999,0.0,107.09999999999998,0.0,107.09999999999998
ag_news,random,250,0,sentence_transformer_logreg,sentence-transformers/all-MiniLM-L6-v2,0.8266720510168661,0.825,low,Amazon Mechanical Turk,https://www.mturk.com/pricing,2026-07-12,0.04,0.0,10.0,0.0,10.0
ag_news,random,250,1,sentence_transformer_logreg,sentence-transformers/all-MiniLM-L6-v2,0.8335601511508314,0.833,base,Prolific,https://www.prolific.com/pricing,2026-07-12,0.0951999999999999,0.0,23.799999999999997,0.0,23.799999999999997
ag_news,random,250,1,sentence_transformer_logreg,sentence-transformers/all-MiniLM-L6-v2,0.8335601511508314,0.833,high,Prolific,https://www.prolific.com/pricing,2026-07-12,0.4283999999999999,0.0,107.09999999999998,0.0,107.09999999999998
ag_news,random,250,1,sentence_transformer_logreg,sentence-transformers/all-MiniLM-L6-v2,0.8335601511508314,0.833,low,Amazon Mechanical Turk,https://www.mturk.com/pricing,2026-07-12,0.04,0.0,10.0,0.0,10.0
ag_news,random,250,2,sentence_transformer_logreg,sentence-transformers/all-MiniLM-L6-v2,0.8393509507896848,0.839,base,Prolific,https://www.prolific.com/pricing,2026-07-12,0.0951999999999999,0.0,23.799999999999997,0.0,23.799999999999997
ag_news,random,250,2,sentence_transformer_logreg,sentence-transformers/all-MiniLM-L6-v2,0.8393509507896848,0.839,high,Prolific,https://www.prolific.com/pricing,2026-07-12,0.4283999999999999,0.0,107.09999999999998,0.0,107.09999999999998
ag_news,random,250,2,sentence_transformer_logreg,sentence-transformers/all-MiniLM-L6-v2,0.8393509507896848,0.839,low,Amazon Mechanical Turk,https://www.mturk.com/pricing,2026-07-12,0.04,0.0,10.0,0.0,10.0
ag_news,random,250,3,sentence_transformer_logreg,sentence-transformers/all-MiniLM-L6-v2,0.8471112246128862,0.847,base,Prolific,https://www.prolific.com/pricing,2026-07-12,0.0951999999999999,0.0,23.799999999999997,0.0,23.799999999999997
ag_news,random,250,3,sentence_transformer_logreg,sentence-transformers/all-MiniLM-L6-v2,0.8471112246128862,0.847,high,Prolific,https://www.prolific.com/pricing,2026-07-12,0.4283999999999999,0.0,107.09999999999998,0.0,107.09999999999998
ag_news,random,250,3,sentence_transformer_logreg,sentence-transformers/all-MiniLM-L6-v2,0.8471112246128862,0.847,low,Amazon Mechanical Turk,https://www.mturk.com/pricing,2026-07-12,0.04,0.0,10.0,0.0,10.0
ag_news,random,250,4,sentence_transformer_logreg,sentence-transformers/all-MiniLM-L6-v2,0.8348213487198708,0.835,base,Prolific,https://www.prolific.com/pricing,2026-07-12,0.0951999999999999,0.0,23.799999999999997,0.0,23.799999999999997
ag_news,random,250,4,sentence_transformer_logreg,sentence-transformers/all-MiniLM-L6-v2,0.8348213487198708,0.835,high,Prolific,https://www.prolific.com/pricing,2026-07-12,0.4283999999999999,0.0,107.09999999999998,0.0,107.09999999999998
ag_news,random,250,4,sentence_transformer_logreg,sentence-transformers/all-MiniLM-L6-v2,0.8348213487198708,0.835,low,Amazon Mechanical Turk,https://www.mturk.com/pricing,2026-07-12,0.04,0.0,10.0,0.0,10.0
ag_news,random,500,0,sentence_transformer_logreg,sentence-transformers/all-MiniLM-L6-v2,0.8491901410990286,0.849,base,Prolific,https://www.prolific.com/pricing,2026-07-12,0.0951999999999999,0.0,47.599999999999994,0.0,47.599999999999994
ag_news,random,500,0,sentence_transformer_logreg,sentence-transformers/all-MiniLM-L6-v2,0.8491901410990286,0.849,high,Prolific,https://www.prolific.com/pricing,2026-07-12,0.4283999999999999,0.0,214.19999999999996,0.0,214.19999999999996
ag_news,random,500,0,sentence_transformer_logreg,sentence-transformers/all-MiniLM-L6-v2,0.8491901410990286,0.849,low,Amazon Mechanical Turk,https://www.mturk.com/pricing,2026-07-12,0.04,0.0,20.0,0.0,20.0
ag_news,random,500,1,sentence_transformer_logreg,sentence-transformers/all-MiniLM-L6-v2,0.8391293908903148,0.839,base,Prolific,https://www.prolific.com/pricing,2026-07-12,0.0951999999999999,0.0,47.599999999999994,0.0,47.599999999999994
ag_news,random,500,1,sentence_transformer_logreg,sentence-transformers/all-MiniLM-L6-v2,0.8391293908903148,0.839,high,Prolific,https://www.prolific.com/pricing,2026-07-12,0.4283999999999999,0.0,214.19999999999996,0.0,214.19999999999996
ag_news,random,500,1,sentence_transformer_logreg,sentence-transformers/all-MiniLM-L6-v2,0.8391293908903148,0.839,low,Amazon Mechanical Turk,https://www.mturk.com/pricing,2026-07-12,0.04,0.0,20.0,0.0,20.0
ag_news,random,500,2,sentence_transformer_logreg,sentence-transformers/all-MiniLM-L6-v2,0.843504668426648,0.843,base,Prolific,https://www.prolific.com/pricing,2026-07-12,0.0951999999999999,0.0,47.599999999999994,0.0,47.599999999999994
ag_news,random,500,2,sentence_transformer_logreg,sentence-transformers/all-MiniLM-L6-v2,0.843504668426648,0.843,high,Prolific,https://www.prolific.com/pricing,2026-07-12,0.4283999999999999,0.0,214.19999999999996,0.0,214.19999999999996
ag_news,random,500,2,sentence_transformer_logreg,sentence-transformers/all-MiniLM-L6-v2,0.843504668426648,0.843,low,Amazon Mechanical Turk,https://www.mturk.com/pricing,2026-07-12,0.04,0.0,20.0,0.0,20.0
ag_news,random,500,3,sentence_transformer_logreg,sentence-transformers/all-MiniLM-L6-v2,0.834930201849174,0.835,base,Prolific,https://www.prolific.com/pricing,2026-07-12,0.0951999999999999,0.0,47.599999999999994,0.0,47.599999999999994
ag_news,random,500,3,sentence_transformer_logreg,sentence-transformers/all-MiniLM-L6-v2,0.834930201849174,0.835,high,Prolific,https://www.prolific.com/pricing,2026-07-12,0.4283999999999999,0.0,214.19999999999996,0.0,214.19999999999996
ag_news,random,500,3,sentence_transformer_logreg,sentence-transformers/all-MiniLM-L6-v2,0.834930201849174,0.835,low,Amazon Mechanical Turk,https://www.mturk.com/pricing,2026-07-12,0.04,0.0,20.0,0.0,20.0
ag_news,random,500,4,sentence_transformer_logreg,sentence-transformers/all-MiniLM-L6-v2,0.8522917757868986,0.852,base,Prolific,https://www.prolific.com/pricing,2026-07-12,0.0951999999999999,0.0,47.599999999999994,0.0,47.599999999999994
ag_news,random,500,4,sentence_transformer_logreg,sentence-transformers/all-MiniLM-L6-v2,0.8522917757868986,0.852,high,Prolific,https://www.prolific.com/pricing,2026-07-12,0.4283999999999999,0.0,214.19999999999996,0.0,214.19999999999996
ag_news,random,500,4,sentence_transformer_logreg,sentence-transformers/all-MiniLM-L6-v2,0.8522917757868986,0.852,low,Amazon Mechanical Turk,https://www.mturk.com/pricing,2026-07-12,0.04,0.0,20.0,0.0,20.0
ag_news,random,1000,0,sentence_transformer_logreg,sentence-transformers/all-MiniLM-L6-v2,0.8561229615064013,0.856,base,Prolific,https://www.prolific.com/pricing,2026-07-12,0.0951999999999999,0.0,95.2,0.0,95.2
ag_news,random,1000,0,sentence_transformer_logreg,sentence-transformers/all-MiniLM-L6-v2,0.8561229615064013,0.856,high,Prolific,https://www.prolific.com/pricing,2026-07-12,0.4283999999999999,0.0,428.3999999999999,0.0,428.3999999999999
ag_news,random,1000,0,sentence_transformer_logreg,sentence-transformers/all-MiniLM-L6-v2,0.8561229615064013,0.856,low,Amazon Mechanical Turk,https://www.mturk.com/pricing,2026-07-12,0.04,0.0,40.0,0.0,40.0
ag_news,random,1000,1,sentence_transformer_logreg,sentence-transformers/all-MiniLM-L6-v2,0.8502917744468302,0.85,base,Prolific,https://www.prolific.com/pricing,2026-07-12,0.0951999999999999,0.0,95.2,0.0,95.2
ag_news,random,1000,1,sentence_transformer_logreg,sentence-transformers/all-MiniLM-L6-v2,0.8502917744468302,0.85,high,Prolific,https://www.prolific.com/pricing,2026-07-12,0.4283999999999999,0.0,428.3999999999999,0.0,428.3999999999999
ag_news,random,1000,1,sentence_transformer_logreg,sentence-transformers/all-MiniLM-L6-v2,0.8502917744468302,0.85,low,Amazon Mechanical Turk,https://www.mturk.com/pricing,2026-07-12,0.04,0.0,40.0,0.0,40.0
ag_news,random,1000,2,sentence_transformer_logreg,sentence-transformers/all-MiniLM-L6-v2,0.8522779973222563,0.852,base,Prolific,https://www.prolific.com/pricing,2026-07-12,0.0951999999999999,0.0,95.2,0.0,95.2
ag_news,random,1000,2,sentence_transformer_logreg,sentence-transformers/all-MiniLM-L6-v2,0.8522779973222563,0.852,high,Prolific,https://www.prolific.com/pricing,2026-07-12,0.4283999999999999,0.0,428.3999999999999,0.0,428.3999999999999
ag_news,random,1000,2,sentence_transformer_logreg,sentence-transformers/all-MiniLM-L6-v2,0.8522779973222563,0.852,low,Amazon Mechanical Turk,https://www.mturk.com/pricing,2026-07-12,0.04,0.0,40.0,0.0,40.0
ag_news,random,1000,3,sentence_transformer_logreg,sentence-transformers/all-MiniLM-L6-v2,0.8582390849575882,0.858,base,Prolific,https://www.prolific.com/pricing,2026-07-12,0.0951999999999999,0.0,95.2,0.0,95.2
ag_news,random,1000,3,sentence_transformer_logreg,sentence-transformers/all-MiniLM-L6-v2,0.8582390849575882,0.858,high,Prolific,https://www.prolific.com/pricing,2026-07-12,0.4283999999999999,0.0,428.3999999999999,0.0,428.3999999999999
ag_news,random,1000,3,sentence_transformer_logreg,sentence-transformers/all-MiniLM-L6-v2,0.8582390849575882,0.858,low,Amazon Mechanical Turk,https://www.mturk.com/pricing,2026-07-12,0.04,0.0,40.0,0.0,40.0
ag_news,random,1000,4,sentence_transformer_logreg,sentence-transformers/all-MiniLM-L6-v2,0.8531582102811717,0.853,base,Prolific,https://www.prolific.com/pricing,2026-07-12,0.0951999999999999,0.0,95.2,0.0,95.2
ag_news,random,1000,4,sentence_transformer_logreg,sentence-transformers/all-MiniLM-L6-v2,0.8531582102811717,0.853,high,Prolific,https://www.prolific.com/pricing,2026-07-12,0.4283999999999999,0.0,428.3999999999999,0.0,428.3999999999999
ag_news,random,1000,4,sentence_transformer_logreg,sentence-transformers/all-MiniLM-L6-v2,0.8531582102811717,0.853,low,Amazon Mechanical Turk,https://www.mturk.com/pricing,2026-07-12,0.04,0.0,40.0,0.0,40.0
ag_news,uncertainty_al,50,0,sentence_transformer_logreg,sentence-transformers/all-MiniLM-L6-v2,0.7074528118143582,0.727,base,Prolific,https://www.prolific.com/pricing,2026-07-12,0.0951999999999999,0.002,4.76,0.1,4.859999999999999
ag_news,uncertainty_al,50,0,sentence_transformer_logreg,sentence-transformers/all-MiniLM-L6-v2,0.7074528118143582,0.727,high,Prolific,https://www.prolific.com/pricing,2026-07-12,0.4283999999999999,0.002,21.42,0.1,21.52
ag_news,uncertainty_al,50,0,sentence_transformer_logreg,sentence-transformers/all-MiniLM-L6-v2,0.7074528118143582,0.727,low,Amazon Mechanical Turk,https://www.mturk.com/pricing,2026-07-12,0.04,0.002,2.0,0.1,2.1
ag_news,uncertainty_al,50,1,sentence_transformer_logreg,sentence-transformers/all-MiniLM-L6-v2,0.6988176485903518,0.706,base,Prolific,https://www.prolific.com/pricing,2026-07-12,0.0951999999999999,0.002,4.76,0.1,4.859999999999999
ag_news,uncertainty_al,50,1,sentence_transformer_logreg,sentence-transformers/all-MiniLM-L6-v2,0.6988176485903518,0.706,high,Prolific,https://www.prolific.com/pricing,2026-07-12,0.4283999999999999,0.002,21.42,0.1,21.52
ag_news,uncertainty_al,50,1,sentence_transformer_logreg,sentence-transformers/all-MiniLM-L6-v2,0.6988176485903518,0.706,low,Amazon Mechanical Turk,https://www.mturk.com/pricing,2026-07-12,0.04,0.002,2.0,0.1,2.1
ag_news,uncertainty_al,50,2,sentence_transformer_logreg,sentence-transformers/all-MiniLM-L6-v2,0.3545338207271886,0.427,base,Prolific,https://www.prolific.com/pricing,2026-07-12,0.0951999999999999,0.002,4.76,0.1,4.859999999999999
ag_news,uncertainty_al,50,2,sentence_transformer_logreg,sentence-transformers/all-MiniLM-L6-v2,0.3545338207271886,0.427,high,Prolific,https://www.prolific.com/pricing,2026-07-12,0.4283999999999999,0.002,21.42,0.1,21.52
ag_news,uncertainty_al,50,2,sentence_transformer_logreg,sentence-transformers/all-MiniLM-L6-v2,0.3545338207271886,0.427,low,Amazon Mechanical Turk,https://www.mturk.com/pricing,2026-07-12,0.04,0.002,2.0,0.1,2.1
ag_news,uncertainty_al,50,3,sentence_transformer_logreg,sentence-transformers/all-MiniLM-L6-v2,0.2973945410439741,0.425,base,Prolific,https://www.prolific.com/pricing,2026-07-12,0.0951999999999999,0.002,4.76,0.1,4.859999999999999
ag_news,uncertainty_al,50,3,sentence_transformer_logreg,sentence-transformers/all-MiniLM-L6-v2,0.2973945410439741,0.425,high,Prolific,https://www.prolific.com/pricing,2026-07-12,0.4283999999999999,0.002,21.42,0.1,21.52
ag_news,uncertainty_al,50,3,sentence_transformer_logreg,sentence-transformers/all-MiniLM-L6-v2,0.2973945410439741,0.425,low,Amazon Mechanical Turk,https://www.mturk.com/pricing,2026-07-12,0.04,0.002,2.0,0.1,2.1
ag_news,uncertainty_al,50,4,sentence_transformer_logreg,sentence-transformers/all-MiniLM-L6-v2,0.4027957909972681,0.496,base,Prolific,https://www.prolific.com/pricing,2026-07-12,0.0951999999999999,0.002,4.76,0.1,4.859999999999999
ag_news,uncertainty_al,50,4,sentence_transformer_logreg,sentence-transformers/all-MiniLM-L6-v2,0.4027957909972681,0.496,high,Prolific,https://www.prolific.com/pricing,2026-07-12,0.4283999999999999,0.002,21.42,0.1,21.52
ag_news,uncertainty_al,50,4,sentence_transformer_logreg,sentence-transformers/all-MiniLM-L6-v2,0.4027957909972681,0.496,low,Amazon Mechanical Turk,https://www.mturk.com/pricing,2026-07-12,0.04,0.002,2.0,0.1,2.1
ag_news,uncertainty_al,100,0,sentence_transformer_logreg,sentence-transformers/all-MiniLM-L6-v2,0.7401717247793802,0.745,base,Prolific,https://www.prolific.com/pricing,2026-07-12,0.0951999999999999,0.002,9.52,0.2,9.72
ag_news,uncertainty_al,100,0,sentence_transformer_logreg,sentence-transformers/all-MiniLM-L6-v2,0.7401717247793802,0.745,high,Prolific,https://www.prolific.com/pricing,2026-07-12,0.4283999999999999,0.002,42.84,0.2,43.04
ag_news,uncertainty_al,100,0,sentence_transformer_logreg,sentence-transformers/all-MiniLM-L6-v2,0.7401717247793802,0.745,low,Amazon Mechanical Turk,https://www.mturk.com/pricing,2026-07-12,0.04,0.002,4.0,0.2,4.2
ag_news,uncertainty_al,100,1,sentence_transformer_logreg,sentence-transformers/all-MiniLM-L6-v2,0.4119155714613887,0.512,base,Prolific,https://www.prolific.com/pricing,2026-07-12,0.0951999999999999,0.002,9.52,0.2,9.72
ag_news,uncertainty_al,100,1,sentence_transformer_logreg,sentence-transformers/all-MiniLM-L6-v2,0.4119155714613887,0.512,high,Prolific,https://www.prolific.com/pricing,2026-07-12,0.4283999999999999,0.002,42.84,0.2,43.04
ag_news,uncertainty_al,100,1,sentence_transformer_logreg,sentence-transformers/all-MiniLM-L6-v2,0.4119155714613887,0.512,low,Amazon Mechanical Turk,https://www.mturk.com/pricing,2026-07-12,0.04,0.002,4.0,0.2,4.2
ag_news,uncertainty_al,100,2,sentence_transformer_logreg,sentence-transformers/all-MiniLM-L6-v2,0.3131682580101642,0.456,base,Prolific,https://www.prolific.com/pricing,2026-07-12,0.0951999999999999,0.002,9.52,0.2,9.72
ag_news,uncertainty_al,100,2,sentence_transformer_logreg,sentence-transformers/all-MiniLM-L6-v2,0.3131682580101642,0.456,high,Prolific,https://www.prolific.com/pricing,2026-07-12,0.4283999999999999,0.002,42.84,0.2,43.04
ag_news,uncertainty_al,100,2,sentence_transformer_logreg,sentence-transformers/all-MiniLM-L6-v2,0.3131682580101642,0.456,low,Amazon Mechanical Turk,https://www.mturk.com/pricing,2026-07-12,0.04,0.002,4.0,0.2,4.2
ag_news,uncertainty_al,100,3,sentence_transformer_logreg,sentence-transformers/all-MiniLM-L6-v2,0.4685990061618657,0.499,base,Prolific,https://www.prolific.com/pricing,2026-07-12,0.0951999999999999,0.002,9.52,0.2,9.72
ag_news,uncertainty_al,100,3,sentence_transformer_logreg,sentence-transformers/all-MiniLM-L6-v2,0.4685990061618657,0.499,high,Prolific,https://www.prolific.com/pricing,2026-07-12,0.4283999999999999,0.002,42.84,0.2,43.04
ag_news,uncertainty_al,100,3,sentence_transformer_logreg,sentence-transformers/all-MiniLM-L6-v2,0.4685990061618657,0.499,low,Amazon Mechanical Turk,https://www.mturk.com/pricing,2026-07-12,0.04,0.002,4.0,0.2,4.2
ag_news,uncertainty_al,100,4,sentence_transformer_logreg,sentence-transformers/all-MiniLM-L6-v2,0.7401640556298998,0.746,base,Prolific,https://www.prolific.com/pricing,2026-07-12,0.0951999999999999,0.002,9.52,0.2,9.72
ag_news,uncertainty_al,100,4,sentence_transformer_logreg,sentence-transformers/all-MiniLM-L6-v2,0.7401640556298998,0.746,high,Prolific,https://www.prolific.com/pricing,2026-07-12,0.4283999999999999,0.002,42.84,0.2,43.04
ag_news,uncertainty_al,100,4,sentence_transformer_logreg,sentence-transformers/all-MiniLM-L6-v2,0.7401640556298998,0.746,low,Amazon Mechanical Turk,https://www.mturk.com/pricing,2026-07-12,0.04,0.002,4.0,0.2,4.2
ag_news,uncertainty_al,250,0,sentence_transformer_logreg,sentence-transformers/all-MiniLM-L6-v2,0.8173805969089111,0.821,base,Prolific,https://www.prolific.com/pricing,2026-07-12,0.0951999999999999,0.002,23.799999999999997,0.5,24.299999999999997
ag_news,uncertainty_al,250,0,sentence_transformer_logreg,sentence-transformers/all-MiniLM-L6-v2,0.8173805969089111,0.821,high,Prolific,https://www.prolific.com/pricing,2026-07-12,0.4283999999999999,0.002,107.09999999999998,0.5,107.59999999999998
ag_news,uncertainty_al,250,0,sentence_transformer_logreg,sentence-transformers/all-MiniLM-L6-v2,0.8173805969089111,0.821,low,Amazon Mechanical Turk,https://www.mturk.com/pricing,2026-07-12,0.04,0.002,10.0,0.5,10.5
ag_news,uncertainty_al,250,1,sentence_transformer_logreg,sentence-transformers/all-MiniLM-L6-v2,0.7474997999491817,0.765,base,Prolific,https://www.prolific.com/pricing,2026-07-12,0.0951999999999999,0.002,23.799999999999997,0.5,24.299999999999997
ag_news,uncertainty_al,250,1,sentence_transformer_logreg,sentence-transformers/all-MiniLM-L6-v2,0.7474997999491817,0.765,high,Prolific,https://www.prolific.com/pricing,2026-07-12,0.4283999999999999,0.002,107.09999999999998,0.5,107.59999999999998
ag_news,uncertainty_al,250,1,sentence_transformer_logreg,sentence-transformers/all-MiniLM-L6-v2,0.7474997999491817,0.765,low,Amazon Mechanical Turk,https://www.mturk.com/pricing,2026-07-12,0.04,0.002,10.0,0.5,10.5
ag_news,uncertainty_al,250,2,sentence_transformer_logreg,sentence-transformers/all-MiniLM-L6-v2,0.7718845142343889,0.78,base,Prolific,https://www.prolific.com/pricing,2026-07-12,0.0951999999999999,0.002,23.799999999999997,0.5,24.299999999999997
ag_news,uncertainty_al,250,2,sentence_transformer_logreg,sentence-transformers/all-MiniLM-L6-v2,0.7718845142343889,0.78,high,Prolific,https://www.prolific.com/pricing,2026-07-12,0.4283999999999999,0.002,107.09999999999998,0.5,107.59999999999998
ag_news,uncertainty_al,250,2,sentence_transformer_logreg,sentence-transformers/all-MiniLM-L6-v2,0.7718845142343889,0.78,low,Amazon Mechanical Turk,https://www.mturk.com/pricing,2026-07-12,0.04,0.002,10.0,0.5,10.5
ag_news,uncertainty_al,250,3,sentence_transformer_logreg,sentence-transformers/all-MiniLM-L6-v2,0.8266259724190184,0.827,base,Prolific,https://www.prolific.com/pricing,2026-07-12,0.0951999999999999,0.002,23.799999999999997,0.5,24.299999999999997
ag_news,uncertainty_al,250,3,sentence_transformer_logreg,sentence-transformers/all-MiniLM-L6-v2,0.8266259724190184,0.827,high,Prolific,https://www.prolific.com/pricing,2026-07-12,0.4283999999999999,0.002,107.09999999999998,0.5,107.59999999999998
ag_news,uncertainty_al,250,3,sentence_transformer_logreg,sentence-transformers/all-MiniLM-L6-v2,0.8266259724190184,0.827,low,Amazon Mechanical Turk,https://www.mturk.com/pricing,2026-07-12,0.04,0.002,10.0,0.5,10.5
ag_news,uncertainty_al,250,4,sentence_transformer_logreg,sentence-transformers/all-MiniLM-L6-v2,0.8173327853648813,0.816,base,Prolific,https://www.prolific.com/pricing,2026-07-12,0.0951999999999999,0.002,23.799999999999997,0.5,24.299999999999997
ag_news,uncertainty_al,250,4,sentence_transformer_logreg,sentence-transformers/all-MiniLM-L6-v2,0.8173327853648813,0.816,high,Prolific,https://www.prolific.com/pricing,2026-07-12,0.4283999999999999,0.002,107.09999999999998,0.5,107.59999999999998
ag_news,uncertainty_al,250,4,sentence_transformer_logreg,sentence-transformers/all-MiniLM-L6-v2,0.8173327853648813,0.816,low,Amazon Mechanical Turk,https://www.mturk.com/pricing,2026-07-12,0.04,0.002,10.0,0.5,10.5
ag_news,uncertainty_al,500,0,sentence_transformer_logreg,sentence-transformers/all-MiniLM-L6-v2,0.8382974757239979,0.839,base,Prolific,https://www.prolific.com/pricing,2026-07-12,0.0951999999999999,0.002,47.599999999999994,1.0,48.599999999999994
ag_news,uncertainty_al,500,0,sentence_transformer_logreg,sentence-transformers/all-MiniLM-L6-v2,0.8382974757239979,0.839,high,Prolific,https://www.prolific.com/pricing,2026-07-12,0.4283999999999999,0.002,214.19999999999996,1.0,215.19999999999996
ag_news,uncertainty_al,500,0,sentence_transformer_logreg,sentence-transformers/all-MiniLM-L6-v2,0.8382974757239979,0.839,low,Amazon Mechanical Turk,https://www.mturk.com/pricing,2026-07-12,0.04,0.002,20.0,1.0,21.0
ag_news,uncertainty_al,500,1,sentence_transformer_logreg,sentence-transformers/all-MiniLM-L6-v2,0.8251637939704229,0.827,base,Prolific,https://www.prolific.com/pricing,2026-07-12,0.0951999999999999,0.002,47.599999999999994,1.0,48.599999999999994
ag_news,uncertainty_al,500,1,sentence_transformer_logreg,sentence-transformers/all-MiniLM-L6-v2,0.8251637939704229,0.827,high,Prolific,https://www.prolific.com/pricing,2026-07-12,0.4283999999999999,0.002,214.19999999999996,1.0,215.19999999999996
ag_news,uncertainty_al,500,1,sentence_transformer_logreg,sentence-transformers/all-MiniLM-L6-v2,0.8251637939704229,0.827,low,Amazon Mechanical Turk,https://www.mturk.com/pricing,2026-07-12,0.04,0.002,20.0,1.0,21.0
ag_news,uncertainty_al,500,2,sentence_transformer_logreg,sentence-transformers/all-MiniLM-L6-v2,0.8322070998025859,0.833,base,Prolific,https://www.prolific.com/pricing,2026-07-12,0.0951999999999999,0.002,47.599999999999994,1.0,48.599999999999994
ag_news,uncertainty_al,500,2,sentence_transformer_logreg,sentence-transformers/all-MiniLM-L6-v2,0.8322070998025859,0.833,high,Prolific,https://www.prolific.com/pricing,2026-07-12,0.4283999999999999,0.002,214.19999999999996,1.0,215.19999999999996
ag_news,uncertainty_al,500,2,sentence_transformer_logreg,sentence-transformers/all-MiniLM-L6-v2,0.8322070998025859,0.833,low,Amazon Mechanical Turk,https://www.mturk.com/pricing,2026-07-12,0.04,0.002,20.0,1.0,21.0
ag_news,uncertainty_al,500,3,sentence_transformer_logreg,sentence-transformers/all-MiniLM-L6-v2,0.8314005272510329,0.832,base,Prolific,https://www.prolific.com/pricing,2026-07-12,0.0951999999999999,0.002,47.599999999999994,1.0,48.599999999999994
ag_news,uncertainty_al,500,3,sentence_transformer_logreg,sentence-transformers/all-MiniLM-L6-v2,0.8314005272510329,0.832,high,Prolific,https://www.prolific.com/pricing,2026-07-12,0.4283999999999999,0.002,214.19999999999996,1.0,215.19999999999996
ag_news,uncertainty_al,500,3,sentence_transformer_logreg,sentence-transformers/all-MiniLM-L6-v2,0.8314005272510329,0.832,low,Amazon Mechanical Turk,https://www.mturk.com/pricing,2026-07-12,0.04,0.002,20.0,1.0,21.0
ag_news,uncertainty_al,500,4,sentence_transformer_logreg,sentence-transformers/all-MiniLM-L6-v2,0.835553018197241,0.835,base,Prolific,https://www.prolific.com/pricing,2026-07-12,0.0951999999999999,0.002,47.599999999999994,1.0,48.599999999999994
ag_news,uncertainty_al,500,4,sentence_transformer_logreg,sentence-transformers/all-MiniLM-L6-v2,0.835553018197241,0.835,high,Prolific,https://www.prolific.com/pricing,2026-07-12,0.4283999999999999,0.002,214.19999999999996,1.0,215.19999999999996
ag_news,uncertainty_al,500,4,sentence_transformer_logreg,sentence-transformers/all-MiniLM-L6-v2,0.835553018197241,0.835,low,Amazon Mechanical Turk,https://www.mturk.com/pricing,2026-07-12,0.04,0.002,20.0,1.0,21.0
ag_news,uncertainty_al,1000,0,sentence_transformer_logreg,sentence-transformers/all-MiniLM-L6-v2,0.8491587396152405,0.849,base,Prolific,https://www.prolific.com/pricing,2026-07-12,0.0951999999999999,0.002,95.2,2.0,97.2
ag_news,uncertainty_al,1000,0,sentence_transformer_logreg,sentence-transformers/all-MiniLM-L6-v2,0.8491587396152405,0.849,high,Prolific,https://www.prolific.com/pricing,2026-07-12,0.4283999999999999,0.002,428.3999999999999,2.0,430.3999999999999
ag_news,uncertainty_al,1000,0,sentence_transformer_logreg,sentence-transformers/all-MiniLM-L6-v2,0.8491587396152405,0.849,low,Amazon Mechanical Turk,https://www.mturk.com/pricing,2026-07-12,0.04,0.002,40.0,2.0,42.0
ag_news,uncertainty_al,1000,1,sentence_transformer_logreg,sentence-transformers/all-MiniLM-L6-v2,0.8413924515326425,0.842,base,Prolific,https://www.prolific.com/pricing,2026-07-12,0.0951999999999999,0.002,95.2,2.0,97.2
ag_news,uncertainty_al,1000,1,sentence_transformer_logreg,sentence-transformers/all-MiniLM-L6-v2,0.8413924515326425,0.842,high,Prolific,https://www.prolific.com/pricing,2026-07-12,0.4283999999999999,0.002,428.3999999999999,2.0,430.3999999999999
ag_news,uncertainty_al,1000,1,sentence_transformer_logreg,sentence-transformers/all-MiniLM-L6-v2,0.8413924515326425,0.842,low,Amazon Mechanical Turk,https://www.mturk.com/pricing,2026-07-12,0.04,0.002,40.0,2.0,42.0
ag_news,uncertainty_al,1000,2,sentence_transformer_logreg,sentence-transformers/all-MiniLM-L6-v2,0.8570177186996257,0.857,base,Prolific,https://www.prolific.com/pricing,2026-07-12,0.0951999999999999,0.002,95.2,2.0,97.2
ag_news,uncertainty_al,1000,2,sentence_transformer_logreg,sentence-transformers/all-MiniLM-L6-v2,0.8570177186996257,0.857,high,Prolific,https://www.prolific.com/pricing,2026-07-12,0.4283999999999999,0.002,428.3999999999999,2.0,430.3999999999999
ag_news,uncertainty_al,1000,2,sentence_transformer_logreg,sentence-transformers/all-MiniLM-L6-v2,0.8570177186996257,0.857,low,Amazon Mechanical Turk,https://www.mturk.com/pricing,2026-07-12,0.04,0.002,40.0,2.0,42.0
ag_news,uncertainty_al,1000,3,sentence_transformer_logreg,sentence-transformers/all-MiniLM-L6-v2,0.8549598474463421,0.855,base,Prolific,https://www.prolific.com/pricing,2026-07-12,0.0951999999999999,0.002,95.2,2.0,97.2
ag_news,uncertainty_al,1000,3,sentence_transformer_logreg,sentence-transformers/all-MiniLM-L6-v2,0.8549598474463421,0.855,high,Prolific,https://www.prolific.com/pricing,2026-07-12,0.4283999999999999,0.002,428.3999999999999,2.0,430.3999999999999
ag_news,uncertainty_al,1000,3,sentence_transformer_logreg,sentence-transformers/all-MiniLM-L6-v2,0.8549598474463421,0.855,low,Amazon Mechanical Turk,https://www.mturk.com/pricing,2026-07-12,0.04,0.002,40.0,2.0,42.0
ag_news,uncertainty_al,1000,4,sentence_transformer_logreg,sentence-transformers/all-MiniLM-L6-v2,0.8471276703156769,0.847,base,Prolific,https://www.prolific.com/pricing,2026-07-12,0.0951999999999999,0.002,95.2,2.0,97.2
ag_news,uncertainty_al,1000,4,sentence_transformer_logreg,sentence-transformers/all-MiniLM-L6-v2,0.8471276703156769,0.847,high,Prolific,https://www.prolific.com/pricing,2026-07-12,0.4283999999999999,0.002,428.3999999999999,2.0,430.3999999999999
ag_news,uncertainty_al,1000,4,sentence_transformer_logreg,sentence-transformers/all-MiniLM-L6-v2,0.8471276703156769,0.847,low,Amazon Mechanical Turk,https://www.mturk.com/pricing,2026-07-12,0.04,0.002,40.0,2.0,42.0
banking77,diversity_al,50,0,sentence_transformer_logreg,sentence-transformers/all-MiniLM-L6-v2,0.0487541062097166,0.146,base,Prolific,https://www.prolific.com/pricing,2026-07-12,0.0951999999999999,0.003,4.76,0.15,4.91
banking77,diversity_al,50,0,sentence_transformer_logreg,sentence-transformers/all-MiniLM-L6-v2,0.0487541062097166,0.146,high,Prolific,https://www.prolific.com/pricing,2026-07-12,0.4283999999999999,0.003,21.42,0.15,21.569999999999997
banking77,diversity_al,50,0,sentence_transformer_logreg,sentence-transformers/all-MiniLM-L6-v2,0.0487541062097166,0.146,low,Amazon Mechanical Turk,https://www.mturk.com/pricing,2026-07-12,0.04,0.003,2.0,0.15,2.15
banking77,diversity_al,50,1,sentence_transformer_logreg,sentence-transformers/all-MiniLM-L6-v2,0.0489669504920356,0.11,base,Prolific,https://www.prolific.com/pricing,2026-07-12,0.0951999999999999,0.003,4.76,0.15,4.91
banking77,diversity_al,50,1,sentence_transformer_logreg,sentence-transformers/all-MiniLM-L6-v2,0.0489669504920356,0.11,high,Prolific,https://www.prolific.com/pricing,2026-07-12,0.4283999999999999,0.003,21.42,0.15,21.569999999999997
banking77,diversity_al,50,1,sentence_transformer_logreg,sentence-transformers/all-MiniLM-L6-v2,0.0489669504920356,0.11,low,Amazon Mechanical Turk,https://www.mturk.com/pricing,2026-07-12,0.04,0.003,2.0,0.15,2.15
banking77,diversity_al,50,2,sentence_transformer_logreg,sentence-transformers/all-MiniLM-L6-v2,0.0482901862094308,0.149,base,Prolific,https://www.prolific.com/pricing,2026-07-12,0.0951999999999999,0.003,4.76,0.15,4.91
banking77,diversity_al,50,2,sentence_transformer_logreg,sentence-transformers/all-MiniLM-L6-v2,0.0482901862094308,0.149,high,Prolific,https://www.prolific.com/pricing,2026-07-12,0.4283999999999999,0.003,21.42,0.15,21.569999999999997
banking77,diversity_al,50,2,sentence_transformer_logreg,sentence-transformers/all-MiniLM-L6-v2,0.0482901862094308,0.149,low,Amazon Mechanical Turk,https://www.mturk.com/pricing,2026-07-12,0.04,0.003,2.0,0.15,2.15
banking77,diversity_al,50,3,sentence_transformer_logreg,sentence-transformers/all-MiniLM-L6-v2,0.0506462539240236,0.138,base,Prolific,https://www.prolific.com/pricing,2026-07-12,0.0951999999999999,0.003,4.76,0.15,4.91
banking77,diversity_al,50,3,sentence_transformer_logreg,sentence-transformers/all-MiniLM-L6-v2,0.0506462539240236,0.138,high,Prolific,https://www.prolific.com/pricing,2026-07-12,0.4283999999999999,0.003,21.42,0.15,21.569999999999997
banking77,diversity_al,50,3,sentence_transformer_logreg,sentence-transformers/all-MiniLM-L6-v2,0.0506462539240236,0.138,low,Amazon Mechanical Turk,https://www.mturk.com/pricing,2026-07-12,0.04,0.003,2.0,0.15,2.15
banking77,diversity_al,50,4,sentence_transformer_logreg,sentence-transformers/all-MiniLM-L6-v2,0.0501854554719344,0.097,base,Prolific,https://www.prolific.com/pricing,2026-07-12,0.0951999999999999,0.003,4.76,0.15,4.91
banking77,diversity_al,50,4,sentence_transformer_logreg,sentence-transformers/all-MiniLM-L6-v2,0.0501854554719344,0.097,high,Prolific,https://www.prolific.com/pricing,2026-07-12,0.4283999999999999,0.003,21.42,0.15,21.569999999999997
banking77,diversity_al,50,4,sentence_transformer_logreg,sentence-transformers/all-MiniLM-L6-v2,0.0501854554719344,0.097,low,Amazon Mechanical Turk,https://www.mturk.com/pricing,2026-07-12,0.04,0.003,2.0,0.15,2.15
banking77,diversity_al,100,0,sentence_transformer_logreg,sentence-transformers/all-MiniLM-L6-v2,0.1205261764148722,0.206,base,Prolific,https://www.prolific.com/pricing,2026-07-12,0.0951999999999999,0.003,9.52,0.3,9.82
banking77,diversity_al,100,0,sentence_transformer_logreg,sentence-transformers/all-MiniLM-L6-v2,0.1205261764148722,0.206,high,Prolific,https://www.prolific.com/pricing,2026-07-12,0.4283999999999999,0.003,42.84,0.3,43.13999999999999
banking77,diversity_al,100,0,sentence_transformer_logreg,sentence-transformers/all-MiniLM-L6-v2,0.1205261764148722,0.206,low,Amazon Mechanical Turk,https://www.mturk.com/pricing,2026-07-12,0.04,0.003,4.0,0.3,4.3
banking77,diversity_al,100,1,sentence_transformer_logreg,sentence-transformers/all-MiniLM-L6-v2,0.1352531899807116,0.203,base,Prolific,https://www.prolific.com/pricing,2026-07-12,0.0951999999999999,0.003,9.52,0.3,9.82
banking77,diversity_al,100,1,sentence_transformer_logreg,sentence-transformers/all-MiniLM-L6-v2,0.1352531899807116,0.203,high,Prolific,https://www.prolific.com/pricing,2026-07-12,0.4283999999999999,0.003,42.84,0.3,43.13999999999999
banking77,diversity_al,100,1,sentence_transformer_logreg,sentence-transformers/all-MiniLM-L6-v2,0.1352531899807116,0.203,low,Amazon Mechanical Turk,https://www.mturk.com/pricing,2026-07-12,0.04,0.003,4.0,0.3,4.3
banking77,diversity_al,100,2,sentence_transformer_logreg,sentence-transformers/all-MiniLM-L6-v2,0.105973575408587,0.168,base,Prolific,https://www.prolific.com/pricing,2026-07-12,0.0951999999999999,0.003,9.52,0.3,9.82
banking77,diversity_al,100,2,sentence_transformer_logreg,sentence-transformers/all-MiniLM-L6-v2,0.105973575408587,0.168,high,Prolific,https://www.prolific.com/pricing,2026-07-12,0.4283999999999999,0.003,42.84,0.3,43.13999999999999
banking77,diversity_al,100,2,sentence_transformer_logreg,sentence-transformers/all-MiniLM-L6-v2,0.105973575408587,0.168,low,Amazon Mechanical Turk,https://www.mturk.com/pricing,2026-07-12,0.04,0.003,4.0,0.3,4.3
banking77,diversity_al,100,3,sentence_transformer_logreg,sentence-transformers/all-MiniLM-L6-v2,0.0922861387476216,0.161,base,Prolific,https://www.prolific.com/pricing,2026-07-12,0.0951999999999999,0.003,9.52,0.3,9.82
banking77,diversity_al,100,3,sentence_transformer_logreg,sentence-transformers/all-MiniLM-L6-v2,0.0922861387476216,0.161,high,Prolific,https://www.prolific.com/pricing,2026-07-12,0.4283999999999999,0.003,42.84,0.3,43.13999999999999
banking77,diversity_al,100,3,sentence_transformer_logreg,sentence-transformers/all-MiniLM-L6-v2,0.0922861387476216,0.161,low,Amazon Mechanical Turk,https://www.mturk.com/pricing,2026-07-12,0.04,0.003,4.0,0.3,4.3
banking77,diversity_al,100,4,sentence_transformer_logreg,sentence-transformers/all-MiniLM-L6-v2,0.1227256975615906,0.202,base,Prolific,https://www.prolific.com/pricing,2026-07-12,0.0951999999999999,0.003,9.52,0.3,9.82
banking77,diversity_al,100,4,sentence_transformer_logreg,sentence-transformers/all-MiniLM-L6-v2,0.1227256975615906,0.202,high,Prolific,https://www.prolific.com/pricing,2026-07-12,0.4283999999999999,0.003,42.84,0.3,43.13999999999999
banking77,diversity_al,100,4,sentence_transformer_logreg,sentence-transformers/all-MiniLM-L6-v2,0.1227256975615906,0.202,low,Amazon Mechanical Turk,https://www.mturk.com/pricing,2026-07-12,0.04,0.003,4.0,0.3,4.3
banking77,diversity_al,250,0,sentence_transformer_logreg,sentence-transformers/all-MiniLM-L6-v2,0.2248521762325123,0.292,base,Prolific,https://www.prolific.com/pricing,2026-07-12,0.0951999999999999,0.003,23.799999999999997,0.75,24.549999999999997
banking77,diversity_al,250,0,sentence_transformer_logreg,sentence-transformers/all-MiniLM-L6-v2,0.2248521762325123,0.292,high,Prolific,https://www.prolific.com/pricing,2026-07-12,0.4283999999999999,0.003,107.09999999999998,0.75,107.84999999999998
banking77,diversity_al,250,0,sentence_transformer_logreg,sentence-transformers/all-MiniLM-L6-v2,0.2248521762325123,0.292,low,Amazon Mechanical Turk,https://www.mturk.com/pricing,2026-07-12,0.04,0.003,10.0,0.75,10.75
banking77,diversity_al,250,1,sentence_transformer_logreg,sentence-transformers/all-MiniLM-L6-v2,0.273266405954921,0.354,base,Prolific,https://www.prolific.com/pricing,2026-07-12,0.0951999999999999,0.003,23.799999999999997,0.75,24.549999999999997
banking77,diversity_al,250,1,sentence_transformer_logreg,sentence-transformers/all-MiniLM-L6-v2,0.273266405954921,0.354,high,Prolific,https://www.prolific.com/pricing,2026-07-12,0.4283999999999999,0.003,107.09999999999998,0.75,107.84999999999998
banking77,diversity_al,250,1,sentence_transformer_logreg,sentence-transformers/all-MiniLM-L6-v2,0.273266405954921,0.354,low,Amazon Mechanical Turk,https://www.mturk.com/pricing,2026-07-12,0.04,0.003,10.0,0.75,10.75
banking77,diversity_al,250,2,sentence_transformer_logreg,sentence-transformers/all-MiniLM-L6-v2,0.2249007211238585,0.302,base,Prolific,https://www.prolific.com/pricing,2026-07-12,0.0951999999999999,0.003,23.799999999999997,0.75,24.549999999999997
banking77,diversity_al,250,2,sentence_transformer_logreg,sentence-transformers/all-MiniLM-L6-v2,0.2249007211238585,0.302,high,Prolific,https://www.prolific.com/pricing,2026-07-12,0.4283999999999999,0.003,107.09999999999998,0.75,107.84999999999998
banking77,diversity_al,250,2,sentence_transformer_logreg,sentence-transformers/all-MiniLM-L6-v2,0.2249007211238585,0.302,low,Amazon Mechanical Turk,https://www.mturk.com/pricing,2026-07-12,0.04,0.003,10.0,0.75,10.75
banking77,diversity_al,250,3,sentence_transformer_logreg,sentence-transformers/all-MiniLM-L6-v2,0.2491716962141263,0.327,base,Prolific,https://www.prolific.com/pricing,2026-07-12,0.0951999999999999,0.003,23.799999999999997,0.75,24.549999999999997
banking77,diversity_al,250,3,sentence_transformer_logreg,sentence-transformers/all-MiniLM-L6-v2,0.2491716962141263,0.327,high,Prolific,https://www.prolific.com/pricing,2026-07-12,0.4283999999999999,0.003,107.09999999999998,0.75,107.84999999999998
banking77,diversity_al,250,3,sentence_transformer_logreg,sentence-transformers/all-MiniLM-L6-v2,0.2491716962141263,0.327,low,Amazon Mechanical Turk,https://www.mturk.com/pricing,2026-07-12,0.04,0.003,10.0,0.75,10.75
banking77,diversity_al,250,4,sentence_transformer_logreg,sentence-transformers/all-MiniLM-L6-v2,0.2613068754750751,0.353,base,Prolific,https://www.prolific.com/pricing,2026-07-12,0.0951999999999999,0.003,23.799999999999997,0.75,24.549999999999997
banking77,diversity_al,250,4,sentence_transformer_logreg,sentence-transformers/all-MiniLM-L6-v2,0.2613068754750751,0.353,high,Prolific,https://www.prolific.com/pricing,2026-07-12,0.4283999999999999,0.003,107.09999999999998,0.75,107.84999999999998
banking77,diversity_al,250,4,sentence_transformer_logreg,sentence-transformers/all-MiniLM-L6-v2,0.2613068754750751,0.353,low,Amazon Mechanical Turk,https://www.mturk.com/pricing,2026-07-12,0.04,0.003,10.0,0.75,10.75
banking77,diversity_al,500,0,sentence_transformer_logreg,sentence-transformers/all-MiniLM-L6-v2,0.417069664624593,0.484,base,Prolific,https://www.prolific.com/pricing,2026-07-12,0.0951999999999999,0.003,47.599999999999994,1.5,49.099999999999994
banking77,diversity_al,500,0,sentence_transformer_logreg,sentence-transformers/all-MiniLM-L6-v2,0.417069664624593,0.484,high,Prolific,https://www.prolific.com/pricing,2026-07-12,0.4283999999999999,0.003,214.19999999999996,1.5,215.69999999999996
banking77,diversity_al,500,0,sentence_transformer_logreg,sentence-transformers/all-MiniLM-L6-v2,0.417069664624593,0.484,low,Amazon Mechanical Turk,https://www.mturk.com/pricing,2026-07-12,0.04,0.003,20.0,1.5,21.5
banking77,diversity_al,500,1,sentence_transformer_logreg,sentence-transformers/all-MiniLM-L6-v2,0.4627250551690312,0.522,base,Prolific,https://www.prolific.com/pricing,2026-07-12,0.0951999999999999,0.003,47.599999999999994,1.5,49.099999999999994
banking77,diversity_al,500,1,sentence_transformer_logreg,sentence-transformers/all-MiniLM-L6-v2,0.4627250551690312,0.522,high,Prolific,https://www.prolific.com/pricing,2026-07-12,0.4283999999999999,0.003,214.19999999999996,1.5,215.69999999999996
banking77,diversity_al,500,1,sentence_transformer_logreg,sentence-transformers/all-MiniLM-L6-v2,0.4627250551690312,0.522,low,Amazon Mechanical Turk,https://www.mturk.com/pricing,2026-07-12,0.04,0.003,20.0,1.5,21.5
banking77,diversity_al,500,2,sentence_transformer_logreg,sentence-transformers/all-MiniLM-L6-v2,0.4297364311355199,0.502,base,Prolific,https://www.prolific.com/pricing,2026-07-12,0.0951999999999999,0.003,47.599999999999994,1.5,49.099999999999994
banking77,diversity_al,500,2,sentence_transformer_logreg,sentence-transformers/all-MiniLM-L6-v2,0.4297364311355199,0.502,high,Prolific,https://www.prolific.com/pricing,2026-07-12,0.4283999999999999,0.003,214.19999999999996,1.5,215.69999999999996
banking77,diversity_al,500,2,sentence_transformer_logreg,sentence-transformers/all-MiniLM-L6-v2,0.4297364311355199,0.502,low,Amazon Mechanical Turk,https://www.mturk.com/pricing,2026-07-12,0.04,0.003,20.0,1.5,21.5
banking77,diversity_al,500,3,sentence_transformer_logreg,sentence-transformers/all-MiniLM-L6-v2,0.4462407992894436,0.507,base,Prolific,https://www.prolific.com/pricing,2026-07-12,0.0951999999999999,0.003,47.599999999999994,1.5,49.099999999999994
banking77,diversity_al,500,3,sentence_transformer_logreg,sentence-transformers/all-MiniLM-L6-v2,0.4462407992894436,0.507,high,Prolific,https://www.prolific.com/pricing,2026-07-12,0.4283999999999999,0.003,214.19999999999996,1.5,215.69999999999996
banking77,diversity_al,500,3,sentence_transformer_logreg,sentence-transformers/all-MiniLM-L6-v2,0.4462407992894436,0.507,low,Amazon Mechanical Turk,https://www.mturk.com/pricing,2026-07-12,0.04,0.003,20.0,1.5,21.5
banking77,diversity_al,500,4,sentence_transformer_logreg,sentence-transformers/all-MiniLM-L6-v2,0.4240413142612603,0.494,base,Prolific,https://www.prolific.com/pricing,2026-07-12,0.0951999999999999,0.003,47.599999999999994,1.5,49.099999999999994
banking77,diversity_al,500,4,sentence_transformer_logreg,sentence-transformers/all-MiniLM-L6-v2,0.4240413142612603,0.494,high,Prolific,https://www.prolific.com/pricing,2026-07-12,0.4283999999999999,0.003,214.19999999999996,1.5,215.69999999999996
banking77,diversity_al,500,4,sentence_transformer_logreg,sentence-transformers/all-MiniLM-L6-v2,0.4240413142612603,0.494,low,Amazon Mechanical Turk,https://www.mturk.com/pricing,2026-07-12,0.04,0.003,20.0,1.5,21.5
banking77,diversity_al,1000,0,sentence_transformer_logreg,sentence-transformers/all-MiniLM-L6-v2,0.7360944672659336,0.76,base,Prolific,https://www.prolific.com/pricing,2026-07-12,0.0951999999999999,0.003,95.2,3.0,98.2
banking77,diversity_al,1000,0,sentence_transformer_logreg,sentence-transformers/all-MiniLM-L6-v2,0.7360944672659336,0.76,high,Prolific,https://www.prolific.com/pricing,2026-07-12,0.4283999999999999,0.003,428.3999999999999,3.0,431.3999999999999
banking77,diversity_al,1000,0,sentence_transformer_logreg,sentence-transformers/all-MiniLM-L6-v2,0.7360944672659336,0.76,low,Amazon Mechanical Turk,https://www.mturk.com/pricing,2026-07-12,0.04,0.003,40.0,3.0,43.0
banking77,diversity_al,1000,1,sentence_transformer_logreg,sentence-transformers/all-MiniLM-L6-v2,0.7287633501098156,0.755,base,Prolific,https://www.prolific.com/pricing,2026-07-12,0.0951999999999999,0.003,95.2,3.0,98.2
banking77,diversity_al,1000,1,sentence_transformer_logreg,sentence-transformers/all-MiniLM-L6-v2,0.7287633501098156,0.755,high,Prolific,https://www.prolific.com/pricing,2026-07-12,0.4283999999999999,0.003,428.3999999999999,3.0,431.3999999999999
banking77,diversity_al,1000,1,sentence_transformer_logreg,sentence-transformers/all-MiniLM-L6-v2,0.7287633501098156,0.755,low,Amazon Mechanical Turk,https://www.mturk.com/pricing,2026-07-12,0.04,0.003,40.0,3.0,43.0
banking77,diversity_al,1000,2,sentence_transformer_logreg,sentence-transformers/all-MiniLM-L6-v2,0.7374045070029864,0.761,base,Prolific,https://www.prolific.com/pricing,2026-07-12,0.0951999999999999,0.003,95.2,3.0,98.2
banking77,diversity_al,1000,2,sentence_transformer_logreg,sentence-transformers/all-MiniLM-L6-v2,0.7374045070029864,0.761,high,Prolific,https://www.prolific.com/pricing,2026-07-12,0.4283999999999999,0.003,428.3999999999999,3.0,431.3999999999999
banking77,diversity_al,1000,2,sentence_transformer_logreg,sentence-transformers/all-MiniLM-L6-v2,0.7374045070029864,0.761,low,Amazon Mechanical Turk,https://www.mturk.com/pricing,2026-07-12,0.04,0.003,40.0,3.0,43.0
banking77,diversity_al,1000,3,sentence_transformer_logreg,sentence-transformers/all-MiniLM-L6-v2,0.731937826370224,0.756,base,Prolific,https://www.prolific.com/pricing,2026-07-12,0.0951999999999999,0.003,95.2,3.0,98.2
banking77,diversity_al,1000,3,sentence_transformer_logreg,sentence-transformers/all-MiniLM-L6-v2,0.731937826370224,0.756,high,Prolific,https://www.prolific.com/pricing,2026-07-12,0.4283999999999999,0.003,428.3999999999999,3.0,431.3999999999999
banking77,diversity_al,1000,3,sentence_transformer_logreg,sentence-transformers/all-MiniLM-L6-v2,0.731937826370224,0.756,low,Amazon Mechanical Turk,https://www.mturk.com/pricing,2026-07-12,0.04,0.003,40.0,3.0,43.0
banking77,diversity_al,1000,4,sentence_transformer_logreg,sentence-transformers/all-MiniLM-L6-v2,0.7307119216093236,0.756,base,Prolific,https://www.prolific.com/pricing,2026-07-12,0.0951999999999999,0.003,95.2,3.0,98.2
banking77,diversity_al,1000,4,sentence_transformer_logreg,sentence-transformers/all-MiniLM-L6-v2,0.7307119216093236,0.756,high,Prolific,https://www.prolific.com/pricing,2026-07-12,0.4283999999999999,0.003,428.3999999999999,3.0,431.3999999999999
banking77,diversity_al,1000,4,sentence_transformer_logreg,sentence-transformers/all-MiniLM-L6-v2,0.7307119216093236,0.756,low,Amazon Mechanical Turk,https://www.mturk.com/pricing,2026-07-12,0.04,0.003,40.0,3.0,43.0
banking77,hybrid_al,50,0,sentence_transformer_logreg,sentence-transformers/all-MiniLM-L6-v2,0.0540944036593806,0.09,base,Prolific,https://www.prolific.com/pricing,2026-07-12,0.0951999999999999,0.004,4.76,0.2,4.96
banking77,hybrid_al,50,0,sentence_transformer_logreg,sentence-transformers/all-MiniLM-L6-v2,0.0540944036593806,0.09,high,Prolific,https://www.prolific.com/pricing,2026-07-12,0.4283999999999999,0.004,21.42,0.2,21.619999999999997
banking77,hybrid_al,50,0,sentence_transformer_logreg,sentence-transformers/all-MiniLM-L6-v2,0.0540944036593806,0.09,low,Amazon Mechanical Turk,https://www.mturk.com/pricing,2026-07-12,0.04,0.004,2.0,0.2,2.2
banking77,hybrid_al,50,1,sentence_transformer_logreg,sentence-transformers/all-MiniLM-L6-v2,0.0533802377674421,0.101,base,Prolific,https://www.prolific.com/pricing,2026-07-12,0.0951999999999999,0.004,4.76,0.2,4.96
banking77,hybrid_al,50,1,sentence_transformer_logreg,sentence-transformers/all-MiniLM-L6-v2,0.0533802377674421,0.101,high,Prolific,https://www.prolific.com/pricing,2026-07-12,0.4283999999999999,0.004,21.42,0.2,21.619999999999997
banking77,hybrid_al,50,1,sentence_transformer_logreg,sentence-transformers/all-MiniLM-L6-v2,0.0533802377674421,0.101,low,Amazon Mechanical Turk,https://www.mturk.com/pricing,2026-07-12,0.04,0.004,2.0,0.2,2.2
banking77,hybrid_al,50,2,sentence_transformer_logreg,sentence-transformers/all-MiniLM-L6-v2,0.0629887980285724,0.103,base,Prolific,https://www.prolific.com/pricing,2026-07-12,0.0951999999999999,0.004,4.76,0.2,4.96
banking77,hybrid_al,50,2,sentence_transformer_logreg,sentence-transformers/all-MiniLM-L6-v2,0.0629887980285724,0.103,high,Prolific,https://www.prolific.com/pricing,2026-07-12,0.4283999999999999,0.004,21.42,0.2,21.619999999999997
banking77,hybrid_al,50,2,sentence_transformer_logreg,sentence-transformers/all-MiniLM-L6-v2,0.0629887980285724,0.103,low,Amazon Mechanical Turk,https://www.mturk.com/pricing,2026-07-12,0.04,0.004,2.0,0.2,2.2
banking77,hybrid_al,50,3,sentence_transformer_logreg,sentence-transformers/all-MiniLM-L6-v2,0.0571882363468447,0.116,base,Prolific,https://www.prolific.com/pricing,2026-07-12,0.0951999999999999,0.004,4.76,0.2,4.96
banking77,hybrid_al,50,3,sentence_transformer_logreg,sentence-transformers/all-MiniLM-L6-v2,0.0571882363468447,0.116,high,Prolific,https://www.prolific.com/pricing,2026-07-12,0.4283999999999999,0.004,21.42,0.2,21.619999999999997
banking77,hybrid_al,50,3,sentence_transformer_logreg,sentence-transformers/all-MiniLM-L6-v2,0.0571882363468447,0.116,low,Amazon Mechanical Turk,https://www.mturk.com/pricing,2026-07-12,0.04,0.004,2.0,0.2,2.2
banking77,hybrid_al,50,4,sentence_transformer_logreg,sentence-transformers/all-MiniLM-L6-v2,0.0388508676499106,0.086,base,Prolific,https://www.prolific.com/pricing,2026-07-12,0.0951999999999999,0.004,4.76,0.2,4.96
banking77,hybrid_al,50,4,sentence_transformer_logreg,sentence-transformers/all-MiniLM-L6-v2,0.0388508676499106,0.086,high,Prolific,https://www.prolific.com/pricing,2026-07-12,0.4283999999999999,0.004,21.42,0.2,21.619999999999997
banking77,hybrid_al,50,4,sentence_transformer_logreg,sentence-transformers/all-MiniLM-L6-v2,0.0388508676499106,0.086,low,Amazon Mechanical Turk,https://www.mturk.com/pricing,2026-07-12,0.04,0.004,2.0,0.2,2.2
banking77,hybrid_al,100,0,sentence_transformer_logreg,sentence-transformers/all-MiniLM-L6-v2,0.1385681813082232,0.223,base,Prolific,https://www.prolific.com/pricing,2026-07-12,0.0951999999999999,0.004,9.52,0.4,9.92
banking77,hybrid_al,100,0,sentence_transformer_logreg,sentence-transformers/all-MiniLM-L6-v2,0.1385681813082232,0.223,high,Prolific,https://www.prolific.com/pricing,2026-07-12,0.4283999999999999,0.004,42.84,0.4,43.239999999999995
banking77,hybrid_al,100,0,sentence_transformer_logreg,sentence-transformers/all-MiniLM-L6-v2,0.1385681813082232,0.223,low,Amazon Mechanical Turk,https://www.mturk.com/pricing,2026-07-12,0.04,0.004,4.0,0.4,4.4
banking77,hybrid_al,100,1,sentence_transformer_logreg,sentence-transformers/all-MiniLM-L6-v2,0.1294935160930131,0.184,base,Prolific,https://www.prolific.com/pricing,2026-07-12,0.0951999999999999,0.004,9.52,0.4,9.92
banking77,hybrid_al,100,1,sentence_transformer_logreg,sentence-transformers/all-MiniLM-L6-v2,0.1294935160930131,0.184,high,Prolific,https://www.prolific.com/pricing,2026-07-12,0.4283999999999999,0.004,42.84,0.4,43.239999999999995
banking77,hybrid_al,100,1,sentence_transformer_logreg,sentence-transformers/all-MiniLM-L6-v2,0.1294935160930131,0.184,low,Amazon Mechanical Turk,https://www.mturk.com/pricing,2026-07-12,0.04,0.004,4.0,0.4,4.4
banking77,hybrid_al,100,2,sentence_transformer_logreg,sentence-transformers/all-MiniLM-L6-v2,0.1068765357387817,0.146,base,Prolific,https://www.prolific.com/pricing,2026-07-12,0.0951999999999999,0.004,9.52,0.4,9.92
banking77,hybrid_al,100,2,sentence_transformer_logreg,sentence-transformers/all-MiniLM-L6-v2,0.1068765357387817,0.146,high,Prolific,https://www.prolific.com/pricing,2026-07-12,0.4283999999999999,0.004,42.84,0.4,43.239999999999995
banking77,hybrid_al,100,2,sentence_transformer_logreg,sentence-transformers/all-MiniLM-L6-v2,0.1068765357387817,0.146,low,Amazon Mechanical Turk,https://www.mturk.com/pricing,2026-07-12,0.04,0.004,4.0,0.4,4.4
banking77,hybrid_al,100,3,sentence_transformer_logreg,sentence-transformers/all-MiniLM-L6-v2,0.095595999485491,0.14,base,Prolific,https://www.prolific.com/pricing,2026-07-12,0.0951999999999999,0.004,9.52,0.4,9.92
banking77,hybrid_al,100,3,sentence_transformer_logreg,sentence-transformers/all-MiniLM-L6-v2,0.095595999485491,0.14,high,Prolific,https://www.prolific.com/pricing,2026-07-12,0.4283999999999999,0.004,42.84,0.4,43.239999999999995
banking77,hybrid_al,100,3,sentence_transformer_logreg,sentence-transformers/all-MiniLM-L6-v2,0.095595999485491,0.14,low,Amazon Mechanical Turk,https://www.mturk.com/pricing,2026-07-12,0.04,0.004,4.0,0.4,4.4
banking77,hybrid_al,100,4,sentence_transformer_logreg,sentence-transformers/all-MiniLM-L6-v2,0.1012499040092059,0.177,base,Prolific,https://www.prolific.com/pricing,2026-07-12,0.0951999999999999,0.004,9.52,0.4,9.92
banking77,hybrid_al,100,4,sentence_transformer_logreg,sentence-transformers/all-MiniLM-L6-v2,0.1012499040092059,0.177,high,Prolific,https://www.prolific.com/pricing,2026-07-12,0.4283999999999999,0.004,42.84,0.4,43.239999999999995
banking77,hybrid_al,100,4,sentence_transformer_logreg,sentence-transformers/all-MiniLM-L6-v2,0.1012499040092059,0.177,low,Amazon Mechanical Turk,https://www.mturk.com/pricing,2026-07-12,0.04,0.004,4.0,0.4,4.4
banking77,hybrid_al,250,0,sentence_transformer_logreg,sentence-transformers/all-MiniLM-L6-v2,0.2824068147400944,0.355,base,Prolific,https://www.prolific.com/pricing,2026-07-12,0.0951999999999999,0.004,23.799999999999997,1.0,24.799999999999997
banking77,hybrid_al,250,0,sentence_transformer_logreg,sentence-transformers/all-MiniLM-L6-v2,0.2824068147400944,0.355,high,Prolific,https://www.prolific.com/pricing,2026-07-12,0.4283999999999999,0.004,107.09999999999998,1.0,108.09999999999998
banking77,hybrid_al,250,0,sentence_transformer_logreg,sentence-transformers/all-MiniLM-L6-v2,0.2824068147400944,0.355,low,Amazon Mechanical Turk,https://www.mturk.com/pricing,2026-07-12,0.04,0.004,10.0,1.0,11.0
banking77,hybrid_al,250,1,sentence_transformer_logreg,sentence-transformers/all-MiniLM-L6-v2,0.2344157800780958,0.323,base,Prolific,https://www.prolific.com/pricing,2026-07-12,0.0951999999999999,0.004,23.799999999999997,1.0,24.799999999999997
banking77,hybrid_al,250,1,sentence_transformer_logreg,sentence-transformers/all-MiniLM-L6-v2,0.2344157800780958,0.323,high,Prolific,https://www.prolific.com/pricing,2026-07-12,0.4283999999999999,0.004,107.09999999999998,1.0,108.09999999999998
banking77,hybrid_al,250,1,sentence_transformer_logreg,sentence-transformers/all-MiniLM-L6-v2,0.2344157800780958,0.323,low,Amazon Mechanical Turk,https://www.mturk.com/pricing,2026-07-12,0.04,0.004,10.0,1.0,11.0
banking77,hybrid_al,250,2,sentence_transformer_logreg,sentence-transformers/all-MiniLM-L6-v2,0.1899781626796521,0.255,base,Prolific,https://www.prolific.com/pricing,2026-07-12,0.0951999999999999,0.004,23.799999999999997,1.0,24.799999999999997
banking77,hybrid_al,250,2,sentence_transformer_logreg,sentence-transformers/all-MiniLM-L6-v2,0.1899781626796521,0.255,high,Prolific,https://www.prolific.com/pricing,2026-07-12,0.4283999999999999,0.004,107.09999999999998,1.0,108.09999999999998
banking77,hybrid_al,250,2,sentence_transformer_logreg,sentence-transformers/all-MiniLM-L6-v2,0.1899781626796521,0.255,low,Amazon Mechanical Turk,https://www.mturk.com/pricing,2026-07-12,0.04,0.004,10.0,1.0,11.0
banking77,hybrid_al,250,3,sentence_transformer_logreg,sentence-transformers/all-MiniLM-L6-v2,0.2621717060395447,0.316,base,Prolific,https://www.prolific.com/pricing,2026-07-12,0.0951999999999999,0.004,23.799999999999997,1.0,24.799999999999997
banking77,hybrid_al,250,3,sentence_transformer_logreg,sentence-transformers/all-MiniLM-L6-v2,0.2621717060395447,0.316,high,Prolific,https://www.prolific.com/pricing,2026-07-12,0.4283999999999999,0.004,107.09999999999998,1.0,108.09999999999998
banking77,hybrid_al,250,3,sentence_transformer_logreg,sentence-transformers/all-MiniLM-L6-v2,0.2621717060395447,0.316,low,Amazon Mechanical Turk,https://www.mturk.com/pricing,2026-07-12,0.04,0.004,10.0,1.0,11.0
banking77,hybrid_al,250,4,sentence_transformer_logreg,sentence-transformers/all-MiniLM-L6-v2,0.1953780391749678,0.281,base,Prolific,https://www.prolific.com/pricing,2026-07-12,0.0951999999999999,0.004,23.799999999999997,1.0,24.799999999999997
banking77,hybrid_al,250,4,sentence_transformer_logreg,sentence-transformers/all-MiniLM-L6-v2,0.1953780391749678,0.281,high,Prolific,https://www.prolific.com/pricing,2026-07-12,0.4283999999999999,0.004,107.09999999999998,1.0,108.09999999999998
banking77,hybrid_al,250,4,sentence_transformer_logreg,sentence-transformers/all-MiniLM-L6-v2,0.1953780391749678,0.281,low,Amazon Mechanical Turk,https://www.mturk.com/pricing,2026-07-12,0.04,0.004,10.0,1.0,11.0
banking77,hybrid_al,500,0,sentence_transformer_logreg,sentence-transformers/all-MiniLM-L6-v2,0.4387767540962858,0.503,base,Prolific,https://www.prolific.com/pricing,2026-07-12,0.0951999999999999,0.004,47.599999999999994,2.0,49.599999999999994
banking77,hybrid_al,500,0,sentence_transformer_logreg,sentence-transformers/all-MiniLM-L6-v2,0.4387767540962858,0.503,high,Prolific,https://www.prolific.com/pricing,2026-07-12,0.4283999999999999,0.004,214.19999999999996,2.0,216.19999999999996
banking77,hybrid_al,500,0,sentence_transformer_logreg,sentence-transformers/all-MiniLM-L6-v2,0.4387767540962858,0.503,low,Amazon Mechanical Turk,https://www.mturk.com/pricing,2026-07-12,0.04,0.004,20.0,2.0,22.0
banking77,hybrid_al,500,1,sentence_transformer_logreg,sentence-transformers/all-MiniLM-L6-v2,0.4301908483890362,0.509,base,Prolific,https://www.prolific.com/pricing,2026-07-12,0.0951999999999999,0.004,47.599999999999994,2.0,49.599999999999994
banking77,hybrid_al,500,1,sentence_transformer_logreg,sentence-transformers/all-MiniLM-L6-v2,0.4301908483890362,0.509,high,Prolific,https://www.prolific.com/pricing,2026-07-12,0.4283999999999999,0.004,214.19999999999996,2.0,216.19999999999996
banking77,hybrid_al,500,1,sentence_transformer_logreg,sentence-transformers/all-MiniLM-L6-v2,0.4301908483890362,0.509,low,Amazon Mechanical Turk,https://www.mturk.com/pricing,2026-07-12,0.04,0.004,20.0,2.0,22.0
banking77,hybrid_al,500,2,sentence_transformer_logreg,sentence-transformers/all-MiniLM-L6-v2,0.459298308293505,0.529,base,Prolific,https://www.prolific.com/pricing,2026-07-12,0.0951999999999999,0.004,47.599999999999994,2.0,49.599999999999994
banking77,hybrid_al,500,2,sentence_transformer_logreg,sentence-transformers/all-MiniLM-L6-v2,0.459298308293505,0.529,high,Prolific,https://www.prolific.com/pricing,2026-07-12,0.4283999999999999,0.004,214.19999999999996,2.0,216.19999999999996
banking77,hybrid_al,500,2,sentence_transformer_logreg,sentence-transformers/all-MiniLM-L6-v2,0.459298308293505,0.529,low,Amazon Mechanical Turk,https://www.mturk.com/pricing,2026-07-12,0.04,0.004,20.0,2.0,22.0
banking77,hybrid_al,500,3,sentence_transformer_logreg,sentence-transformers/all-MiniLM-L6-v2,0.4480480845524886,0.516,base,Prolific,https://www.prolific.com/pricing,2026-07-12,0.0951999999999999,0.004,47.599999999999994,2.0,49.599999999999994
banking77,hybrid_al,500,3,sentence_transformer_logreg,sentence-transformers/all-MiniLM-L6-v2,0.4480480845524886,0.516,high,Prolific,https://www.prolific.com/pricing,2026-07-12,0.4283999999999999,0.004,214.19999999999996,2.0,216.19999999999996
banking77,hybrid_al,500,3,sentence_transformer_logreg,sentence-transformers/all-MiniLM-L6-v2,0.4480480845524886,0.516,low,Amazon Mechanical Turk,https://www.mturk.com/pricing,2026-07-12,0.04,0.004,20.0,2.0,22.0
banking77,hybrid_al,500,4,sentence_transformer_logreg,sentence-transformers/all-MiniLM-L6-v2,0.4796486200603012,0.536,base,Prolific,https://www.prolific.com/pricing,2026-07-12,0.0951999999999999,0.004,47.599999999999994,2.0,49.599999999999994
banking77,hybrid_al,500,4,sentence_transformer_logreg,sentence-transformers/all-MiniLM-L6-v2,0.4796486200603012,0.536,high,Prolific,https://www.prolific.com/pricing,2026-07-12,0.4283999999999999,0.004,214.19999999999996,2.0,216.19999999999996
banking77,hybrid_al,500,4,sentence_transformer_logreg,sentence-transformers/all-MiniLM-L6-v2,0.4796486200603012,0.536,low,Amazon Mechanical Turk,https://www.mturk.com/pricing,2026-07-12,0.04,0.004,20.0,2.0,22.0
banking77,hybrid_al,1000,0,sentence_transformer_logreg,sentence-transformers/all-MiniLM-L6-v2,0.7208573548254743,0.745,base,Prolific,https://www.prolific.com/pricing,2026-07-12,0.0951999999999999,0.004,95.2,4.0,99.2
banking77,hybrid_al,1000,0,sentence_transformer_logreg,sentence-transformers/all-MiniLM-L6-v2,0.7208573548254743,0.745,high,Prolific,https://www.prolific.com/pricing,2026-07-12,0.4283999999999999,0.004,428.3999999999999,4.0,432.3999999999999
banking77,hybrid_al,1000,0,sentence_transformer_logreg,sentence-transformers/all-MiniLM-L6-v2,0.7208573548254743,0.745,low,Amazon Mechanical Turk,https://www.mturk.com/pricing,2026-07-12,0.04,0.004,40.0,4.0,44.0
banking77,hybrid_al,1000,1,sentence_transformer_logreg,sentence-transformers/all-MiniLM-L6-v2,0.7400608327803381,0.761,base,Prolific,https://www.prolific.com/pricing,2026-07-12,0.0951999999999999,0.004,95.2,4.0,99.2
banking77,hybrid_al,1000,1,sentence_transformer_logreg,sentence-transformers/all-MiniLM-L6-v2,0.7400608327803381,0.761,high,Prolific,https://www.prolific.com/pricing,2026-07-12,0.4283999999999999,0.004,428.3999999999999,4.0,432.3999999999999
banking77,hybrid_al,1000,1,sentence_transformer_logreg,sentence-transformers/all-MiniLM-L6-v2,0.7400608327803381,0.761,low,Amazon Mechanical Turk,https://www.mturk.com/pricing,2026-07-12,0.04,0.004,40.0,4.0,44.0
banking77,hybrid_al,1000,2,sentence_transformer_logreg,sentence-transformers/all-MiniLM-L6-v2,0.7281408726744247,0.751,base,Prolific,https://www.prolific.com/pricing,2026-07-12,0.0951999999999999,0.004,95.2,4.0,99.2
banking77,hybrid_al,1000,2,sentence_transformer_logreg,sentence-transformers/all-MiniLM-L6-v2,0.7281408726744247,0.751,high,Prolific,https://www.prolific.com/pricing,2026-07-12,0.4283999999999999,0.004,428.3999999999999,4.0,432.3999999999999
banking77,hybrid_al,1000,2,sentence_transformer_logreg,sentence-transformers/all-MiniLM-L6-v2,0.7281408726744247,0.751,low,Amazon Mechanical Turk,https://www.mturk.com/pricing,2026-07-12,0.04,0.004,40.0,4.0,44.0
banking77,hybrid_al,1000,3,sentence_transformer_logreg,sentence-transformers/all-MiniLM-L6-v2,0.7170133357288362,0.747,base,Prolific,https://www.prolific.com/pricing,2026-07-12,0.0951999999999999,0.004,95.2,4.0,99.2
banking77,hybrid_al,1000,3,sentence_transformer_logreg,sentence-transformers/all-MiniLM-L6-v2,0.7170133357288362,0.747,high,Prolific,https://www.prolific.com/pricing,2026-07-12,0.4283999999999999,0.004,428.3999999999999,4.0,432.3999999999999
banking77,hybrid_al,1000,3,sentence_transformer_logreg,sentence-transformers/all-MiniLM-L6-v2,0.7170133357288362,0.747,low,Amazon Mechanical Turk,https://www.mturk.com/pricing,2026-07-12,0.04,0.004,40.0,4.0,44.0
banking77,hybrid_al,1000,4,sentence_transformer_logreg,sentence-transformers/all-MiniLM-L6-v2,0.7386794882448523,0.758,base,Prolific,https://www.prolific.com/pricing,2026-07-12,0.0951999999999999,0.004,95.2,4.0,99.2
banking77,hybrid_al,1000,4,sentence_transformer_logreg,sentence-transformers/all-MiniLM-L6-v2,0.7386794882448523,0.758,high,Prolific,https://www.prolific.com/pricing,2026-07-12,0.4283999999999999,0.004,428.3999999999999,4.0,432.3999999999999
banking77,hybrid_al,1000,4,sentence_transformer_logreg,sentence-transformers/all-MiniLM-L6-v2,0.7386794882448523,0.758,low,Amazon Mechanical Turk,https://www.mturk.com/pricing,2026-07-12,0.04,0.004,40.0,4.0,44.0
banking77,random,50,0,sentence_transformer_logreg,sentence-transformers/all-MiniLM-L6-v2,0.0326336121702519,0.091,base,Prolific,https://www.prolific.com/pricing,2026-07-12,0.0951999999999999,0.0,4.76,0.0,4.76
banking77,random,50,0,sentence_transformer_logreg,sentence-transformers/all-MiniLM-L6-v2,0.0326336121702519,0.091,high,Prolific,https://www.prolific.com/pricing,2026-07-12,0.4283999999999999,0.0,21.42,0.0,21.42
banking77,random,50,0,sentence_transformer_logreg,sentence-transformers/all-MiniLM-L6-v2,0.0326336121702519,0.091,low,Amazon Mechanical Turk,https://www.mturk.com/pricing,2026-07-12,0.04,0.0,2.0,0.0,2.0
banking77,random,50,1,sentence_transformer_logreg,sentence-transformers/all-MiniLM-L6-v2,0.0382151523837847,0.116,base,Prolific,https://www.prolific.com/pricing,2026-07-12,0.0951999999999999,0.0,4.76,0.0,4.76
banking77,random,50,1,sentence_transformer_logreg,sentence-transformers/all-MiniLM-L6-v2,0.0382151523837847,0.116,high,Prolific,https://www.prolific.com/pricing,2026-07-12,0.4283999999999999,0.0,21.42,0.0,21.42
banking77,random,50,1,sentence_transformer_logreg,sentence-transformers/all-MiniLM-L6-v2,0.0382151523837847,0.116,low,Amazon Mechanical Turk,https://www.mturk.com/pricing,2026-07-12,0.04,0.0,2.0,0.0,2.0
banking77,random,50,2,sentence_transformer_logreg,sentence-transformers/all-MiniLM-L6-v2,0.0353443738196158,0.102,base,Prolific,https://www.prolific.com/pricing,2026-07-12,0.0951999999999999,0.0,4.76,0.0,4.76
banking77,random,50,2,sentence_transformer_logreg,sentence-transformers/all-MiniLM-L6-v2,0.0353443738196158,0.102,high,Prolific,https://www.prolific.com/pricing,2026-07-12,0.4283999999999999,0.0,21.42,0.0,21.42
banking77,random,50,2,sentence_transformer_logreg,sentence-transformers/all-MiniLM-L6-v2,0.0353443738196158,0.102,low,Amazon Mechanical Turk,https://www.mturk.com/pricing,2026-07-12,0.04,0.0,2.0,0.0,2.0
banking77,random,50,3,sentence_transformer_logreg,sentence-transformers/all-MiniLM-L6-v2,0.0244039010410553,0.06,base,Prolific,https://www.prolific.com/pricing,2026-07-12,0.0951999999999999,0.0,4.76,0.0,4.76
banking77,random,50,3,sentence_transformer_logreg,sentence-transformers/all-MiniLM-L6-v2,0.0244039010410553,0.06,high,Prolific,https://www.prolific.com/pricing,2026-07-12,0.4283999999999999,0.0,21.42,0.0,21.42
banking77,random,50,3,sentence_transformer_logreg,sentence-transformers/all-MiniLM-L6-v2,0.0244039010410553,0.06,low,Amazon Mechanical Turk,https://www.mturk.com/pricing,2026-07-12,0.04,0.0,2.0,0.0,2.0
banking77,random,50,4,sentence_transformer_logreg,sentence-transformers/all-MiniLM-L6-v2,0.0478736284575535,0.104,base,Prolific,https://www.prolific.com/pricing,2026-07-12,0.0951999999999999,0.0,4.76,0.0,4.76
banking77,random,50,4,sentence_transformer_logreg,sentence-transformers/all-MiniLM-L6-v2,0.0478736284575535,0.104,high,Prolific,https://www.prolific.com/pricing,2026-07-12,0.4283999999999999,0.0,21.42,0.0,21.42
banking77,random,50,4,sentence_transformer_logreg,sentence-transformers/all-MiniLM-L6-v2,0.0478736284575535,0.104,low,Amazon Mechanical Turk,https://www.mturk.com/pricing,2026-07-12,0.04,0.0,2.0,0.0,2.0
banking77,random,100,0,sentence_transformer_logreg,sentence-transformers/all-MiniLM-L6-v2,0.089080396677002,0.156,base,Prolific,https://www.prolific.com/pricing,2026-07-12,0.0951999999999999,0.0,9.52,0.0,9.52
banking77,random,100,0,sentence_transformer_logreg,sentence-transformers/all-MiniLM-L6-v2,0.089080396677002,0.156,high,Prolific,https://www.prolific.com/pricing,2026-07-12,0.4283999999999999,0.0,42.84,0.0,42.84
banking77,random,100,0,sentence_transformer_logreg,sentence-transformers/all-MiniLM-L6-v2,0.089080396677002,0.156,low,Amazon Mechanical Turk,https://www.mturk.com/pricing,2026-07-12,0.04,0.0,4.0,0.0,4.0
banking77,random,100,1,sentence_transformer_logreg,sentence-transformers/all-MiniLM-L6-v2,0.1307548734401726,0.181,base,Prolific,https://www.prolific.com/pricing,2026-07-12,0.0951999999999999,0.0,9.52,0.0,9.52
banking77,random,100,1,sentence_transformer_logreg,sentence-transformers/all-MiniLM-L6-v2,0.1307548734401726,0.181,high,Prolific,https://www.prolific.com/pricing,2026-07-12,0.4283999999999999,0.0,42.84,0.0,42.84
banking77,random,100,1,sentence_transformer_logreg,sentence-transformers/all-MiniLM-L6-v2,0.1307548734401726,0.181,low,Amazon Mechanical Turk,https://www.mturk.com/pricing,2026-07-12,0.04,0.0,4.0,0.0,4.0
banking77,random,100,2,sentence_transformer_logreg,sentence-transformers/all-MiniLM-L6-v2,0.0668121503406529,0.138,base,Prolific,https://www.prolific.com/pricing,2026-07-12,0.0951999999999999,0.0,9.52,0.0,9.52
banking77,random,100,2,sentence_transformer_logreg,sentence-transformers/all-MiniLM-L6-v2,0.0668121503406529,0.138,high,Prolific,https://www.prolific.com/pricing,2026-07-12,0.4283999999999999,0.0,42.84,0.0,42.84
banking77,random,100,2,sentence_transformer_logreg,sentence-transformers/all-MiniLM-L6-v2,0.0668121503406529,0.138,low,Amazon Mechanical Turk,https://www.mturk.com/pricing,2026-07-12,0.04,0.0,4.0,0.0,4.0
banking77,random,100,3,sentence_transformer_logreg,sentence-transformers/all-MiniLM-L6-v2,0.0557421221781112,0.103,base,Prolific,https://www.prolific.com/pricing,2026-07-12,0.0951999999999999,0.0,9.52,0.0,9.52
banking77,random,100,3,sentence_transformer_logreg,sentence-transformers/all-MiniLM-L6-v2,0.0557421221781112,0.103,high,Prolific,https://www.prolific.com/pricing,2026-07-12,0.4283999999999999,0.0,42.84,0.0,42.84
banking77,random,100,3,sentence_transformer_logreg,sentence-transformers/all-MiniLM-L6-v2,0.0557421221781112,0.103,low,Amazon Mechanical Turk,https://www.mturk.com/pricing,2026-07-12,0.04,0.0,4.0,0.0,4.0
banking77,random,100,4,sentence_transformer_logreg,sentence-transformers/all-MiniLM-L6-v2,0.0878319462833863,0.164,base,Prolific,https://www.prolific.com/pricing,2026-07-12,0.0951999999999999,0.0,9.52,0.0,9.52
banking77,random,100,4,sentence_transformer_logreg,sentence-transformers/all-MiniLM-L6-v2,0.0878319462833863,0.164,high,Prolific,https://www.prolific.com/pricing,2026-07-12,0.4283999999999999,0.0,42.84,0.0,42.84
banking77,random,100,4,sentence_transformer_logreg,sentence-transformers/all-MiniLM-L6-v2,0.0878319462833863,0.164,low,Amazon Mechanical Turk,https://www.mturk.com/pricing,2026-07-12,0.04,0.0,4.0,0.0,4.0
banking77,random,250,0,sentence_transformer_logreg,sentence-transformers/all-MiniLM-L6-v2,0.1888039574728486,0.268,base,Prolific,https://www.prolific.com/pricing,2026-07-12,0.0951999999999999,0.0,23.799999999999997,0.0,23.799999999999997
banking77,random,250,0,sentence_transformer_logreg,sentence-transformers/all-MiniLM-L6-v2,0.1888039574728486,0.268,high,Prolific,https://www.prolific.com/pricing,2026-07-12,0.4283999999999999,0.0,107.09999999999998,0.0,107.09999999999998
banking77,random,250,0,sentence_transformer_logreg,sentence-transformers/all-MiniLM-L6-v2,0.1888039574728486,0.268,low,Amazon Mechanical Turk,https://www.mturk.com/pricing,2026-07-12,0.04,0.0,10.0,0.0,10.0
banking77,random,250,1,sentence_transformer_logreg,sentence-transformers/all-MiniLM-L6-v2,0.2607532703743577,0.334,base,Prolific,https://www.prolific.com/pricing,2026-07-12,0.0951999999999999,0.0,23.799999999999997,0.0,23.799999999999997
banking77,random,250,1,sentence_transformer_logreg,sentence-transformers/all-MiniLM-L6-v2,0.2607532703743577,0.334,high,Prolific,https://www.prolific.com/pricing,2026-07-12,0.4283999999999999,0.0,107.09999999999998,0.0,107.09999999999998
banking77,random,250,1,sentence_transformer_logreg,sentence-transformers/all-MiniLM-L6-v2,0.2607532703743577,0.334,low,Amazon Mechanical Turk,https://www.mturk.com/pricing,2026-07-12,0.04,0.0,10.0,0.0,10.0
banking77,random,250,2,sentence_transformer_logreg,sentence-transformers/all-MiniLM-L6-v2,0.2544764711684371,0.334,base,Prolific,https://www.prolific.com/pricing,2026-07-12,0.0951999999999999,0.0,23.799999999999997,0.0,23.799999999999997
banking77,random,250,2,sentence_transformer_logreg,sentence-transformers/all-MiniLM-L6-v2,0.2544764711684371,0.334,high,Prolific,https://www.prolific.com/pricing,2026-07-12,0.4283999999999999,0.0,107.09999999999998,0.0,107.09999999999998
banking77,random,250,2,sentence_transformer_logreg,sentence-transformers/all-MiniLM-L6-v2,0.2544764711684371,0.334,low,Amazon Mechanical Turk,https://www.mturk.com/pricing,2026-07-12,0.04,0.0,10.0,0.0,10.0
banking77,random,250,3,sentence_transformer_logreg,sentence-transformers/all-MiniLM-L6-v2,0.2743671954466027,0.374,base,Prolific,https://www.prolific.com/pricing,2026-07-12,0.0951999999999999,0.0,23.799999999999997,0.0,23.799999999999997
banking77,random,250,3,sentence_transformer_logreg,sentence-transformers/all-MiniLM-L6-v2,0.2743671954466027,0.374,high,Prolific,https://www.prolific.com/pricing,2026-07-12,0.4283999999999999,0.0,107.09999999999998,0.0,107.09999999999998
banking77,random,250,3,sentence_transformer_logreg,sentence-transformers/all-MiniLM-L6-v2,0.2743671954466027,0.374,low,Amazon Mechanical Turk,https://www.mturk.com/pricing,2026-07-12,0.04,0.0,10.0,0.0,10.0
banking77,random,250,4,sentence_transformer_logreg,sentence-transformers/all-MiniLM-L6-v2,0.2926354113120843,0.363,base,Prolific,https://www.prolific.com/pricing,2026-07-12,0.0951999999999999,0.0,23.799999999999997,0.0,23.799999999999997
banking77,random,250,4,sentence_transformer_logreg,sentence-transformers/all-MiniLM-L6-v2,0.2926354113120843,0.363,high,Prolific,https://www.prolific.com/pricing,2026-07-12,0.4283999999999999,0.0,107.09999999999998,0.0,107.09999999999998
banking77,random,250,4,sentence_transformer_logreg,sentence-transformers/all-MiniLM-L6-v2,0.2926354113120843,0.363,low,Amazon Mechanical Turk,https://www.mturk.com/pricing,2026-07-12,0.04,0.0,10.0,0.0,10.0
banking77,random,500,0,sentence_transformer_logreg,sentence-transformers/all-MiniLM-L6-v2,0.5056504131973882,0.563,base,Prolific,https://www.prolific.com/pricing,2026-07-12,0.0951999999999999,0.0,47.599999999999994,0.0,47.599999999999994
banking77,random,500,0,sentence_transformer_logreg,sentence-transformers/all-MiniLM-L6-v2,0.5056504131973882,0.563,high,Prolific,https://www.prolific.com/pricing,2026-07-12,0.4283999999999999,0.0,214.19999999999996,0.0,214.19999999999996
banking77,random,500,0,sentence_transformer_logreg,sentence-transformers/all-MiniLM-L6-v2,0.5056504131973882,0.563,low,Amazon Mechanical Turk,https://www.mturk.com/pricing,2026-07-12,0.04,0.0,20.0,0.0,20.0
banking77,random,500,1,sentence_transformer_logreg,sentence-transformers/all-MiniLM-L6-v2,0.4447293111720852,0.523,base,Prolific,https://www.prolific.com/pricing,2026-07-12,0.0951999999999999,0.0,47.599999999999994,0.0,47.599999999999994
banking77,random,500,1,sentence_transformer_logreg,sentence-transformers/all-MiniLM-L6-v2,0.4447293111720852,0.523,high,Prolific,https://www.prolific.com/pricing,2026-07-12,0.4283999999999999,0.0,214.19999999999996,0.0,214.19999999999996
banking77,random,500,1,sentence_transformer_logreg,sentence-transformers/all-MiniLM-L6-v2,0.4447293111720852,0.523,low,Amazon Mechanical Turk,https://www.mturk.com/pricing,2026-07-12,0.04,0.0,20.0,0.0,20.0
banking77,random,500,2,sentence_transformer_logreg,sentence-transformers/all-MiniLM-L6-v2,0.5053045584320748,0.573,base,Prolific,https://www.prolific.com/pricing,2026-07-12,0.0951999999999999,0.0,47.599999999999994,0.0,47.599999999999994
banking77,random,500,2,sentence_transformer_logreg,sentence-transformers/all-MiniLM-L6-v2,0.5053045584320748,0.573,high,Prolific,https://www.prolific.com/pricing,2026-07-12,0.4283999999999999,0.0,214.19999999999996,0.0,214.19999999999996
banking77,random,500,2,sentence_transformer_logreg,sentence-transformers/all-MiniLM-L6-v2,0.5053045584320748,0.573,low,Amazon Mechanical Turk,https://www.mturk.com/pricing,2026-07-12,0.04,0.0,20.0,0.0,20.0
banking77,random,500,3,sentence_transformer_logreg,sentence-transformers/all-MiniLM-L6-v2,0.4851717823402779,0.542,base,Prolific,https://www.prolific.com/pricing,2026-07-12,0.0951999999999999,0.0,47.599999999999994,0.0,47.599999999999994
banking77,random,500,3,sentence_transformer_logreg,sentence-transformers/all-MiniLM-L6-v2,0.4851717823402779,0.542,high,Prolific,https://www.prolific.com/pricing,2026-07-12,0.4283999999999999,0.0,214.19999999999996,0.0,214.19999999999996
banking77,random,500,3,sentence_transformer_logreg,sentence-transformers/all-MiniLM-L6-v2,0.4851717823402779,0.542,low,Amazon Mechanical Turk,https://www.mturk.com/pricing,2026-07-12,0.04,0.0,20.0,0.0,20.0
banking77,random,500,4,sentence_transformer_logreg,sentence-transformers/all-MiniLM-L6-v2,0.4746702330689742,0.529,base,Prolific,https://www.prolific.com/pricing,2026-07-12,0.0951999999999999,0.0,47.599999999999994,0.0,47.599999999999994
banking77,random,500,4,sentence_transformer_logreg,sentence-transformers/all-MiniLM-L6-v2,0.4746702330689742,0.529,high,Prolific,https://www.prolific.com/pricing,2026-07-12,0.4283999999999999,0.0,214.19999999999996,0.0,214.19999999999996
banking77,random,500,4,sentence_transformer_logreg,sentence-transformers/all-MiniLM-L6-v2,0.4746702330689742,0.529,low,Amazon Mechanical Turk,https://www.mturk.com/pricing,2026-07-12,0.04,0.0,20.0,0.0,20.0
banking77,random,1000,0,sentence_transformer_logreg,sentence-transformers/all-MiniLM-L6-v2,0.7401695268966163,0.76,base,Prolific,https://www.prolific.com/pricing,2026-07-12,0.0951999999999999,0.0,95.2,0.0,95.2
banking77,random,1000,0,sentence_transformer_logreg,sentence-transformers/all-MiniLM-L6-v2,0.7401695268966163,0.76,high,Prolific,https://www.prolific.com/pricing,2026-07-12,0.4283999999999999,0.0,428.3999999999999,0.0,428.3999999999999
banking77,random,1000,0,sentence_transformer_logreg,sentence-transformers/all-MiniLM-L6-v2,0.7401695268966163,0.76,low,Amazon Mechanical Turk,https://www.mturk.com/pricing,2026-07-12,0.04,0.0,40.0,0.0,40.0
banking77,random,1000,1,sentence_transformer_logreg,sentence-transformers/all-MiniLM-L6-v2,0.7371315262057656,0.764,base,Prolific,https://www.prolific.com/pricing,2026-07-12,0.0951999999999999,0.0,95.2,0.0,95.2
banking77,random,1000,1,sentence_transformer_logreg,sentence-transformers/all-MiniLM-L6-v2,0.7371315262057656,0.764,high,Prolific,https://www.prolific.com/pricing,2026-07-12,0.4283999999999999,0.0,428.3999999999999,0.0,428.3999999999999
banking77,random,1000,1,sentence_transformer_logreg,sentence-transformers/all-MiniLM-L6-v2,0.7371315262057656,0.764,low,Amazon Mechanical Turk,https://www.mturk.com/pricing,2026-07-12,0.04,0.0,40.0,0.0,40.0
banking77,random,1000,2,sentence_transformer_logreg,sentence-transformers/all-MiniLM-L6-v2,0.7391330779606861,0.764,base,Prolific,https://www.prolific.com/pricing,2026-07-12,0.0951999999999999,0.0,95.2,0.0,95.2
banking77,random,1000,2,sentence_transformer_logreg,sentence-transformers/all-MiniLM-L6-v2,0.7391330779606861,0.764,high,Prolific,https://www.prolific.com/pricing,2026-07-12,0.4283999999999999,0.0,428.3999999999999,0.0,428.3999999999999
banking77,random,1000,2,sentence_transformer_logreg,sentence-transformers/all-MiniLM-L6-v2,0.7391330779606861,0.764,low,Amazon Mechanical Turk,https://www.mturk.com/pricing,2026-07-12,0.04,0.0,40.0,0.0,40.0
banking77,random,1000,3,sentence_transformer_logreg,sentence-transformers/all-MiniLM-L6-v2,0.7463786731089422,0.769,base,Prolific,https://www.prolific.com/pricing,2026-07-12,0.0951999999999999,0.0,95.2,0.0,95.2
banking77,random,1000,3,sentence_transformer_logreg,sentence-transformers/all-MiniLM-L6-v2,0.7463786731089422,0.769,high,Prolific,https://www.prolific.com/pricing,2026-07-12,0.4283999999999999,0.0,428.3999999999999,0.0,428.3999999999999
banking77,random,1000,3,sentence_transformer_logreg,sentence-transformers/all-MiniLM-L6-v2,0.7463786731089422,0.769,low,Amazon Mechanical Turk,https://www.mturk.com/pricing,2026-07-12,0.04,0.0,40.0,0.0,40.0
banking77,random,1000,4,sentence_transformer_logreg,sentence-transformers/all-MiniLM-L6-v2,0.7408639862037465,0.766,base,Prolific,https://www.prolific.com/pricing,2026-07-12,0.0951999999999999,0.0,95.2,0.0,95.2
banking77,random,1000,4,sentence_transformer_logreg,sentence-transformers/all-MiniLM-L6-v2,0.7408639862037465,0.766,high,Prolific,https://www.prolific.com/pricing,2026-07-12,0.4283999999999999,0.0,428.3999999999999,0.0,428.3999999999999
banking77,random,1000,4,sentence_transformer_logreg,sentence-transformers/all-MiniLM-L6-v2,0.7408639862037465,0.766,low,Amazon Mechanical Turk,https://www.mturk.com/pricing,2026-07-12,0.04,0.0,40.0,0.0,40.0
banking77,uncertainty_al,50,0,sentence_transformer_logreg,sentence-transformers/all-MiniLM-L6-v2,0.02749278941194,0.061,base,Prolific,https://www.prolific.com/pricing,2026-07-12,0.0951999999999999,0.002,4.76,0.1,4.859999999999999
banking77,uncertainty_al,50,0,sentence_transformer_logreg,sentence-transformers/all-MiniLM-L6-v2,0.02749278941194,0.061,high,Prolific,https://www.prolific.com/pricing,2026-07-12,0.4283999999999999,0.002,21.42,0.1,21.52
banking77,uncertainty_al,50,0,sentence_transformer_logreg,sentence-transformers/all-MiniLM-L6-v2,0.02749278941194,0.061,low,Amazon Mechanical Turk,https://www.mturk.com/pricing,2026-07-12,0.04,0.002,2.0,0.1,2.1
banking77,uncertainty_al,50,1,sentence_transformer_logreg,sentence-transformers/all-MiniLM-L6-v2,0.0430955517667285,0.088,base,Prolific,https://www.prolific.com/pricing,2026-07-12,0.0951999999999999,0.002,4.76,0.1,4.859999999999999
banking77,uncertainty_al,50,1,sentence_transformer_logreg,sentence-transformers/all-MiniLM-L6-v2,0.0430955517667285,0.088,high,Prolific,https://www.prolific.com/pricing,2026-07-12,0.4283999999999999,0.002,21.42,0.1,21.52
banking77,uncertainty_al,50,1,sentence_transformer_logreg,sentence-transformers/all-MiniLM-L6-v2,0.0430955517667285,0.088,low,Amazon Mechanical Turk,https://www.mturk.com/pricing,2026-07-12,0.04,0.002,2.0,0.1,2.1
banking77,uncertainty_al,50,2,sentence_transformer_logreg,sentence-transformers/all-MiniLM-L6-v2,0.019965963779193,0.084,base,Prolific,https://www.prolific.com/pricing,2026-07-12,0.0951999999999999,0.002,4.76,0.1,4.859999999999999
banking77,uncertainty_al,50,2,sentence_transformer_logreg,sentence-transformers/all-MiniLM-L6-v2,0.019965963779193,0.084,high,Prolific,https://www.prolific.com/pricing,2026-07-12,0.4283999999999999,0.002,21.42,0.1,21.52
banking77,uncertainty_al,50,2,sentence_transformer_logreg,sentence-transformers/all-MiniLM-L6-v2,0.019965963779193,0.084,low,Amazon Mechanical Turk,https://www.mturk.com/pricing,2026-07-12,0.04,0.002,2.0,0.1,2.1
banking77,uncertainty_al,50,3,sentence_transformer_logreg,sentence-transformers/all-MiniLM-L6-v2,0.085816281941133,0.139,base,Prolific,https://www.prolific.com/pricing,2026-07-12,0.0951999999999999,0.002,4.76,0.1,4.859999999999999
banking77,uncertainty_al,50,3,sentence_transformer_logreg,sentence-transformers/all-MiniLM-L6-v2,0.085816281941133,0.139,high,Prolific,https://www.prolific.com/pricing,2026-07-12,0.4283999999999999,0.002,21.42,0.1,21.52
banking77,uncertainty_al,50,3,sentence_transformer_logreg,sentence-transformers/all-MiniLM-L6-v2,0.085816281941133,0.139,low,Amazon Mechanical Turk,https://www.mturk.com/pricing,2026-07-12,0.04,0.002,2.0,0.1,2.1
banking77,uncertainty_al,50,4,sentence_transformer_logreg,sentence-transformers/all-MiniLM-L6-v2,0.0218618411859015,0.05,base,Prolific,https://www.prolific.com/pricing,2026-07-12,0.0951999999999999,0.002,4.76,0.1,4.859999999999999
banking77,uncertainty_al,50,4,sentence_transformer_logreg,sentence-transformers/all-MiniLM-L6-v2,0.0218618411859015,0.05,high,Prolific,https://www.prolific.com/pricing,2026-07-12,0.4283999999999999,0.002,21.42,0.1,21.52
banking77,uncertainty_al,50,4,sentence_transformer_logreg,sentence-transformers/all-MiniLM-L6-v2,0.0218618411859015,0.05,low,Amazon Mechanical Turk,https://www.mturk.com/pricing,2026-07-12,0.04,0.002,2.0,0.1,2.1
banking77,uncertainty_al,100,0,sentence_transformer_logreg,sentence-transformers/all-MiniLM-L6-v2,0.073065359650205,0.161,base,Prolific,https://www.prolific.com/pricing,2026-07-12,0.0951999999999999,0.002,9.52,0.2,9.72
banking77,uncertainty_al,100,0,sentence_transformer_logreg,sentence-transformers/all-MiniLM-L6-v2,0.073065359650205,0.161,high,Prolific,https://www.prolific.com/pricing,2026-07-12,0.4283999999999999,0.002,42.84,0.2,43.04
banking77,uncertainty_al,100,0,sentence_transformer_logreg,sentence-transformers/all-MiniLM-L6-v2,0.073065359650205,0.161,low,Amazon Mechanical Turk,https://www.mturk.com/pricing,2026-07-12,0.04,0.002,4.0,0.2,4.2
banking77,uncertainty_al,100,1,sentence_transformer_logreg,sentence-transformers/all-MiniLM-L6-v2,0.0899694415581209,0.172,base,Prolific,https://www.prolific.com/pricing,2026-07-12,0.0951999999999999,0.002,9.52,0.2,9.72
banking77,uncertainty_al,100,1,sentence_transformer_logreg,sentence-transformers/all-MiniLM-L6-v2,0.0899694415581209,0.172,high,Prolific,https://www.prolific.com/pricing,2026-07-12,0.4283999999999999,0.002,42.84,0.2,43.04
banking77,uncertainty_al,100,1,sentence_transformer_logreg,sentence-transformers/all-MiniLM-L6-v2,0.0899694415581209,0.172,low,Amazon Mechanical Turk,https://www.mturk.com/pricing,2026-07-12,0.04,0.002,4.0,0.2,4.2
banking77,uncertainty_al,100,2,sentence_transformer_logreg,sentence-transformers/all-MiniLM-L6-v2,0.0833579388741882,0.147,base,Prolific,https://www.prolific.com/pricing,2026-07-12,0.0951999999999999,0.002,9.52,0.2,9.72
banking77,uncertainty_al,100,2,sentence_transformer_logreg,sentence-transformers/all-MiniLM-L6-v2,0.0833579388741882,0.147,high,Prolific,https://www.prolific.com/pricing,2026-07-12,0.4283999999999999,0.002,42.84,0.2,43.04
banking77,uncertainty_al,100,2,sentence_transformer_logreg,sentence-transformers/all-MiniLM-L6-v2,0.0833579388741882,0.147,low,Amazon Mechanical Turk,https://www.mturk.com/pricing,2026-07-12,0.04,0.002,4.0,0.2,4.2
banking77,uncertainty_al,100,3,sentence_transformer_logreg,sentence-transformers/all-MiniLM-L6-v2,0.0796168388060544,0.13,base,Prolific,https://www.prolific.com/pricing,2026-07-12,0.0951999999999999,0.002,9.52,0.2,9.72
banking77,uncertainty_al,100,3,sentence_transformer_logreg,sentence-transformers/all-MiniLM-L6-v2,0.0796168388060544,0.13,high,Prolific,https://www.prolific.com/pricing,2026-07-12,0.4283999999999999,0.002,42.84,0.2,43.04
banking77,uncertainty_al,100,3,sentence_transformer_logreg,sentence-transformers/all-MiniLM-L6-v2,0.0796168388060544,0.13,low,Amazon Mechanical Turk,https://www.mturk.com/pricing,2026-07-12,0.04,0.002,4.0,0.2,4.2
banking77,uncertainty_al,100,4,sentence_transformer_logreg,sentence-transformers/all-MiniLM-L6-v2,0.0734107842141856,0.127,base,Prolific,https://www.prolific.com/pricing,2026-07-12,0.0951999999999999,0.002,9.52,0.2,9.72
banking77,uncertainty_al,100,4,sentence_transformer_logreg,sentence-transformers/all-MiniLM-L6-v2,0.0734107842141856,0.127,high,Prolific,https://www.prolific.com/pricing,2026-07-12,0.4283999999999999,0.002,42.84,0.2,43.04
banking77,uncertainty_al,100,4,sentence_transformer_logreg,sentence-transformers/all-MiniLM-L6-v2,0.0734107842141856,0.127,low,Amazon Mechanical Turk,https://www.mturk.com/pricing,2026-07-12,0.04,0.002,4.0,0.2,4.2
banking77,uncertainty_al,250,0,sentence_transformer_logreg,sentence-transformers/all-MiniLM-L6-v2,0.2016245598224593,0.28,base,Prolific,https://www.prolific.com/pricing,2026-07-12,0.0951999999999999,0.002,23.799999999999997,0.5,24.299999999999997
banking77,uncertainty_al,250,0,sentence_transformer_logreg,sentence-transformers/all-MiniLM-L6-v2,0.2016245598224593,0.28,high,Prolific,https://www.prolific.com/pricing,2026-07-12,0.4283999999999999,0.002,107.09999999999998,0.5,107.59999999999998
banking77,uncertainty_al,250,0,sentence_transformer_logreg,sentence-transformers/all-MiniLM-L6-v2,0.2016245598224593,0.28,low,Amazon Mechanical Turk,https://www.mturk.com/pricing,2026-07-12,0.04,0.002,10.0,0.5,10.5
banking77,uncertainty_al,250,1,sentence_transformer_logreg,sentence-transformers/all-MiniLM-L6-v2,0.2238920233487882,0.317,base,Prolific,https://www.prolific.com/pricing,2026-07-12,0.0951999999999999,0.002,23.799999999999997,0.5,24.299999999999997
banking77,uncertainty_al,250,1,sentence_transformer_logreg,sentence-transformers/all-MiniLM-L6-v2,0.2238920233487882,0.317,high,Prolific,https://www.prolific.com/pricing,2026-07-12,0.4283999999999999,0.002,107.09999999999998,0.5,107.59999999999998
banking77,uncertainty_al,250,1,sentence_transformer_logreg,sentence-transformers/all-MiniLM-L6-v2,0.2238920233487882,0.317,low,Amazon Mechanical Turk,https://www.mturk.com/pricing,2026-07-12,0.04,0.002,10.0,0.5,10.5
banking77,uncertainty_al,250,2,sentence_transformer_logreg,sentence-transformers/all-MiniLM-L6-v2,0.1763286308183379,0.26,base,Prolific,https://www.prolific.com/pricing,2026-07-12,0.0951999999999999,0.002,23.799999999999997,0.5,24.299999999999997
banking77,uncertainty_al,250,2,sentence_transformer_logreg,sentence-transformers/all-MiniLM-L6-v2,0.1763286308183379,0.26,high,Prolific,https://www.prolific.com/pricing,2026-07-12,0.4283999999999999,0.002,107.09999999999998,0.5,107.59999999999998
banking77,uncertainty_al,250,2,sentence_transformer_logreg,sentence-transformers/all-MiniLM-L6-v2,0.1763286308183379,0.26,low,Amazon Mechanical Turk,https://www.mturk.com/pricing,2026-07-12,0.04,0.002,10.0,0.5,10.5
banking77,uncertainty_al,250,3,sentence_transformer_logreg,sentence-transformers/all-MiniLM-L6-v2,0.1634687921278504,0.252,base,Prolific,https://www.prolific.com/pricing,2026-07-12,0.0951999999999999,0.002,23.799999999999997,0.5,24.299999999999997
banking77,uncertainty_al,250,3,sentence_transformer_logreg,sentence-transformers/all-MiniLM-L6-v2,0.1634687921278504,0.252,high,Prolific,https://www.prolific.com/pricing,2026-07-12,0.4283999999999999,0.002,107.09999999999998,0.5,107.59999999999998
banking77,uncertainty_al,250,3,sentence_transformer_logreg,sentence-transformers/all-MiniLM-L6-v2,0.1634687921278504,0.252,low,Amazon Mechanical Turk,https://www.mturk.com/pricing,2026-07-12,0.04,0.002,10.0,0.5,10.5
banking77,uncertainty_al,250,4,sentence_transformer_logreg,sentence-transformers/all-MiniLM-L6-v2,0.1768037577272435,0.256,base,Prolific,https://www.prolific.com/pricing,2026-07-12,0.0951999999999999,0.002,23.799999999999997,0.5,24.299999999999997
banking77,uncertainty_al,250,4,sentence_transformer_logreg,sentence-transformers/all-MiniLM-L6-v2,0.1768037577272435,0.256,high,Prolific,https://www.prolific.com/pricing,2026-07-12,0.4283999999999999,0.002,107.09999999999998,0.5,107.59999999999998
banking77,uncertainty_al,250,4,sentence_transformer_logreg,sentence-transformers/all-MiniLM-L6-v2,0.1768037577272435,0.256,low,Amazon Mechanical Turk,https://www.mturk.com/pricing,2026-07-12,0.04,0.002,10.0,0.5,10.5
banking77,uncertainty_al,500,0,sentence_transformer_logreg,sentence-transformers/all-MiniLM-L6-v2,0.3873622349721323,0.466,base,Prolific,https://www.prolific.com/pricing,2026-07-12,0.0951999999999999,0.002,47.599999999999994,1.0,48.599999999999994
banking77,uncertainty_al,500,0,sentence_transformer_logreg,sentence-transformers/all-MiniLM-L6-v2,0.3873622349721323,0.466,high,Prolific,https://www.prolific.com/pricing,2026-07-12,0.4283999999999999,0.002,214.19999999999996,1.0,215.19999999999996
banking77,uncertainty_al,500,0,sentence_transformer_logreg,sentence-transformers/all-MiniLM-L6-v2,0.3873622349721323,0.466,low,Amazon Mechanical Turk,https://www.mturk.com/pricing,2026-07-12,0.04,0.002,20.0,1.0,21.0
banking77,uncertainty_al,500,1,sentence_transformer_logreg,sentence-transformers/all-MiniLM-L6-v2,0.3704999032838489,0.441,base,Prolific,https://www.prolific.com/pricing,2026-07-12,0.0951999999999999,0.002,47.599999999999994,1.0,48.599999999999994
banking77,uncertainty_al,500,1,sentence_transformer_logreg,sentence-transformers/all-MiniLM-L6-v2,0.3704999032838489,0.441,high,Prolific,https://www.prolific.com/pricing,2026-07-12,0.4283999999999999,0.002,214.19999999999996,1.0,215.19999999999996
banking77,uncertainty_al,500,1,sentence_transformer_logreg,sentence-transformers/all-MiniLM-L6-v2,0.3704999032838489,0.441,low,Amazon Mechanical Turk,https://www.mturk.com/pricing,2026-07-12,0.04,0.002,20.0,1.0,21.0
banking77,uncertainty_al,500,2,sentence_transformer_logreg,sentence-transformers/all-MiniLM-L6-v2,0.3282537363148487,0.426,base,Prolific,https://www.prolific.com/pricing,2026-07-12,0.0951999999999999,0.002,47.599999999999994,1.0,48.599999999999994
banking77,uncertainty_al,500,2,sentence_transformer_logreg,sentence-transformers/all-MiniLM-L6-v2,0.3282537363148487,0.426,high,Prolific,https://www.prolific.com/pricing,2026-07-12,0.4283999999999999,0.002,214.19999999999996,1.0,215.19999999999996
banking77,uncertainty_al,500,2,sentence_transformer_logreg,sentence-transformers/all-MiniLM-L6-v2,0.3282537363148487,0.426,low,Amazon Mechanical Turk,https://www.mturk.com/pricing,2026-07-12,0.04,0.002,20.0,1.0,21.0
banking77,uncertainty_al,500,3,sentence_transformer_logreg,sentence-transformers/all-MiniLM-L6-v2,0.3190062077686738,0.405,base,Prolific,https://www.prolific.com/pricing,2026-07-12,0.0951999999999999,0.002,47.599999999999994,1.0,48.599999999999994
banking77,uncertainty_al,500,3,sentence_transformer_logreg,sentence-transformers/all-MiniLM-L6-v2,0.3190062077686738,0.405,high,Prolific,https://www.prolific.com/pricing,2026-07-12,0.4283999999999999,0.002,214.19999999999996,1.0,215.19999999999996
banking77,uncertainty_al,500,3,sentence_transformer_logreg,sentence-transformers/all-MiniLM-L6-v2,0.3190062077686738,0.405,low,Amazon Mechanical Turk,https://www.mturk.com/pricing,2026-07-12,0.04,0.002,20.0,1.0,21.0
banking77,uncertainty_al,500,4,sentence_transformer_logreg,sentence-transformers/all-MiniLM-L6-v2,0.3588332488131773,0.445,base,Prolific,https://www.prolific.com/pricing,2026-07-12,0.0951999999999999,0.002,47.599999999999994,1.0,48.599999999999994
banking77,uncertainty_al,500,4,sentence_transformer_logreg,sentence-transformers/all-MiniLM-L6-v2,0.3588332488131773,0.445,high,Prolific,https://www.prolific.com/pricing,2026-07-12,0.4283999999999999,0.002,214.19999999999996,1.0,215.19999999999996
banking77,uncertainty_al,500,4,sentence_transformer_logreg,sentence-transformers/all-MiniLM-L6-v2,0.3588332488131773,0.445,low,Amazon Mechanical Turk,https://www.mturk.com/pricing,2026-07-12,0.04,0.002,20.0,1.0,21.0
banking77,uncertainty_al,1000,0,sentence_transformer_logreg,sentence-transformers/all-MiniLM-L6-v2,0.6890330478509524,0.724,base,Prolific,https://www.prolific.com/pricing,2026-07-12,0.0951999999999999,0.002,95.2,2.0,97.2
banking77,uncertainty_al,1000,0,sentence_transformer_logreg,sentence-transformers/all-MiniLM-L6-v2,0.6890330478509524,0.724,high,Prolific,https://www.prolific.com/pricing,2026-07-12,0.4283999999999999,0.002,428.3999999999999,2.0,430.3999999999999
banking77,uncertainty_al,1000,0,sentence_transformer_logreg,sentence-transformers/all-MiniLM-L6-v2,0.6890330478509524,0.724,low,Amazon Mechanical Turk,https://www.mturk.com/pricing,2026-07-12,0.04,0.002,40.0,2.0,42.0
banking77,uncertainty_al,1000,1,sentence_transformer_logreg,sentence-transformers/all-MiniLM-L6-v2,0.700549755444337,0.73,base,Prolific,https://www.prolific.com/pricing,2026-07-12,0.0951999999999999,0.002,95.2,2.0,97.2
banking77,uncertainty_al,1000,1,sentence_transformer_logreg,sentence-transformers/all-MiniLM-L6-v2,0.700549755444337,0.73,high,Prolific,https://www.prolific.com/pricing,2026-07-12,0.4283999999999999,0.002,428.3999999999999,2.0,430.3999999999999
banking77,uncertainty_al,1000,1,sentence_transformer_logreg,sentence-transformers/all-MiniLM-L6-v2,0.700549755444337,0.73,low,Amazon Mechanical Turk,https://www.mturk.com/pricing,2026-07-12,0.04,0.002,40.0,2.0,42.0
banking77,uncertainty_al,1000,2,sentence_transformer_logreg,sentence-transformers/all-MiniLM-L6-v2,0.6926422503934083,0.727,base,Prolific,https://www.prolific.com/pricing,2026-07-12,0.0951999999999999,0.002,95.2,2.0,97.2
banking77,uncertainty_al,1000,2,sentence_transformer_logreg,sentence-transformers/all-MiniLM-L6-v2,0.6926422503934083,0.727,high,Prolific,https://www.prolific.com/pricing,2026-07-12,0.4283999999999999,0.002,428.3999999999999,2.0,430.3999999999999
banking77,uncertainty_al,1000,2,sentence_transformer_logreg,sentence-transformers/all-MiniLM-L6-v2,0.6926422503934083,0.727,low,Amazon Mechanical Turk,https://www.mturk.com/pricing,2026-07-12,0.04,0.002,40.0,2.0,42.0
banking77,uncertainty_al,1000,3,sentence_transformer_logreg,sentence-transformers/all-MiniLM-L6-v2,0.7262016061121972,0.751,base,Prolific,https://www.prolific.com/pricing,2026-07-12,0.0951999999999999,0.002,95.2,2.0,97.2
banking77,uncertainty_al,1000,3,sentence_transformer_logreg,sentence-transformers/all-MiniLM-L6-v2,0.7262016061121972,0.751,high,Prolific,https://www.prolific.com/pricing,2026-07-12,0.4283999999999999,0.002,428.3999999999999,2.0,430.3999999999999
banking77,uncertainty_al,1000,3,sentence_transformer_logreg,sentence-transformers/all-MiniLM-L6-v2,0.7262016061121972,0.751,low,Amazon Mechanical Turk,https://www.mturk.com/pricing,2026-07-12,0.04,0.002,40.0,2.0,42.0
banking77,uncertainty_al,1000,4,sentence_transformer_logreg,sentence-transformers/all-MiniLM-L6-v2,0.6952067718531502,0.73,base,Prolific,https://www.prolific.com/pricing,2026-07-12,0.0951999999999999,0.002,95.2,2.0,97.2
banking77,uncertainty_al,1000,4,sentence_transformer_logreg,sentence-transformers/all-MiniLM-L6-v2,0.6952067718531502,0.73,high,Prolific,https://www.prolific.com/pricing,2026-07-12,0.4283999999999999,0.002,428.3999999999999,2.0,430.3999999999999
banking77,uncertainty_al,1000,4,sentence_transformer_logreg,sentence-transformers/all-MiniLM-L6-v2,0.6952067718531502,0.73,low,Amazon Mechanical Turk,https://www.mturk.com/pricing,2026-07-12,0.04,0.002,40.0,2.0,42.0
emotion,diversity_al,50,0,sentence_transformer_logreg,sentence-transformers/all-MiniLM-L6-v2,0.2266347371981174,0.49,base,Prolific,https://www.prolific.com/pricing,2026-07-12,0.0951999999999999,0.003,4.76,0.15,4.91
emotion,diversity_al,50,0,sentence_transformer_logreg,sentence-transformers/all-MiniLM-L6-v2,0.2266347371981174,0.49,high,Prolific,https://www.prolific.com/pricing,2026-07-12,0.4283999999999999,0.003,21.42,0.15,21.569999999999997
emotion,diversity_al,50,0,sentence_transformer_logreg,sentence-transformers/all-MiniLM-L6-v2,0.2266347371981174,0.49,low,Amazon Mechanical Turk,https://www.mturk.com/pricing,2026-07-12,0.04,0.003,2.0,0.15,2.15
emotion,diversity_al,50,1,sentence_transformer_logreg,sentence-transformers/all-MiniLM-L6-v2,0.234725566299362,0.508,base,Prolific,https://www.prolific.com/pricing,2026-07-12,0.0951999999999999,0.003,4.76,0.15,4.91
emotion,diversity_al,50,1,sentence_transformer_logreg,sentence-transformers/all-MiniLM-L6-v2,0.234725566299362,0.508,high,Prolific,https://www.prolific.com/pricing,2026-07-12,0.4283999999999999,0.003,21.42,0.15,21.569999999999997
emotion,diversity_al,50,1,sentence_transformer_logreg,sentence-transformers/all-MiniLM-L6-v2,0.234725566299362,0.508,low,Amazon Mechanical Turk,https://www.mturk.com/pricing,2026-07-12,0.04,0.003,2.0,0.15,2.15
emotion,diversity_al,50,2,sentence_transformer_logreg,sentence-transformers/all-MiniLM-L6-v2,0.2180405035665076,0.476,base,Prolific,https://www.prolific.com/pricing,2026-07-12,0.0951999999999999,0.003,4.76,0.15,4.91
emotion,diversity_al,50,2,sentence_transformer_logreg,sentence-transformers/all-MiniLM-L6-v2,0.2180405035665076,0.476,high,Prolific,https://www.prolific.com/pricing,2026-07-12,0.4283999999999999,0.003,21.42,0.15,21.569999999999997
emotion,diversity_al,50,2,sentence_transformer_logreg,sentence-transformers/all-MiniLM-L6-v2,0.2180405035665076,0.476,low,Amazon Mechanical Turk,https://www.mturk.com/pricing,2026-07-12,0.04,0.003,2.0,0.15,2.15
emotion,diversity_al,50,3,sentence_transformer_logreg,sentence-transformers/all-MiniLM-L6-v2,0.2146799255289728,0.5,base,Prolific,https://www.prolific.com/pricing,2026-07-12,0.0951999999999999,0.003,4.76,0.15,4.91
emotion,diversity_al,50,3,sentence_transformer_logreg,sentence-transformers/all-MiniLM-L6-v2,0.2146799255289728,0.5,high,Prolific,https://www.prolific.com/pricing,2026-07-12,0.4283999999999999,0.003,21.42,0.15,21.569999999999997
emotion,diversity_al,50,3,sentence_transformer_logreg,sentence-transformers/all-MiniLM-L6-v2,0.2146799255289728,0.5,low,Amazon Mechanical Turk,https://www.mturk.com/pricing,2026-07-12,0.04,0.003,2.0,0.15,2.15
emotion,diversity_al,50,4,sentence_transformer_logreg,sentence-transformers/all-MiniLM-L6-v2,0.2119523801559923,0.474,base,Prolific,https://www.prolific.com/pricing,2026-07-12,0.0951999999999999,0.003,4.76,0.15,4.91
emotion,diversity_al,50,4,sentence_transformer_logreg,sentence-transformers/all-MiniLM-L6-v2,0.2119523801559923,0.474,high,Prolific,https://www.prolific.com/pricing,2026-07-12,0.4283999999999999,0.003,21.42,0.15,21.569999999999997
emotion,diversity_al,50,4,sentence_transformer_logreg,sentence-transformers/all-MiniLM-L6-v2,0.2119523801559923,0.474,low,Amazon Mechanical Turk,https://www.mturk.com/pricing,2026-07-12,0.04,0.003,2.0,0.15,2.15
emotion,diversity_al,100,0,sentence_transformer_logreg,sentence-transformers/all-MiniLM-L6-v2,0.2794510118629107,0.508,base,Prolific,https://www.prolific.com/pricing,2026-07-12,0.0951999999999999,0.003,9.52,0.3,9.82
emotion,diversity_al,100,0,sentence_transformer_logreg,sentence-transformers/all-MiniLM-L6-v2,0.2794510118629107,0.508,high,Prolific,https://www.prolific.com/pricing,2026-07-12,0.4283999999999999,0.003,42.84,0.3,43.13999999999999
emotion,diversity_al,100,0,sentence_transformer_logreg,sentence-transformers/all-MiniLM-L6-v2,0.2794510118629107,0.508,low,Amazon Mechanical Turk,https://www.mturk.com/pricing,2026-07-12,0.04,0.003,4.0,0.3,4.3
emotion,diversity_al,100,1,sentence_transformer_logreg,sentence-transformers/all-MiniLM-L6-v2,0.2673326942548383,0.534,base,Prolific,https://www.prolific.com/pricing,2026-07-12,0.0951999999999999,0.003,9.52,0.3,9.82
emotion,diversity_al,100,1,sentence_transformer_logreg,sentence-transformers/all-MiniLM-L6-v2,0.2673326942548383,0.534,high,Prolific,https://www.prolific.com/pricing,2026-07-12,0.4283999999999999,0.003,42.84,0.3,43.13999999999999
emotion,diversity_al,100,1,sentence_transformer_logreg,sentence-transformers/all-MiniLM-L6-v2,0.2673326942548383,0.534,low,Amazon Mechanical Turk,https://www.mturk.com/pricing,2026-07-12,0.04,0.003,4.0,0.3,4.3
emotion,diversity_al,100,2,sentence_transformer_logreg,sentence-transformers/all-MiniLM-L6-v2,0.2026500784884283,0.499,base,Prolific,https://www.prolific.com/pricing,2026-07-12,0.0951999999999999,0.003,9.52,0.3,9.82
emotion,diversity_al,100,2,sentence_transformer_logreg,sentence-transformers/all-MiniLM-L6-v2,0.2026500784884283,0.499,high,Prolific,https://www.prolific.com/pricing,2026-07-12,0.4283999999999999,0.003,42.84,0.3,43.13999999999999
emotion,diversity_al,100,2,sentence_transformer_logreg,sentence-transformers/all-MiniLM-L6-v2,0.2026500784884283,0.499,low,Amazon Mechanical Turk,https://www.mturk.com/pricing,2026-07-12,0.04,0.003,4.0,0.3,4.3
emotion,diversity_al,100,3,sentence_transformer_logreg,sentence-transformers/all-MiniLM-L6-v2,0.2637565043554042,0.515,base,Prolific,https://www.prolific.com/pricing,2026-07-12,0.0951999999999999,0.003,9.52,0.3,9.82
emotion,diversity_al,100,3,sentence_transformer_logreg,sentence-transformers/all-MiniLM-L6-v2,0.2637565043554042,0.515,high,Prolific,https://www.prolific.com/pricing,2026-07-12,0.4283999999999999,0.003,42.84,0.3,43.13999999999999
emotion,diversity_al,100,3,sentence_transformer_logreg,sentence-transformers/all-MiniLM-L6-v2,0.2637565043554042,0.515,low,Amazon Mechanical Turk,https://www.mturk.com/pricing,2026-07-12,0.04,0.003,4.0,0.3,4.3
emotion,diversity_al,100,4,sentence_transformer_logreg,sentence-transformers/all-MiniLM-L6-v2,0.244321112922903,0.503,base,Prolific,https://www.prolific.com/pricing,2026-07-12,0.0951999999999999,0.003,9.52,0.3,9.82
emotion,diversity_al,100,4,sentence_transformer_logreg,sentence-transformers/all-MiniLM-L6-v2,0.244321112922903,0.503,high,Prolific,https://www.prolific.com/pricing,2026-07-12,0.4283999999999999,0.003,42.84,0.3,43.13999999999999
emotion,diversity_al,100,4,sentence_transformer_logreg,sentence-transformers/all-MiniLM-L6-v2,0.244321112922903,0.503,low,Amazon Mechanical Turk,https://www.mturk.com/pricing,2026-07-12,0.04,0.003,4.0,0.3,4.3
emotion,diversity_al,250,0,sentence_transformer_logreg,sentence-transformers/all-MiniLM-L6-v2,0.3318444763230788,0.55,base,Prolific,https://www.prolific.com/pricing,2026-07-12,0.0951999999999999,0.003,23.799999999999997,0.75,24.549999999999997
emotion,diversity_al,250,0,sentence_transformer_logreg,sentence-transformers/all-MiniLM-L6-v2,0.3318444763230788,0.55,high,Prolific,https://www.prolific.com/pricing,2026-07-12,0.4283999999999999,0.003,107.09999999999998,0.75,107.84999999999998
emotion,diversity_al,250,0,sentence_transformer_logreg,sentence-transformers/all-MiniLM-L6-v2,0.3318444763230788,0.55,low,Amazon Mechanical Turk,https://www.mturk.com/pricing,2026-07-12,0.04,0.003,10.0,0.75,10.75
emotion,diversity_al,250,1,sentence_transformer_logreg,sentence-transformers/all-MiniLM-L6-v2,0.3259276595407135,0.547,base,Prolific,https://www.prolific.com/pricing,2026-07-12,0.0951999999999999,0.003,23.799999999999997,0.75,24.549999999999997
emotion,diversity_al,250,1,sentence_transformer_logreg,sentence-transformers/all-MiniLM-L6-v2,0.3259276595407135,0.547,high,Prolific,https://www.prolific.com/pricing,2026-07-12,0.4283999999999999,0.003,107.09999999999998,0.75,107.84999999999998
emotion,diversity_al,250,1,sentence_transformer_logreg,sentence-transformers/all-MiniLM-L6-v2,0.3259276595407135,0.547,low,Amazon Mechanical Turk,https://www.mturk.com/pricing,2026-07-12,0.04,0.003,10.0,0.75,10.75
emotion,diversity_al,250,2,sentence_transformer_logreg,sentence-transformers/all-MiniLM-L6-v2,0.3408794859870318,0.562,base,Prolific,https://www.prolific.com/pricing,2026-07-12,0.0951999999999999,0.003,23.799999999999997,0.75,24.549999999999997
emotion,diversity_al,250,2,sentence_transformer_logreg,sentence-transformers/all-MiniLM-L6-v2,0.3408794859870318,0.562,high,Prolific,https://www.prolific.com/pricing,2026-07-12,0.4283999999999999,0.003,107.09999999999998,0.75,107.84999999999998
emotion,diversity_al,250,2,sentence_transformer_logreg,sentence-transformers/all-MiniLM-L6-v2,0.3408794859870318,0.562,low,Amazon Mechanical Turk,https://www.mturk.com/pricing,2026-07-12,0.04,0.003,10.0,0.75,10.75
emotion,diversity_al,250,3,sentence_transformer_logreg,sentence-transformers/all-MiniLM-L6-v2,0.3129756874792483,0.557,base,Prolific,https://www.prolific.com/pricing,2026-07-12,0.0951999999999999,0.003,23.799999999999997,0.75,24.549999999999997
emotion,diversity_al,250,3,sentence_transformer_logreg,sentence-transformers/all-MiniLM-L6-v2,0.3129756874792483,0.557,high,Prolific,https://www.prolific.com/pricing,2026-07-12,0.4283999999999999,0.003,107.09999999999998,0.75,107.84999999999998
emotion,diversity_al,250,3,sentence_transformer_logreg,sentence-transformers/all-MiniLM-L6-v2,0.3129756874792483,0.557,low,Amazon Mechanical Turk,https://www.mturk.com/pricing,2026-07-12,0.04,0.003,10.0,0.75,10.75
emotion,diversity_al,250,4,sentence_transformer_logreg,sentence-transformers/all-MiniLM-L6-v2,0.3083547098591806,0.544,base,Prolific,https://www.prolific.com/pricing,2026-07-12,0.0951999999999999,0.003,23.799999999999997,0.75,24.549999999999997
emotion,diversity_al,250,4,sentence_transformer_logreg,sentence-transformers/all-MiniLM-L6-v2,0.3083547098591806,0.544,high,Prolific,https://www.prolific.com/pricing,2026-07-12,0.4283999999999999,0.003,107.09999999999998,0.75,107.84999999999998
emotion,diversity_al,250,4,sentence_transformer_logreg,sentence-transformers/all-MiniLM-L6-v2,0.3083547098591806,0.544,low,Amazon Mechanical Turk,https://www.mturk.com/pricing,2026-07-12,0.04,0.003,10.0,0.75,10.75
emotion,diversity_al,500,0,sentence_transformer_logreg,sentence-transformers/all-MiniLM-L6-v2,0.3994372995569316,0.593,base,Prolific,https://www.prolific.com/pricing,2026-07-12,0.0951999999999999,0.003,47.599999999999994,1.5,49.099999999999994
emotion,diversity_al,500,0,sentence_transformer_logreg,sentence-transformers/all-MiniLM-L6-v2,0.3994372995569316,0.593,high,Prolific,https://www.prolific.com/pricing,2026-07-12,0.4283999999999999,0.003,214.19999999999996,1.5,215.69999999999996
emotion,diversity_al,500,0,sentence_transformer_logreg,sentence-transformers/all-MiniLM-L6-v2,0.3994372995569316,0.593,low,Amazon Mechanical Turk,https://www.mturk.com/pricing,2026-07-12,0.04,0.003,20.0,1.5,21.5
emotion,diversity_al,500,1,sentence_transformer_logreg,sentence-transformers/all-MiniLM-L6-v2,0.3980969840162537,0.598,base,Prolific,https://www.prolific.com/pricing,2026-07-12,0.0951999999999999,0.003,47.599999999999994,1.5,49.099999999999994
emotion,diversity_al,500,1,sentence_transformer_logreg,sentence-transformers/all-MiniLM-L6-v2,0.3980969840162537,0.598,high,Prolific,https://www.prolific.com/pricing,2026-07-12,0.4283999999999999,0.003,214.19999999999996,1.5,215.69999999999996
emotion,diversity_al,500,1,sentence_transformer_logreg,sentence-transformers/all-MiniLM-L6-v2,0.3980969840162537,0.598,low,Amazon Mechanical Turk,https://www.mturk.com/pricing,2026-07-12,0.04,0.003,20.0,1.5,21.5
emotion,diversity_al,500,2,sentence_transformer_logreg,sentence-transformers/all-MiniLM-L6-v2,0.4170214421552001,0.611,base,Prolific,https://www.prolific.com/pricing,2026-07-12,0.0951999999999999,0.003,47.599999999999994,1.5,49.099999999999994
emotion,diversity_al,500,2,sentence_transformer_logreg,sentence-transformers/all-MiniLM-L6-v2,0.4170214421552001,0.611,high,Prolific,https://www.prolific.com/pricing,2026-07-12,0.4283999999999999,0.003,214.19999999999996,1.5,215.69999999999996
emotion,diversity_al,500,2,sentence_transformer_logreg,sentence-transformers/all-MiniLM-L6-v2,0.4170214421552001,0.611,low,Amazon Mechanical Turk,https://www.mturk.com/pricing,2026-07-12,0.04,0.003,20.0,1.5,21.5
emotion,diversity_al,500,3,sentence_transformer_logreg,sentence-transformers/all-MiniLM-L6-v2,0.3948957163809514,0.592,base,Prolific,https://www.prolific.com/pricing,2026-07-12,0.0951999999999999,0.003,47.599999999999994,1.5,49.099999999999994
emotion,diversity_al,500,3,sentence_transformer_logreg,sentence-transformers/all-MiniLM-L6-v2,0.3948957163809514,0.592,high,Prolific,https://www.prolific.com/pricing,2026-07-12,0.4283999999999999,0.003,214.19999999999996,1.5,215.69999999999996
emotion,diversity_al,500,3,sentence_transformer_logreg,sentence-transformers/all-MiniLM-L6-v2,0.3948957163809514,0.592,low,Amazon Mechanical Turk,https://www.mturk.com/pricing,2026-07-12,0.04,0.003,20.0,1.5,21.5
emotion,diversity_al,500,4,sentence_transformer_logreg,sentence-transformers/all-MiniLM-L6-v2,0.3826049248711725,0.584,base,Prolific,https://www.prolific.com/pricing,2026-07-12,0.0951999999999999,0.003,47.599999999999994,1.5,49.099999999999994
emotion,diversity_al,500,4,sentence_transformer_logreg,sentence-transformers/all-MiniLM-L6-v2,0.3826049248711725,0.584,high,Prolific,https://www.prolific.com/pricing,2026-07-12,0.4283999999999999,0.003,214.19999999999996,1.5,215.69999999999996
emotion,diversity_al,500,4,sentence_transformer_logreg,sentence-transformers/all-MiniLM-L6-v2,0.3826049248711725,0.584,low,Amazon Mechanical Turk,https://www.mturk.com/pricing,2026-07-12,0.04,0.003,20.0,1.5,21.5
emotion,diversity_al,1000,0,sentence_transformer_logreg,sentence-transformers/all-MiniLM-L6-v2,0.4425602327491644,0.625,base,Prolific,https://www.prolific.com/pricing,2026-07-12,0.0951999999999999,0.003,95.2,3.0,98.2
emotion,diversity_al,1000,0,sentence_transformer_logreg,sentence-transformers/all-MiniLM-L6-v2,0.4425602327491644,0.625,high,Prolific,https://www.prolific.com/pricing,2026-07-12,0.4283999999999999,0.003,428.3999999999999,3.0,431.3999999999999
emotion,diversity_al,1000,0,sentence_transformer_logreg,sentence-transformers/all-MiniLM-L6-v2,0.4425602327491644,0.625,low,Amazon Mechanical Turk,https://www.mturk.com/pricing,2026-07-12,0.04,0.003,40.0,3.0,43.0
emotion,diversity_al,1000,1,sentence_transformer_logreg,sentence-transformers/all-MiniLM-L6-v2,0.4414667695779186,0.628,base,Prolific,https://www.prolific.com/pricing,2026-07-12,0.0951999999999999,0.003,95.2,3.0,98.2
emotion,diversity_al,1000,1,sentence_transformer_logreg,sentence-transformers/all-MiniLM-L6-v2,0.4414667695779186,0.628,high,Prolific,https://www.prolific.com/pricing,2026-07-12,0.4283999999999999,0.003,428.3999999999999,3.0,431.3999999999999
emotion,diversity_al,1000,1,sentence_transformer_logreg,sentence-transformers/all-MiniLM-L6-v2,0.4414667695779186,0.628,low,Amazon Mechanical Turk,https://www.mturk.com/pricing,2026-07-12,0.04,0.003,40.0,3.0,43.0
emotion,diversity_al,1000,2,sentence_transformer_logreg,sentence-transformers/all-MiniLM-L6-v2,0.446263354904006,0.632,base,Prolific,https://www.prolific.com/pricing,2026-07-12,0.0951999999999999,0.003,95.2,3.0,98.2
emotion,diversity_al,1000,2,sentence_transformer_logreg,sentence-transformers/all-MiniLM-L6-v2,0.446263354904006,0.632,high,Prolific,https://www.prolific.com/pricing,2026-07-12,0.4283999999999999,0.003,428.3999999999999,3.0,431.3999999999999
emotion,diversity_al,1000,2,sentence_transformer_logreg,sentence-transformers/all-MiniLM-L6-v2,0.446263354904006,0.632,low,Amazon Mechanical Turk,https://www.mturk.com/pricing,2026-07-12,0.04,0.003,40.0,3.0,43.0
emotion,diversity_al,1000,3,sentence_transformer_logreg,sentence-transformers/all-MiniLM-L6-v2,0.4423034608960237,0.629,base,Prolific,https://www.prolific.com/pricing,2026-07-12,0.0951999999999999,0.003,95.2,3.0,98.2
emotion,diversity_al,1000,3,sentence_transformer_logreg,sentence-transformers/all-MiniLM-L6-v2,0.4423034608960237,0.629,high,Prolific,https://www.prolific.com/pricing,2026-07-12,0.4283999999999999,0.003,428.3999999999999,3.0,431.3999999999999
emotion,diversity_al,1000,3,sentence_transformer_logreg,sentence-transformers/all-MiniLM-L6-v2,0.4423034608960237,0.629,low,Amazon Mechanical Turk,https://www.mturk.com/pricing,2026-07-12,0.04,0.003,40.0,3.0,43.0
emotion,diversity_al,1000,4,sentence_transformer_logreg,sentence-transformers/all-MiniLM-L6-v2,0.4461532173635396,0.632,base,Prolific,https://www.prolific.com/pricing,2026-07-12,0.0951999999999999,0.003,95.2,3.0,98.2
emotion,diversity_al,1000,4,sentence_transformer_logreg,sentence-transformers/all-MiniLM-L6-v2,0.4461532173635396,0.632,high,Prolific,https://www.prolific.com/pricing,2026-07-12,0.4283999999999999,0.003,428.3999999999999,3.0,431.3999999999999
emotion,diversity_al,1000,4,sentence_transformer_logreg,sentence-transformers/all-MiniLM-L6-v2,0.4461532173635396,0.632,low,Amazon Mechanical Turk,https://www.mturk.com/pricing,2026-07-12,0.04,0.003,40.0,3.0,43.0
emotion,hybrid_al,50,0,sentence_transformer_logreg,sentence-transformers/all-MiniLM-L6-v2,0.2865735989230705,0.506,base,Prolific,https://www.prolific.com/pricing,2026-07-12,0.0951999999999999,0.004,4.76,0.2,4.96
emotion,hybrid_al,50,0,sentence_transformer_logreg,sentence-transformers/all-MiniLM-L6-v2,0.2865735989230705,0.506,high,Prolific,https://www.prolific.com/pricing,2026-07-12,0.4283999999999999,0.004,21.42,0.2,21.619999999999997
emotion,hybrid_al,50,0,sentence_transformer_logreg,sentence-transformers/all-MiniLM-L6-v2,0.2865735989230705,0.506,low,Amazon Mechanical Turk,https://www.mturk.com/pricing,2026-07-12,0.04,0.004,2.0,0.2,2.2
emotion,hybrid_al,50,1,sentence_transformer_logreg,sentence-transformers/all-MiniLM-L6-v2,0.2053554453284803,0.464,base,Prolific,https://www.prolific.com/pricing,2026-07-12,0.0951999999999999,0.004,4.76,0.2,4.96
emotion,hybrid_al,50,1,sentence_transformer_logreg,sentence-transformers/all-MiniLM-L6-v2,0.2053554453284803,0.464,high,Prolific,https://www.prolific.com/pricing,2026-07-12,0.4283999999999999,0.004,21.42,0.2,21.619999999999997
emotion,hybrid_al,50,1,sentence_transformer_logreg,sentence-transformers/all-MiniLM-L6-v2,0.2053554453284803,0.464,low,Amazon Mechanical Turk,https://www.mturk.com/pricing,2026-07-12,0.04,0.004,2.0,0.2,2.2
emotion,hybrid_al,50,2,sentence_transformer_logreg,sentence-transformers/all-MiniLM-L6-v2,0.2294927223283505,0.474,base,Prolific,https://www.prolific.com/pricing,2026-07-12,0.0951999999999999,0.004,4.76,0.2,4.96
emotion,hybrid_al,50,2,sentence_transformer_logreg,sentence-transformers/all-MiniLM-L6-v2,0.2294927223283505,0.474,high,Prolific,https://www.prolific.com/pricing,2026-07-12,0.4283999999999999,0.004,21.42,0.2,21.619999999999997
emotion,hybrid_al,50,2,sentence_transformer_logreg,sentence-transformers/all-MiniLM-L6-v2,0.2294927223283505,0.474,low,Amazon Mechanical Turk,https://www.mturk.com/pricing,2026-07-12,0.04,0.004,2.0,0.2,2.2
emotion,hybrid_al,50,3,sentence_transformer_logreg,sentence-transformers/all-MiniLM-L6-v2,0.1942229640947823,0.468,base,Prolific,https://www.prolific.com/pricing,2026-07-12,0.0951999999999999,0.004,4.76,0.2,4.96
emotion,hybrid_al,50,3,sentence_transformer_logreg,sentence-transformers/all-MiniLM-L6-v2,0.1942229640947823,0.468,high,Prolific,https://www.prolific.com/pricing,2026-07-12,0.4283999999999999,0.004,21.42,0.2,21.619999999999997
emotion,hybrid_al,50,3,sentence_transformer_logreg,sentence-transformers/all-MiniLM-L6-v2,0.1942229640947823,0.468,low,Amazon Mechanical Turk,https://www.mturk.com/pricing,2026-07-12,0.04,0.004,2.0,0.2,2.2
emotion,hybrid_al,50,4,sentence_transformer_logreg,sentence-transformers/all-MiniLM-L6-v2,0.2214900304635446,0.493,base,Prolific,https://www.prolific.com/pricing,2026-07-12,0.0951999999999999,0.004,4.76,0.2,4.96
emotion,hybrid_al,50,4,sentence_transformer_logreg,sentence-transformers/all-MiniLM-L6-v2,0.2214900304635446,0.493,high,Prolific,https://www.prolific.com/pricing,2026-07-12,0.4283999999999999,0.004,21.42,0.2,21.619999999999997
emotion,hybrid_al,50,4,sentence_transformer_logreg,sentence-transformers/all-MiniLM-L6-v2,0.2214900304635446,0.493,low,Amazon Mechanical Turk,https://www.mturk.com/pricing,2026-07-12,0.04,0.004,2.0,0.2,2.2
emotion,hybrid_al,100,0,sentence_transformer_logreg,sentence-transformers/all-MiniLM-L6-v2,0.3105666035888426,0.526,base,Prolific,https://www.prolific.com/pricing,2026-07-12,0.0951999999999999,0.004,9.52,0.4,9.92
emotion,hybrid_al,100,0,sentence_transformer_logreg,sentence-transformers/all-MiniLM-L6-v2,0.3105666035888426,0.526,high,Prolific,https://www.prolific.com/pricing,2026-07-12,0.4283999999999999,0.004,42.84,0.4,43.239999999999995
emotion,hybrid_al,100,0,sentence_transformer_logreg,sentence-transformers/all-MiniLM-L6-v2,0.3105666035888426,0.526,low,Amazon Mechanical Turk,https://www.mturk.com/pricing,2026-07-12,0.04,0.004,4.0,0.4,4.4
emotion,hybrid_al,100,1,sentence_transformer_logreg,sentence-transformers/all-MiniLM-L6-v2,0.2712838318859202,0.53,base,Prolific,https://www.prolific.com/pricing,2026-07-12,0.0951999999999999,0.004,9.52,0.4,9.92
emotion,hybrid_al,100,1,sentence_transformer_logreg,sentence-transformers/all-MiniLM-L6-v2,0.2712838318859202,0.53,high,Prolific,https://www.prolific.com/pricing,2026-07-12,0.4283999999999999,0.004,42.84,0.4,43.239999999999995
emotion,hybrid_al,100,1,sentence_transformer_logreg,sentence-transformers/all-MiniLM-L6-v2,0.2712838318859202,0.53,low,Amazon Mechanical Turk,https://www.mturk.com/pricing,2026-07-12,0.04,0.004,4.0,0.4,4.4
emotion,hybrid_al,100,2,sentence_transformer_logreg,sentence-transformers/all-MiniLM-L6-v2,0.300894538343708,0.531,base,Prolific,https://www.prolific.com/pricing,2026-07-12,0.0951999999999999,0.004,9.52,0.4,9.92
emotion,hybrid_al,100,2,sentence_transformer_logreg,sentence-transformers/all-MiniLM-L6-v2,0.300894538343708,0.531,high,Prolific,https://www.prolific.com/pricing,2026-07-12,0.4283999999999999,0.004,42.84,0.4,43.239999999999995
emotion,hybrid_al,100,2,sentence_transformer_logreg,sentence-transformers/all-MiniLM-L6-v2,0.300894538343708,0.531,low,Amazon Mechanical Turk,https://www.mturk.com/pricing,2026-07-12,0.04,0.004,4.0,0.4,4.4
emotion,hybrid_al,100,3,sentence_transformer_logreg,sentence-transformers/all-MiniLM-L6-v2,0.2876206288827786,0.531,base,Prolific,https://www.prolific.com/pricing,2026-07-12,0.0951999999999999,0.004,9.52,0.4,9.92
emotion,hybrid_al,100,3,sentence_transformer_logreg,sentence-transformers/all-MiniLM-L6-v2,0.2876206288827786,0.531,high,Prolific,https://www.prolific.com/pricing,2026-07-12,0.4283999999999999,0.004,42.84,0.4,43.239999999999995
emotion,hybrid_al,100,3,sentence_transformer_logreg,sentence-transformers/all-MiniLM-L6-v2,0.2876206288827786,0.531,low,Amazon Mechanical Turk,https://www.mturk.com/pricing,2026-07-12,0.04,0.004,4.0,0.4,4.4
emotion,hybrid_al,100,4,sentence_transformer_logreg,sentence-transformers/all-MiniLM-L6-v2,0.292652533370378,0.518,base,Prolific,https://www.prolific.com/pricing,2026-07-12,0.0951999999999999,0.004,9.52,0.4,9.92
emotion,hybrid_al,100,4,sentence_transformer_logreg,sentence-transformers/all-MiniLM-L6-v2,0.292652533370378,0.518,high,Prolific,https://www.prolific.com/pricing,2026-07-12,0.4283999999999999,0.004,42.84,0.4,43.239999999999995
emotion,hybrid_al,100,4,sentence_transformer_logreg,sentence-transformers/all-MiniLM-L6-v2,0.292652533370378,0.518,low,Amazon Mechanical Turk,https://www.mturk.com/pricing,2026-07-12,0.04,0.004,4.0,0.4,4.4
emotion,hybrid_al,250,0,sentence_transformer_logreg,sentence-transformers/all-MiniLM-L6-v2,0.3935003563634149,0.599,base,Prolific,https://www.prolific.com/pricing,2026-07-12,0.0951999999999999,0.004,23.799999999999997,1.0,24.799999999999997
emotion,hybrid_al,250,0,sentence_transformer_logreg,sentence-transformers/all-MiniLM-L6-v2,0.3935003563634149,0.599,high,Prolific,https://www.prolific.com/pricing,2026-07-12,0.4283999999999999,0.004,107.09999999999998,1.0,108.09999999999998
emotion,hybrid_al,250,0,sentence_transformer_logreg,sentence-transformers/all-MiniLM-L6-v2,0.3935003563634149,0.599,low,Amazon Mechanical Turk,https://www.mturk.com/pricing,2026-07-12,0.04,0.004,10.0,1.0,11.0
emotion,hybrid_al,250,1,sentence_transformer_logreg,sentence-transformers/all-MiniLM-L6-v2,0.3723995176270845,0.575,base,Prolific,https://www.prolific.com/pricing,2026-07-12,0.0951999999999999,0.004,23.799999999999997,1.0,24.799999999999997
emotion,hybrid_al,250,1,sentence_transformer_logreg,sentence-transformers/all-MiniLM-L6-v2,0.3723995176270845,0.575,high,Prolific,https://www.prolific.com/pricing,2026-07-12,0.4283999999999999,0.004,107.09999999999998,1.0,108.09999999999998
emotion,hybrid_al,250,1,sentence_transformer_logreg,sentence-transformers/all-MiniLM-L6-v2,0.3723995176270845,0.575,low,Amazon Mechanical Turk,https://www.mturk.com/pricing,2026-07-12,0.04,0.004,10.0,1.0,11.0
emotion,hybrid_al,250,2,sentence_transformer_logreg,sentence-transformers/all-MiniLM-L6-v2,0.3797585427722352,0.579,base,Prolific,https://www.prolific.com/pricing,2026-07-12,0.0951999999999999,0.004,23.799999999999997,1.0,24.799999999999997
emotion,hybrid_al,250,2,sentence_transformer_logreg,sentence-transformers/all-MiniLM-L6-v2,0.3797585427722352,0.579,high,Prolific,https://www.prolific.com/pricing,2026-07-12,0.4283999999999999,0.004,107.09999999999998,1.0,108.09999999999998
emotion,hybrid_al,250,2,sentence_transformer_logreg,sentence-transformers/all-MiniLM-L6-v2,0.3797585427722352,0.579,low,Amazon Mechanical Turk,https://www.mturk.com/pricing,2026-07-12,0.04,0.004,10.0,1.0,11.0
emotion,hybrid_al,250,3,sentence_transformer_logreg,sentence-transformers/all-MiniLM-L6-v2,0.3830858315596548,0.591,base,Prolific,https://www.prolific.com/pricing,2026-07-12,0.0951999999999999,0.004,23.799999999999997,1.0,24.799999999999997
emotion,hybrid_al,250,3,sentence_transformer_logreg,sentence-transformers/all-MiniLM-L6-v2,0.3830858315596548,0.591,high,Prolific,https://www.prolific.com/pricing,2026-07-12,0.4283999999999999,0.004,107.09999999999998,1.0,108.09999999999998
emotion,hybrid_al,250,3,sentence_transformer_logreg,sentence-transformers/all-MiniLM-L6-v2,0.3830858315596548,0.591,low,Amazon Mechanical Turk,https://www.mturk.com/pricing,2026-07-12,0.04,0.004,10.0,1.0,11.0
emotion,hybrid_al,250,4,sentence_transformer_logreg,sentence-transformers/all-MiniLM-L6-v2,0.3261298139250901,0.554,base,Prolific,https://www.prolific.com/pricing,2026-07-12,0.0951999999999999,0.004,23.799999999999997,1.0,24.799999999999997
emotion,hybrid_al,250,4,sentence_transformer_logreg,sentence-transformers/all-MiniLM-L6-v2,0.3261298139250901,0.554,high,Prolific,https://www.prolific.com/pricing,2026-07-12,0.4283999999999999,0.004,107.09999999999998,1.0,108.09999999999998
emotion,hybrid_al,250,4,sentence_transformer_logreg,sentence-transformers/all-MiniLM-L6-v2,0.3261298139250901,0.554,low,Amazon Mechanical Turk,https://www.mturk.com/pricing,2026-07-12,0.04,0.004,10.0,1.0,11.0
emotion,hybrid_al,500,0,sentence_transformer_logreg,sentence-transformers/all-MiniLM-L6-v2,0.4488737749327511,0.615,base,Prolific,https://www.prolific.com/pricing,2026-07-12,0.0951999999999999,0.004,47.599999999999994,2.0,49.599999999999994
emotion,hybrid_al,500,0,sentence_transformer_logreg,sentence-transformers/all-MiniLM-L6-v2,0.4488737749327511,0.615,high,Prolific,https://www.prolific.com/pricing,2026-07-12,0.4283999999999999,0.004,214.19999999999996,2.0,216.19999999999996
emotion,hybrid_al,500,0,sentence_transformer_logreg,sentence-transformers/all-MiniLM-L6-v2,0.4488737749327511,0.615,low,Amazon Mechanical Turk,https://www.mturk.com/pricing,2026-07-12,0.04,0.004,20.0,2.0,22.0
emotion,hybrid_al,500,1,sentence_transformer_logreg,sentence-transformers/all-MiniLM-L6-v2,0.4301891419423464,0.611,base,Prolific,https://www.prolific.com/pricing,2026-07-12,0.0951999999999999,0.004,47.599999999999994,2.0,49.599999999999994
emotion,hybrid_al,500,1,sentence_transformer_logreg,sentence-transformers/all-MiniLM-L6-v2,0.4301891419423464,0.611,high,Prolific,https://www.prolific.com/pricing,2026-07-12,0.4283999999999999,0.004,214.19999999999996,2.0,216.19999999999996
emotion,hybrid_al,500,1,sentence_transformer_logreg,sentence-transformers/all-MiniLM-L6-v2,0.4301891419423464,0.611,low,Amazon Mechanical Turk,https://www.mturk.com/pricing,2026-07-12,0.04,0.004,20.0,2.0,22.0
emotion,hybrid_al,500,2,sentence_transformer_logreg,sentence-transformers/all-MiniLM-L6-v2,0.4470103088024779,0.625,base,Prolific,https://www.prolific.com/pricing,2026-07-12,0.0951999999999999,0.004,47.599999999999994,2.0,49.599999999999994
emotion,hybrid_al,500,2,sentence_transformer_logreg,sentence-transformers/all-MiniLM-L6-v2,0.4470103088024779,0.625,high,Prolific,https://www.prolific.com/pricing,2026-07-12,0.4283999999999999,0.004,214.19999999999996,2.0,216.19999999999996
emotion,hybrid_al,500,2,sentence_transformer_logreg,sentence-transformers/all-MiniLM-L6-v2,0.4470103088024779,0.625,low,Amazon Mechanical Turk,https://www.mturk.com/pricing,2026-07-12,0.04,0.004,20.0,2.0,22.0
emotion,hybrid_al,500,3,sentence_transformer_logreg,sentence-transformers/all-MiniLM-L6-v2,0.4219176442779882,0.621,base,Prolific,https://www.prolific.com/pricing,2026-07-12,0.0951999999999999,0.004,47.599999999999994,2.0,49.599999999999994
emotion,hybrid_al,500,3,sentence_transformer_logreg,sentence-transformers/all-MiniLM-L6-v2,0.4219176442779882,0.621,high,Prolific,https://www.prolific.com/pricing,2026-07-12,0.4283999999999999,0.004,214.19999999999996,2.0,216.19999999999996
emotion,hybrid_al,500,3,sentence_transformer_logreg,sentence-transformers/all-MiniLM-L6-v2,0.4219176442779882,0.621,low,Amazon Mechanical Turk,https://www.mturk.com/pricing,2026-07-12,0.04,0.004,20.0,2.0,22.0
emotion,hybrid_al,500,4,sentence_transformer_logreg,sentence-transformers/all-MiniLM-L6-v2,0.4240846907203376,0.616,base,Prolific,https://www.prolific.com/pricing,2026-07-12,0.0951999999999999,0.004,47.599999999999994,2.0,49.599999999999994
emotion,hybrid_al,500,4,sentence_transformer_logreg,sentence-transformers/all-MiniLM-L6-v2,0.4240846907203376,0.616,high,Prolific,https://www.prolific.com/pricing,2026-07-12,0.4283999999999999,0.004,214.19999999999996,2.0,216.19999999999996
emotion,hybrid_al,500,4,sentence_transformer_logreg,sentence-transformers/all-MiniLM-L6-v2,0.4240846907203376,0.616,low,Amazon Mechanical Turk,https://www.mturk.com/pricing,2026-07-12,0.04,0.004,20.0,2.0,22.0
emotion,hybrid_al,1000,0,sentence_transformer_logreg,sentence-transformers/all-MiniLM-L6-v2,0.4664058557888007,0.634,base,Prolific,https://www.prolific.com/pricing,2026-07-12,0.0951999999999999,0.004,95.2,4.0,99.2
emotion,hybrid_al,1000,0,sentence_transformer_logreg,sentence-transformers/all-MiniLM-L6-v2,0.4664058557888007,0.634,high,Prolific,https://www.prolific.com/pricing,2026-07-12,0.4283999999999999,0.004,428.3999999999999,4.0,432.3999999999999
emotion,hybrid_al,1000,0,sentence_transformer_logreg,sentence-transformers/all-MiniLM-L6-v2,0.4664058557888007,0.634,low,Amazon Mechanical Turk,https://www.mturk.com/pricing,2026-07-12,0.04,0.004,40.0,4.0,44.0
emotion,hybrid_al,1000,1,sentence_transformer_logreg,sentence-transformers/all-MiniLM-L6-v2,0.4672617582790025,0.634,base,Prolific,https://www.prolific.com/pricing,2026-07-12,0.0951999999999999,0.004,95.2,4.0,99.2
emotion,hybrid_al,1000,1,sentence_transformer_logreg,sentence-transformers/all-MiniLM-L6-v2,0.4672617582790025,0.634,high,Prolific,https://www.prolific.com/pricing,2026-07-12,0.4283999999999999,0.004,428.3999999999999,4.0,432.3999999999999
emotion,hybrid_al,1000,1,sentence_transformer_logreg,sentence-transformers/all-MiniLM-L6-v2,0.4672617582790025,0.634,low,Amazon Mechanical Turk,https://www.mturk.com/pricing,2026-07-12,0.04,0.004,40.0,4.0,44.0
emotion,hybrid_al,1000,2,sentence_transformer_logreg,sentence-transformers/all-MiniLM-L6-v2,0.4684976826922866,0.64,base,Prolific,https://www.prolific.com/pricing,2026-07-12,0.0951999999999999,0.004,95.2,4.0,99.2
emotion,hybrid_al,1000,2,sentence_transformer_logreg,sentence-transformers/all-MiniLM-L6-v2,0.4684976826922866,0.64,high,Prolific,https://www.prolific.com/pricing,2026-07-12,0.4283999999999999,0.004,428.3999999999999,4.0,432.3999999999999
emotion,hybrid_al,1000,2,sentence_transformer_logreg,sentence-transformers/all-MiniLM-L6-v2,0.4684976826922866,0.64,low,Amazon Mechanical Turk,https://www.mturk.com/pricing,2026-07-12,0.04,0.004,40.0,4.0,44.0
emotion,hybrid_al,1000,3,sentence_transformer_logreg,sentence-transformers/all-MiniLM-L6-v2,0.4755636026164407,0.64,base,Prolific,https://www.prolific.com/pricing,2026-07-12,0.0951999999999999,0.004,95.2,4.0,99.2
emotion,hybrid_al,1000,3,sentence_transformer_logreg,sentence-transformers/all-MiniLM-L6-v2,0.4755636026164407,0.64,high,Prolific,https://www.prolific.com/pricing,2026-07-12,0.4283999999999999,0.004,428.3999999999999,4.0,432.3999999999999
emotion,hybrid_al,1000,3,sentence_transformer_logreg,sentence-transformers/all-MiniLM-L6-v2,0.4755636026164407,0.64,low,Amazon Mechanical Turk,https://www.mturk.com/pricing,2026-07-12,0.04,0.004,40.0,4.0,44.0
emotion,hybrid_al,1000,4,sentence_transformer_logreg,sentence-transformers/all-MiniLM-L6-v2,0.4706492208766124,0.643,base,Prolific,https://www.prolific.com/pricing,2026-07-12,0.0951999999999999,0.004,95.2,4.0,99.2
emotion,hybrid_al,1000,4,sentence_transformer_logreg,sentence-transformers/all-MiniLM-L6-v2,0.4706492208766124,0.643,high,Prolific,https://www.prolific.com/pricing,2026-07-12,0.4283999999999999,0.004,428.3999999999999,4.0,432.3999999999999
emotion,hybrid_al,1000,4,sentence_transformer_logreg,sentence-transformers/all-MiniLM-L6-v2,0.4706492208766124,0.643,low,Amazon Mechanical Turk,https://www.mturk.com/pricing,2026-07-12,0.04,0.004,40.0,4.0,44.0
emotion,random,50,0,sentence_transformer_logreg,sentence-transformers/all-MiniLM-L6-v2,0.1631591232984422,0.436,base,Prolific,https://www.prolific.com/pricing,2026-07-12,0.0951999999999999,0.0,4.76,0.0,4.76
emotion,random,50,0,sentence_transformer_logreg,sentence-transformers/all-MiniLM-L6-v2,0.1631591232984422,0.436,high,Prolific,https://www.prolific.com/pricing,2026-07-12,0.4283999999999999,0.0,21.42,0.0,21.42
emotion,random,50,0,sentence_transformer_logreg,sentence-transformers/all-MiniLM-L6-v2,0.1631591232984422,0.436,low,Amazon Mechanical Turk,https://www.mturk.com/pricing,2026-07-12,0.04,0.0,2.0,0.0,2.0
emotion,random,50,1,sentence_transformer_logreg,sentence-transformers/all-MiniLM-L6-v2,0.1928720103092669,0.462,base,Prolific,https://www.prolific.com/pricing,2026-07-12,0.0951999999999999,0.0,4.76,0.0,4.76
emotion,random,50,1,sentence_transformer_logreg,sentence-transformers/all-MiniLM-L6-v2,0.1928720103092669,0.462,high,Prolific,https://www.prolific.com/pricing,2026-07-12,0.4283999999999999,0.0,21.42,0.0,21.42
emotion,random,50,1,sentence_transformer_logreg,sentence-transformers/all-MiniLM-L6-v2,0.1928720103092669,0.462,low,Amazon Mechanical Turk,https://www.mturk.com/pricing,2026-07-12,0.04,0.0,2.0,0.0,2.0
emotion,random,50,2,sentence_transformer_logreg,sentence-transformers/all-MiniLM-L6-v2,0.0994912194321352,0.363,base,Prolific,https://www.prolific.com/pricing,2026-07-12,0.0951999999999999,0.0,4.76,0.0,4.76
emotion,random,50,2,sentence_transformer_logreg,sentence-transformers/all-MiniLM-L6-v2,0.0994912194321352,0.363,high,Prolific,https://www.prolific.com/pricing,2026-07-12,0.4283999999999999,0.0,21.42,0.0,21.42
emotion,random,50,2,sentence_transformer_logreg,sentence-transformers/all-MiniLM-L6-v2,0.0994912194321352,0.363,low,Amazon Mechanical Turk,https://www.mturk.com/pricing,2026-07-12,0.04,0.0,2.0,0.0,2.0
emotion,random,50,3,sentence_transformer_logreg,sentence-transformers/all-MiniLM-L6-v2,0.1494645657984845,0.419,base,Prolific,https://www.prolific.com/pricing,2026-07-12,0.0951999999999999,0.0,4.76,0.0,4.76
emotion,random,50,3,sentence_transformer_logreg,sentence-transformers/all-MiniLM-L6-v2,0.1494645657984845,0.419,high,Prolific,https://www.prolific.com/pricing,2026-07-12,0.4283999999999999,0.0,21.42,0.0,21.42
emotion,random,50,3,sentence_transformer_logreg,sentence-transformers/all-MiniLM-L6-v2,0.1494645657984845,0.419,low,Amazon Mechanical Turk,https://www.mturk.com/pricing,2026-07-12,0.04,0.0,2.0,0.0,2.0
emotion,random,50,4,sentence_transformer_logreg,sentence-transformers/all-MiniLM-L6-v2,0.1614188058545425,0.395,base,Prolific,https://www.prolific.com/pricing,2026-07-12,0.0951999999999999,0.0,4.76,0.0,4.76
emotion,random,50,4,sentence_transformer_logreg,sentence-transformers/all-MiniLM-L6-v2,0.1614188058545425,0.395,high,Prolific,https://www.prolific.com/pricing,2026-07-12,0.4283999999999999,0.0,21.42,0.0,21.42
emotion,random,50,4,sentence_transformer_logreg,sentence-transformers/all-MiniLM-L6-v2,0.1614188058545425,0.395,low,Amazon Mechanical Turk,https://www.mturk.com/pricing,2026-07-12,0.04,0.0,2.0,0.0,2.0
emotion,random,100,0,sentence_transformer_logreg,sentence-transformers/all-MiniLM-L6-v2,0.2138020734543168,0.484,base,Prolific,https://www.prolific.com/pricing,2026-07-12,0.0951999999999999,0.0,9.52,0.0,9.52
emotion,random,100,0,sentence_transformer_logreg,sentence-transformers/all-MiniLM-L6-v2,0.2138020734543168,0.484,high,Prolific,https://www.prolific.com/pricing,2026-07-12,0.4283999999999999,0.0,42.84,0.0,42.84
emotion,random,100,0,sentence_transformer_logreg,sentence-transformers/all-MiniLM-L6-v2,0.2138020734543168,0.484,low,Amazon Mechanical Turk,https://www.mturk.com/pricing,2026-07-12,0.04,0.0,4.0,0.0,4.0
emotion,random,100,1,sentence_transformer_logreg,sentence-transformers/all-MiniLM-L6-v2,0.212149467553844,0.521,base,Prolific,https://www.prolific.com/pricing,2026-07-12,0.0951999999999999,0.0,9.52,0.0,9.52
emotion,random,100,1,sentence_transformer_logreg,sentence-transformers/all-MiniLM-L6-v2,0.212149467553844,0.521,high,Prolific,https://www.prolific.com/pricing,2026-07-12,0.4283999999999999,0.0,42.84,0.0,42.84
emotion,random,100,1,sentence_transformer_logreg,sentence-transformers/all-MiniLM-L6-v2,0.212149467553844,0.521,low,Amazon Mechanical Turk,https://www.mturk.com/pricing,2026-07-12,0.04,0.0,4.0,0.0,4.0
emotion,random,100,2,sentence_transformer_logreg,sentence-transformers/all-MiniLM-L6-v2,0.2351844729024285,0.491,base,Prolific,https://www.prolific.com/pricing,2026-07-12,0.0951999999999999,0.0,9.52,0.0,9.52
emotion,random,100,2,sentence_transformer_logreg,sentence-transformers/all-MiniLM-L6-v2,0.2351844729024285,0.491,high,Prolific,https://www.prolific.com/pricing,2026-07-12,0.4283999999999999,0.0,42.84,0.0,42.84
emotion,random,100,2,sentence_transformer_logreg,sentence-transformers/all-MiniLM-L6-v2,0.2351844729024285,0.491,low,Amazon Mechanical Turk,https://www.mturk.com/pricing,2026-07-12,0.04,0.0,4.0,0.0,4.0
emotion,random,100,3,sentence_transformer_logreg,sentence-transformers/all-MiniLM-L6-v2,0.2074761662262962,0.501,base,Prolific,https://www.prolific.com/pricing,2026-07-12,0.0951999999999999,0.0,9.52,0.0,9.52
emotion,random,100,3,sentence_transformer_logreg,sentence-transformers/all-MiniLM-L6-v2,0.2074761662262962,0.501,high,Prolific,https://www.prolific.com/pricing,2026-07-12,0.4283999999999999,0.0,42.84,0.0,42.84
emotion,random,100,3,sentence_transformer_logreg,sentence-transformers/all-MiniLM-L6-v2,0.2074761662262962,0.501,low,Amazon Mechanical Turk,https://www.mturk.com/pricing,2026-07-12,0.04,0.0,4.0,0.0,4.0
emotion,random,100,4,sentence_transformer_logreg,sentence-transformers/all-MiniLM-L6-v2,0.2514586205708101,0.521,base,Prolific,https://www.prolific.com/pricing,2026-07-12,0.0951999999999999,0.0,9.52,0.0,9.52
emotion,random,100,4,sentence_transformer_logreg,sentence-transformers/all-MiniLM-L6-v2,0.2514586205708101,0.521,high,Prolific,https://www.prolific.com/pricing,2026-07-12,0.4283999999999999,0.0,42.84,0.0,42.84
emotion,random,100,4,sentence_transformer_logreg,sentence-transformers/all-MiniLM-L6-v2,0.2514586205708101,0.521,low,Amazon Mechanical Turk,https://www.mturk.com/pricing,2026-07-12,0.04,0.0,4.0,0.0,4.0
emotion,random,250,0,sentence_transformer_logreg,sentence-transformers/all-MiniLM-L6-v2,0.316190318283408,0.552,base,Prolific,https://www.prolific.com/pricing,2026-07-12,0.0951999999999999,0.0,23.799999999999997,0.0,23.799999999999997
emotion,random,250,0,sentence_transformer_logreg,sentence-transformers/all-MiniLM-L6-v2,0.316190318283408,0.552,high,Prolific,https://www.prolific.com/pricing,2026-07-12,0.4283999999999999,0.0,107.09999999999998,0.0,107.09999999999998
emotion,random,250,0,sentence_transformer_logreg,sentence-transformers/all-MiniLM-L6-v2,0.316190318283408,0.552,low,Amazon Mechanical Turk,https://www.mturk.com/pricing,2026-07-12,0.04,0.0,10.0,0.0,10.0
emotion,random,250,1,sentence_transformer_logreg,sentence-transformers/all-MiniLM-L6-v2,0.3472008989812038,0.574,base,Prolific,https://www.prolific.com/pricing,2026-07-12,0.0951999999999999,0.0,23.799999999999997,0.0,23.799999999999997
emotion,random,250,1,sentence_transformer_logreg,sentence-transformers/all-MiniLM-L6-v2,0.3472008989812038,0.574,high,Prolific,https://www.prolific.com/pricing,2026-07-12,0.4283999999999999,0.0,107.09999999999998,0.0,107.09999999999998
emotion,random,250,1,sentence_transformer_logreg,sentence-transformers/all-MiniLM-L6-v2,0.3472008989812038,0.574,low,Amazon Mechanical Turk,https://www.mturk.com/pricing,2026-07-12,0.04,0.0,10.0,0.0,10.0
emotion,random,250,2,sentence_transformer_logreg,sentence-transformers/all-MiniLM-L6-v2,0.3089747577669109,0.559,base,Prolific,https://www.prolific.com/pricing,2026-07-12,0.0951999999999999,0.0,23.799999999999997,0.0,23.799999999999997
emotion,random,250,2,sentence_transformer_logreg,sentence-transformers/all-MiniLM-L6-v2,0.3089747577669109,0.559,high,Prolific,https://www.prolific.com/pricing,2026-07-12,0.4283999999999999,0.0,107.09999999999998,0.0,107.09999999999998
emotion,random,250,2,sentence_transformer_logreg,sentence-transformers/all-MiniLM-L6-v2,0.3089747577669109,0.559,low,Amazon Mechanical Turk,https://www.mturk.com/pricing,2026-07-12,0.04,0.0,10.0,0.0,10.0
emotion,random,250,3,sentence_transformer_logreg,sentence-transformers/all-MiniLM-L6-v2,0.3570482777096111,0.562,base,Prolific,https://www.prolific.com/pricing,2026-07-12,0.0951999999999999,0.0,23.799999999999997,0.0,23.799999999999997
emotion,random,250,3,sentence_transformer_logreg,sentence-transformers/all-MiniLM-L6-v2,0.3570482777096111,0.562,high,Prolific,https://www.prolific.com/pricing,2026-07-12,0.4283999999999999,0.0,107.09999999999998,0.0,107.09999999999998
emotion,random,250,3,sentence_transformer_logreg,sentence-transformers/all-MiniLM-L6-v2,0.3570482777096111,0.562,low,Amazon Mechanical Turk,https://www.mturk.com/pricing,2026-07-12,0.04,0.0,10.0,0.0,10.0
emotion,random,250,4,sentence_transformer_logreg,sentence-transformers/all-MiniLM-L6-v2,0.3181306926121912,0.56,base,Prolific,https://www.prolific.com/pricing,2026-07-12,0.0951999999999999,0.0,23.799999999999997,0.0,23.799999999999997
emotion,random,250,4,sentence_transformer_logreg,sentence-transformers/all-MiniLM-L6-v2,0.3181306926121912,0.56,high,Prolific,https://www.prolific.com/pricing,2026-07-12,0.4283999999999999,0.0,107.09999999999998,0.0,107.09999999999998
emotion,random,250,4,sentence_transformer_logreg,sentence-transformers/all-MiniLM-L6-v2,0.3181306926121912,0.56,low,Amazon Mechanical Turk,https://www.mturk.com/pricing,2026-07-12,0.04,0.0,10.0,0.0,10.0
emotion,random,500,0,sentence_transformer_logreg,sentence-transformers/all-MiniLM-L6-v2,0.4082920176084559,0.596,base,Prolific,https://www.prolific.com/pricing,2026-07-12,0.0951999999999999,0.0,47.599999999999994,0.0,47.599999999999994
emotion,random,500,0,sentence_transformer_logreg,sentence-transformers/all-MiniLM-L6-v2,0.4082920176084559,0.596,high,Prolific,https://www.prolific.com/pricing,2026-07-12,0.4283999999999999,0.0,214.19999999999996,0.0,214.19999999999996
emotion,random,500,0,sentence_transformer_logreg,sentence-transformers/all-MiniLM-L6-v2,0.4082920176084559,0.596,low,Amazon Mechanical Turk,https://www.mturk.com/pricing,2026-07-12,0.04,0.0,20.0,0.0,20.0
emotion,random,500,1,sentence_transformer_logreg,sentence-transformers/all-MiniLM-L6-v2,0.4162419945956053,0.618,base,Prolific,https://www.prolific.com/pricing,2026-07-12,0.0951999999999999,0.0,47.599999999999994,0.0,47.599999999999994
emotion,random,500,1,sentence_transformer_logreg,sentence-transformers/all-MiniLM-L6-v2,0.4162419945956053,0.618,high,Prolific,https://www.prolific.com/pricing,2026-07-12,0.4283999999999999,0.0,214.19999999999996,0.0,214.19999999999996
emotion,random,500,1,sentence_transformer_logreg,sentence-transformers/all-MiniLM-L6-v2,0.4162419945956053,0.618,low,Amazon Mechanical Turk,https://www.mturk.com/pricing,2026-07-12,0.04,0.0,20.0,0.0,20.0
emotion,random,500,2,sentence_transformer_logreg,sentence-transformers/all-MiniLM-L6-v2,0.3738609278245681,0.598,base,Prolific,https://www.prolific.com/pricing,2026-07-12,0.0951999999999999,0.0,47.599999999999994,0.0,47.599999999999994
emotion,random,500,2,sentence_transformer_logreg,sentence-transformers/all-MiniLM-L6-v2,0.3738609278245681,0.598,high,Prolific,https://www.prolific.com/pricing,2026-07-12,0.4283999999999999,0.0,214.19999999999996,0.0,214.19999999999996
emotion,random,500,2,sentence_transformer_logreg,sentence-transformers/all-MiniLM-L6-v2,0.3738609278245681,0.598,low,Amazon Mechanical Turk,https://www.mturk.com/pricing,2026-07-12,0.04,0.0,20.0,0.0,20.0
emotion,random,500,3,sentence_transformer_logreg,sentence-transformers/all-MiniLM-L6-v2,0.4068517001764423,0.611,base,Prolific,https://www.prolific.com/pricing,2026-07-12,0.0951999999999999,0.0,47.599999999999994,0.0,47.599999999999994
emotion,random,500,3,sentence_transformer_logreg,sentence-transformers/all-MiniLM-L6-v2,0.4068517001764423,0.611,high,Prolific,https://www.prolific.com/pricing,2026-07-12,0.4283999999999999,0.0,214.19999999999996,0.0,214.19999999999996
emotion,random,500,3,sentence_transformer_logreg,sentence-transformers/all-MiniLM-L6-v2,0.4068517001764423,0.611,low,Amazon Mechanical Turk,https://www.mturk.com/pricing,2026-07-12,0.04,0.0,20.0,0.0,20.0
emotion,random,500,4,sentence_transformer_logreg,sentence-transformers/all-MiniLM-L6-v2,0.4049140827776706,0.609,base,Prolific,https://www.prolific.com/pricing,2026-07-12,0.0951999999999999,0.0,47.599999999999994,0.0,47.599999999999994
emotion,random,500,4,sentence_transformer_logreg,sentence-transformers/all-MiniLM-L6-v2,0.4049140827776706,0.609,high,Prolific,https://www.prolific.com/pricing,2026-07-12,0.4283999999999999,0.0,214.19999999999996,0.0,214.19999999999996
emotion,random,500,4,sentence_transformer_logreg,sentence-transformers/all-MiniLM-L6-v2,0.4049140827776706,0.609,low,Amazon Mechanical Turk,https://www.mturk.com/pricing,2026-07-12,0.04,0.0,20.0,0.0,20.0
emotion,random,1000,0,sentence_transformer_logreg,sentence-transformers/all-MiniLM-L6-v2,0.4515240910808629,0.638,base,Prolific,https://www.prolific.com/pricing,2026-07-12,0.0951999999999999,0.0,95.2,0.0,95.2
emotion,random,1000,0,sentence_transformer_logreg,sentence-transformers/all-MiniLM-L6-v2,0.4515240910808629,0.638,high,Prolific,https://www.prolific.com/pricing,2026-07-12,0.4283999999999999,0.0,428.3999999999999,0.0,428.3999999999999
emotion,random,1000,0,sentence_transformer_logreg,sentence-transformers/all-MiniLM-L6-v2,0.4515240910808629,0.638,low,Amazon Mechanical Turk,https://www.mturk.com/pricing,2026-07-12,0.04,0.0,40.0,0.0,40.0
emotion,random,1000,1,sentence_transformer_logreg,sentence-transformers/all-MiniLM-L6-v2,0.4556297570705432,0.64,base,Prolific,https://www.prolific.com/pricing,2026-07-12,0.0951999999999999,0.0,95.2,0.0,95.2
emotion,random,1000,1,sentence_transformer_logreg,sentence-transformers/all-MiniLM-L6-v2,0.4556297570705432,0.64,high,Prolific,https://www.prolific.com/pricing,2026-07-12,0.4283999999999999,0.0,428.3999999999999,0.0,428.3999999999999
emotion,random,1000,1,sentence_transformer_logreg,sentence-transformers/all-MiniLM-L6-v2,0.4556297570705432,0.64,low,Amazon Mechanical Turk,https://www.mturk.com/pricing,2026-07-12,0.04,0.0,40.0,0.0,40.0
emotion,random,1000,2,sentence_transformer_logreg,sentence-transformers/all-MiniLM-L6-v2,0.4596385429571337,0.647,base,Prolific,https://www.prolific.com/pricing,2026-07-12,0.0951999999999999,0.0,95.2,0.0,95.2
emotion,random,1000,2,sentence_transformer_logreg,sentence-transformers/all-MiniLM-L6-v2,0.4596385429571337,0.647,high,Prolific,https://www.prolific.com/pricing,2026-07-12,0.4283999999999999,0.0,428.3999999999999,0.0,428.3999999999999
emotion,random,1000,2,sentence_transformer_logreg,sentence-transformers/all-MiniLM-L6-v2,0.4596385429571337,0.647,low,Amazon Mechanical Turk,https://www.mturk.com/pricing,2026-07-12,0.04,0.0,40.0,0.0,40.0
emotion,random,1000,3,sentence_transformer_logreg,sentence-transformers/all-MiniLM-L6-v2,0.4491206235500828,0.633,base,Prolific,https://www.prolific.com/pricing,2026-07-12,0.0951999999999999,0.0,95.2,0.0,95.2
emotion,random,1000,3,sentence_transformer_logreg,sentence-transformers/all-MiniLM-L6-v2,0.4491206235500828,0.633,high,Prolific,https://www.prolific.com/pricing,2026-07-12,0.4283999999999999,0.0,428.3999999999999,0.0,428.3999999999999
emotion,random,1000,3,sentence_transformer_logreg,sentence-transformers/all-MiniLM-L6-v2,0.4491206235500828,0.633,low,Amazon Mechanical Turk,https://www.mturk.com/pricing,2026-07-12,0.04,0.0,40.0,0.0,40.0
emotion,random,1000,4,sentence_transformer_logreg,sentence-transformers/all-MiniLM-L6-v2,0.4417630138200195,0.623,base,Prolific,https://www.prolific.com/pricing,2026-07-12,0.0951999999999999,0.0,95.2,0.0,95.2
emotion,random,1000,4,sentence_transformer_logreg,sentence-transformers/all-MiniLM-L6-v2,0.4417630138200195,0.623,high,Prolific,https://www.prolific.com/pricing,2026-07-12,0.4283999999999999,0.0,428.3999999999999,0.0,428.3999999999999
emotion,random,1000,4,sentence_transformer_logreg,sentence-transformers/all-MiniLM-L6-v2,0.4417630138200195,0.623,low,Amazon Mechanical Turk,https://www.mturk.com/pricing,2026-07-12,0.04,0.0,40.0,0.0,40.0
emotion,uncertainty_al,50,0,sentence_transformer_logreg,sentence-transformers/all-MiniLM-L6-v2,0.1738784769571023,0.447,base,Prolific,https://www.prolific.com/pricing,2026-07-12,0.0951999999999999,0.002,4.76,0.1,4.859999999999999
emotion,uncertainty_al,50,0,sentence_transformer_logreg,sentence-transformers/all-MiniLM-L6-v2,0.1738784769571023,0.447,high,Prolific,https://www.prolific.com/pricing,2026-07-12,0.4283999999999999,0.002,21.42,0.1,21.52
emotion,uncertainty_al,50,0,sentence_transformer_logreg,sentence-transformers/all-MiniLM-L6-v2,0.1738784769571023,0.447,low,Amazon Mechanical Turk,https://www.mturk.com/pricing,2026-07-12,0.04,0.002,2.0,0.1,2.1
emotion,uncertainty_al,50,1,sentence_transformer_logreg,sentence-transformers/all-MiniLM-L6-v2,0.2023771368742944,0.495,base,Prolific,https://www.prolific.com/pricing,2026-07-12,0.0951999999999999,0.002,4.76,0.1,4.859999999999999
emotion,uncertainty_al,50,1,sentence_transformer_logreg,sentence-transformers/all-MiniLM-L6-v2,0.2023771368742944,0.495,high,Prolific,https://www.prolific.com/pricing,2026-07-12,0.4283999999999999,0.002,21.42,0.1,21.52
emotion,uncertainty_al,50,1,sentence_transformer_logreg,sentence-transformers/all-MiniLM-L6-v2,0.2023771368742944,0.495,low,Amazon Mechanical Turk,https://www.mturk.com/pricing,2026-07-12,0.04,0.002,2.0,0.1,2.1
emotion,uncertainty_al,50,2,sentence_transformer_logreg,sentence-transformers/all-MiniLM-L6-v2,0.1556523037250452,0.334,base,Prolific,https://www.prolific.com/pricing,2026-07-12,0.0951999999999999,0.002,4.76,0.1,4.859999999999999
emotion,uncertainty_al,50,2,sentence_transformer_logreg,sentence-transformers/all-MiniLM-L6-v2,0.1556523037250452,0.334,high,Prolific,https://www.prolific.com/pricing,2026-07-12,0.4283999999999999,0.002,21.42,0.1,21.52
emotion,uncertainty_al,50,2,sentence_transformer_logreg,sentence-transformers/all-MiniLM-L6-v2,0.1556523037250452,0.334,low,Amazon Mechanical Turk,https://www.mturk.com/pricing,2026-07-12,0.04,0.002,2.0,0.1,2.1
emotion,uncertainty_al,50,3,sentence_transformer_logreg,sentence-transformers/all-MiniLM-L6-v2,0.1541184391102825,0.421,base,Prolific,https://www.prolific.com/pricing,2026-07-12,0.0951999999999999,0.002,4.76,0.1,4.859999999999999
emotion,uncertainty_al,50,3,sentence_transformer_logreg,sentence-transformers/all-MiniLM-L6-v2,0.1541184391102825,0.421,high,Prolific,https://www.prolific.com/pricing,2026-07-12,0.4283999999999999,0.002,21.42,0.1,21.52
emotion,uncertainty_al,50,3,sentence_transformer_logreg,sentence-transformers/all-MiniLM-L6-v2,0.1541184391102825,0.421,low,Amazon Mechanical Turk,https://www.mturk.com/pricing,2026-07-12,0.04,0.002,2.0,0.1,2.1
emotion,uncertainty_al,50,4,sentence_transformer_logreg,sentence-transformers/all-MiniLM-L6-v2,0.1322232471866147,0.398,base,Prolific,https://www.prolific.com/pricing,2026-07-12,0.0951999999999999,0.002,4.76,0.1,4.859999999999999
emotion,uncertainty_al,50,4,sentence_transformer_logreg,sentence-transformers/all-MiniLM-L6-v2,0.1322232471866147,0.398,high,Prolific,https://www.prolific.com/pricing,2026-07-12,0.4283999999999999,0.002,21.42,0.1,21.52
emotion,uncertainty_al,50,4,sentence_transformer_logreg,sentence-transformers/all-MiniLM-L6-v2,0.1322232471866147,0.398,low,Amazon Mechanical Turk,https://www.mturk.com/pricing,2026-07-12,0.04,0.002,2.0,0.1,2.1
emotion,uncertainty_al,100,0,sentence_transformer_logreg,sentence-transformers/all-MiniLM-L6-v2,0.2392825063794704,0.513,base,Prolific,https://www.prolific.com/pricing,2026-07-12,0.0951999999999999,0.002,9.52,0.2,9.72
emotion,uncertainty_al,100,0,sentence_transformer_logreg,sentence-transformers/all-MiniLM-L6-v2,0.2392825063794704,0.513,high,Prolific,https://www.prolific.com/pricing,2026-07-12,0.4283999999999999,0.002,42.84,0.2,43.04
emotion,uncertainty_al,100,0,sentence_transformer_logreg,sentence-transformers/all-MiniLM-L6-v2,0.2392825063794704,0.513,low,Amazon Mechanical Turk,https://www.mturk.com/pricing,2026-07-12,0.04,0.002,4.0,0.2,4.2
emotion,uncertainty_al,100,1,sentence_transformer_logreg,sentence-transformers/all-MiniLM-L6-v2,0.2837039539809038,0.536,base,Prolific,https://www.prolific.com/pricing,2026-07-12,0.0951999999999999,0.002,9.52,0.2,9.72
emotion,uncertainty_al,100,1,sentence_transformer_logreg,sentence-transformers/all-MiniLM-L6-v2,0.2837039539809038,0.536,high,Prolific,https://www.prolific.com/pricing,2026-07-12,0.4283999999999999,0.002,42.84,0.2,43.04
emotion,uncertainty_al,100,1,sentence_transformer_logreg,sentence-transformers/all-MiniLM-L6-v2,0.2837039539809038,0.536,low,Amazon Mechanical Turk,https://www.mturk.com/pricing,2026-07-12,0.04,0.002,4.0,0.2,4.2
emotion,uncertainty_al,100,2,sentence_transformer_logreg,sentence-transformers/all-MiniLM-L6-v2,0.3237331333669682,0.53,base,Prolific,https://www.prolific.com/pricing,2026-07-12,0.0951999999999999,0.002,9.52,0.2,9.72
emotion,uncertainty_al,100,2,sentence_transformer_logreg,sentence-transformers/all-MiniLM-L6-v2,0.3237331333669682,0.53,high,Prolific,https://www.prolific.com/pricing,2026-07-12,0.4283999999999999,0.002,42.84,0.2,43.04
emotion,uncertainty_al,100,2,sentence_transformer_logreg,sentence-transformers/all-MiniLM-L6-v2,0.3237331333669682,0.53,low,Amazon Mechanical Turk,https://www.mturk.com/pricing,2026-07-12,0.04,0.002,4.0,0.2,4.2
emotion,uncertainty_al,100,3,sentence_transformer_logreg,sentence-transformers/all-MiniLM-L6-v2,0.2571112435369799,0.511,base,Prolific,https://www.prolific.com/pricing,2026-07-12,0.0951999999999999,0.002,9.52,0.2,9.72
emotion,uncertainty_al,100,3,sentence_transformer_logreg,sentence-transformers/all-MiniLM-L6-v2,0.2571112435369799,0.511,high,Prolific,https://www.prolific.com/pricing,2026-07-12,0.4283999999999999,0.002,42.84,0.2,43.04
emotion,uncertainty_al,100,3,sentence_transformer_logreg,sentence-transformers/all-MiniLM-L6-v2,0.2571112435369799,0.511,low,Amazon Mechanical Turk,https://www.mturk.com/pricing,2026-07-12,0.04,0.002,4.0,0.2,4.2
emotion,uncertainty_al,100,4,sentence_transformer_logreg,sentence-transformers/all-MiniLM-L6-v2,0.1884942962178734,0.462,base,Prolific,https://www.prolific.com/pricing,2026-07-12,0.0951999999999999,0.002,9.52,0.2,9.72
emotion,uncertainty_al,100,4,sentence_transformer_logreg,sentence-transformers/all-MiniLM-L6-v2,0.1884942962178734,0.462,high,Prolific,https://www.prolific.com/pricing,2026-07-12,0.4283999999999999,0.002,42.84,0.2,43.04
emotion,uncertainty_al,100,4,sentence_transformer_logreg,sentence-transformers/all-MiniLM-L6-v2,0.1884942962178734,0.462,low,Amazon Mechanical Turk,https://www.mturk.com/pricing,2026-07-12,0.04,0.002,4.0,0.2,4.2
emotion,uncertainty_al,250,0,sentence_transformer_logreg,sentence-transformers/all-MiniLM-L6-v2,0.3348499628769223,0.555,base,Prolific,https://www.prolific.com/pricing,2026-07-12,0.0951999999999999,0.002,23.799999999999997,0.5,24.299999999999997
emotion,uncertainty_al,250,0,sentence_transformer_logreg,sentence-transformers/all-MiniLM-L6-v2,0.3348499628769223,0.555,high,Prolific,https://www.prolific.com/pricing,2026-07-12,0.4283999999999999,0.002,107.09999999999998,0.5,107.59999999999998
emotion,uncertainty_al,250,0,sentence_transformer_logreg,sentence-transformers/all-MiniLM-L6-v2,0.3348499628769223,0.555,low,Amazon Mechanical Turk,https://www.mturk.com/pricing,2026-07-12,0.04,0.002,10.0,0.5,10.5
emotion,uncertainty_al,250,1,sentence_transformer_logreg,sentence-transformers/all-MiniLM-L6-v2,0.3395518819001767,0.558,base,Prolific,https://www.prolific.com/pricing,2026-07-12,0.0951999999999999,0.002,23.799999999999997,0.5,24.299999999999997
emotion,uncertainty_al,250,1,sentence_transformer_logreg,sentence-transformers/all-MiniLM-L6-v2,0.3395518819001767,0.558,high,Prolific,https://www.prolific.com/pricing,2026-07-12,0.4283999999999999,0.002,107.09999999999998,0.5,107.59999999999998
emotion,uncertainty_al,250,1,sentence_transformer_logreg,sentence-transformers/all-MiniLM-L6-v2,0.3395518819001767,0.558,low,Amazon Mechanical Turk,https://www.mturk.com/pricing,2026-07-12,0.04,0.002,10.0,0.5,10.5
emotion,uncertainty_al,250,2,sentence_transformer_logreg,sentence-transformers/all-MiniLM-L6-v2,0.3743365105701242,0.583,base,Prolific,https://www.prolific.com/pricing,2026-07-12,0.0951999999999999,0.002,23.799999999999997,0.5,24.299999999999997
emotion,uncertainty_al,250,2,sentence_transformer_logreg,sentence-transformers/all-MiniLM-L6-v2,0.3743365105701242,0.583,high,Prolific,https://www.prolific.com/pricing,2026-07-12,0.4283999999999999,0.002,107.09999999999998,0.5,107.59999999999998
emotion,uncertainty_al,250,2,sentence_transformer_logreg,sentence-transformers/all-MiniLM-L6-v2,0.3743365105701242,0.583,low,Amazon Mechanical Turk,https://www.mturk.com/pricing,2026-07-12,0.04,0.002,10.0,0.5,10.5
emotion,uncertainty_al,250,3,sentence_transformer_logreg,sentence-transformers/all-MiniLM-L6-v2,0.3316104961831058,0.537,base,Prolific,https://www.prolific.com/pricing,2026-07-12,0.0951999999999999,0.002,23.799999999999997,0.5,24.299999999999997
emotion,uncertainty_al,250,3,sentence_transformer_logreg,sentence-transformers/all-MiniLM-L6-v2,0.3316104961831058,0.537,high,Prolific,https://www.prolific.com/pricing,2026-07-12,0.4283999999999999,0.002,107.09999999999998,0.5,107.59999999999998
emotion,uncertainty_al,250,3,sentence_transformer_logreg,sentence-transformers/all-MiniLM-L6-v2,0.3316104961831058,0.537,low,Amazon Mechanical Turk,https://www.mturk.com/pricing,2026-07-12,0.04,0.002,10.0,0.5,10.5
emotion,uncertainty_al,250,4,sentence_transformer_logreg,sentence-transformers/all-MiniLM-L6-v2,0.3435346529608825,0.543,base,Prolific,https://www.prolific.com/pricing,2026-07-12,0.0951999999999999,0.002,23.799999999999997,0.5,24.299999999999997
emotion,uncertainty_al,250,4,sentence_transformer_logreg,sentence-transformers/all-MiniLM-L6-v2,0.3435346529608825,0.543,high,Prolific,https://www.prolific.com/pricing,2026-07-12,0.4283999999999999,0.002,107.09999999999998,0.5,107.59999999999998
emotion,uncertainty_al,250,4,sentence_transformer_logreg,sentence-transformers/all-MiniLM-L6-v2,0.3435346529608825,0.543,low,Amazon Mechanical Turk,https://www.mturk.com/pricing,2026-07-12,0.04,0.002,10.0,0.5,10.5
emotion,uncertainty_al,500,0,sentence_transformer_logreg,sentence-transformers/all-MiniLM-L6-v2,0.419044953945944,0.629,base,Prolific,https://www.prolific.com/pricing,2026-07-12,0.0951999999999999,0.002,47.599999999999994,1.0,48.599999999999994
emotion,uncertainty_al,500,0,sentence_transformer_logreg,sentence-transformers/all-MiniLM-L6-v2,0.419044953945944,0.629,high,Prolific,https://www.prolific.com/pricing,2026-07-12,0.4283999999999999,0.002,214.19999999999996,1.0,215.19999999999996
emotion,uncertainty_al,500,0,sentence_transformer_logreg,sentence-transformers/all-MiniLM-L6-v2,0.419044953945944,0.629,low,Amazon Mechanical Turk,https://www.mturk.com/pricing,2026-07-12,0.04,0.002,20.0,1.0,21.0
emotion,uncertainty_al,500,1,sentence_transformer_logreg,sentence-transformers/all-MiniLM-L6-v2,0.39717843486227,0.596,base,Prolific,https://www.prolific.com/pricing,2026-07-12,0.0951999999999999,0.002,47.599999999999994,1.0,48.599999999999994
emotion,uncertainty_al,500,1,sentence_transformer_logreg,sentence-transformers/all-MiniLM-L6-v2,0.39717843486227,0.596,high,Prolific,https://www.prolific.com/pricing,2026-07-12,0.4283999999999999,0.002,214.19999999999996,1.0,215.19999999999996
emotion,uncertainty_al,500,1,sentence_transformer_logreg,sentence-transformers/all-MiniLM-L6-v2,0.39717843486227,0.596,low,Amazon Mechanical Turk,https://www.mturk.com/pricing,2026-07-12,0.04,0.002,20.0,1.0,21.0
emotion,uncertainty_al,500,2,sentence_transformer_logreg,sentence-transformers/all-MiniLM-L6-v2,0.3987519097096164,0.606,base,Prolific,https://www.prolific.com/pricing,2026-07-12,0.0951999999999999,0.002,47.599999999999994,1.0,48.599999999999994
emotion,uncertainty_al,500,2,sentence_transformer_logreg,sentence-transformers/all-MiniLM-L6-v2,0.3987519097096164,0.606,high,Prolific,https://www.prolific.com/pricing,2026-07-12,0.4283999999999999,0.002,214.19999999999996,1.0,215.19999999999996
emotion,uncertainty_al,500,2,sentence_transformer_logreg,sentence-transformers/all-MiniLM-L6-v2,0.3987519097096164,0.606,low,Amazon Mechanical Turk,https://www.mturk.com/pricing,2026-07-12,0.04,0.002,20.0,1.0,21.0
emotion,uncertainty_al,500,3,sentence_transformer_logreg,sentence-transformers/all-MiniLM-L6-v2,0.3823202341764938,0.599,base,Prolific,https://www.prolific.com/pricing,2026-07-12,0.0951999999999999,0.002,47.599999999999994,1.0,48.599999999999994
emotion,uncertainty_al,500,3,sentence_transformer_logreg,sentence-transformers/all-MiniLM-L6-v2,0.3823202341764938,0.599,high,Prolific,https://www.prolific.com/pricing,2026-07-12,0.4283999999999999,0.002,214.19999999999996,1.0,215.19999999999996
emotion,uncertainty_al,500,3,sentence_transformer_logreg,sentence-transformers/all-MiniLM-L6-v2,0.3823202341764938,0.599,low,Amazon Mechanical Turk,https://www.mturk.com/pricing,2026-07-12,0.04,0.002,20.0,1.0,21.0
emotion,uncertainty_al,500,4,sentence_transformer_logreg,sentence-transformers/all-MiniLM-L6-v2,0.4018730691314072,0.601,base,Prolific,https://www.prolific.com/pricing,2026-07-12,0.0951999999999999,0.002,47.599999999999994,1.0,48.599999999999994
emotion,uncertainty_al,500,4,sentence_transformer_logreg,sentence-transformers/all-MiniLM-L6-v2,0.4018730691314072,0.601,high,Prolific,https://www.prolific.com/pricing,2026-07-12,0.4283999999999999,0.002,214.19999999999996,1.0,215.19999999999996
emotion,uncertainty_al,500,4,sentence_transformer_logreg,sentence-transformers/all-MiniLM-L6-v2,0.4018730691314072,0.601,low,Amazon Mechanical Turk,https://www.mturk.com/pricing,2026-07-12,0.04,0.002,20.0,1.0,21.0
emotion,uncertainty_al,1000,0,sentence_transformer_logreg,sentence-transformers/all-MiniLM-L6-v2,0.4611167698431135,0.63,base,Prolific,https://www.prolific.com/pricing,2026-07-12,0.0951999999999999,0.002,95.2,2.0,97.2
emotion,uncertainty_al,1000,0,sentence_transformer_logreg,sentence-transformers/all-MiniLM-L6-v2,0.4611167698431135,0.63,high,Prolific,https://www.prolific.com/pricing,2026-07-12,0.4283999999999999,0.002,428.3999999999999,2.0,430.3999999999999
emotion,uncertainty_al,1000,0,sentence_transformer_logreg,sentence-transformers/all-MiniLM-L6-v2,0.4611167698431135,0.63,low,Amazon Mechanical Turk,https://www.mturk.com/pricing,2026-07-12,0.04,0.002,40.0,2.0,42.0
emotion,uncertainty_al,1000,1,sentence_transformer_logreg,sentence-transformers/all-MiniLM-L6-v2,0.455027358008329,0.633,base,Prolific,https://www.prolific.com/pricing,2026-07-12,0.0951999999999999,0.002,95.2,2.0,97.2
emotion,uncertainty_al,1000,1,sentence_transformer_logreg,sentence-transformers/all-MiniLM-L6-v2,0.455027358008329,0.633,high,Prolific,https://www.prolific.com/pricing,2026-07-12,0.4283999999999999,0.002,428.3999999999999,2.0,430.3999999999999
emotion,uncertainty_al,1000,1,sentence_transformer_logreg,sentence-transformers/all-MiniLM-L6-v2,0.455027358008329,0.633,low,Amazon Mechanical Turk,https://www.mturk.com/pricing,2026-07-12,0.04,0.002,40.0,2.0,42.0
emotion,uncertainty_al,1000,2,sentence_transformer_logreg,sentence-transformers/all-MiniLM-L6-v2,0.4535051070170441,0.632,base,Prolific,https://www.prolific.com/pricing,2026-07-12,0.0951999999999999,0.002,95.2,2.0,97.2
emotion,uncertainty_al,1000,2,sentence_transformer_logreg,sentence-transformers/all-MiniLM-L6-v2,0.4535051070170441,0.632,high,Prolific,https://www.prolific.com/pricing,2026-07-12,0.4283999999999999,0.002,428.3999999999999,2.0,430.3999999999999
emotion,uncertainty_al,1000,2,sentence_transformer_logreg,sentence-transformers/all-MiniLM-L6-v2,0.4535051070170441,0.632,low,Amazon Mechanical Turk,https://www.mturk.com/pricing,2026-07-12,0.04,0.002,40.0,2.0,42.0
emotion,uncertainty_al,1000,3,sentence_transformer_logreg,sentence-transformers/all-MiniLM-L6-v2,0.4431037788886854,0.623,base,Prolific,https://www.prolific.com/pricing,2026-07-12,0.0951999999999999,0.002,95.2,2.0,97.2
emotion,uncertainty_al,1000,3,sentence_transformer_logreg,sentence-transformers/all-MiniLM-L6-v2,0.4431037788886854,0.623,high,Prolific,https://www.prolific.com/pricing,2026-07-12,0.4283999999999999,0.002,428.3999999999999,2.0,430.3999999999999
emotion,uncertainty_al,1000,3,sentence_transformer_logreg,sentence-transformers/all-MiniLM-L6-v2,0.4431037788886854,0.623,low,Amazon Mechanical Turk,https://www.mturk.com/pricing,2026-07-12,0.04,0.002,40.0,2.0,42.0
emotion,uncertainty_al,1000,4,sentence_transformer_logreg,sentence-transformers/all-MiniLM-L6-v2,0.4732978171369685,0.641,base,Prolific,https://www.prolific.com/pricing,2026-07-12,0.0951999999999999,0.002,95.2,2.0,97.2
emotion,uncertainty_al,1000,4,sentence_transformer_logreg,sentence-transformers/all-MiniLM-L6-v2,0.4732978171369685,0.641,high,Prolific,https://www.prolific.com/pricing,2026-07-12,0.4283999999999999,0.002,428.3999999999999,2.0,430.3999999999999
emotion,uncertainty_al,1000,4,sentence_transformer_logreg,sentence-transformers/all-MiniLM-L6-v2,0.4732978171369685,0.641,low,Amazon Mechanical Turk,https://www.mturk.com/pricing,2026-07-12,0.04,0.002,40.0,2.0,42.0
financial_phrasebank,diversity_al,50,0,sentence_transformer_logreg,sentence-transformers/all-MiniLM-L6-v2,0.2535339717282261,0.6136865342163356,base,Prolific,https://www.prolific.com/pricing,2026-07-12,0.0951999999999999,0.003,4.76,0.15,4.91
financial_phrasebank,diversity_al,50,0,sentence_transformer_logreg,sentence-transformers/all-MiniLM-L6-v2,0.2535339717282261,0.6136865342163356,high,Prolific,https://www.prolific.com/pricing,2026-07-12,0.4283999999999999,0.003,21.42,0.15,21.569999999999997
financial_phrasebank,diversity_al,50,0,sentence_transformer_logreg,sentence-transformers/all-MiniLM-L6-v2,0.2535339717282261,0.6136865342163356,low,Amazon Mechanical Turk,https://www.mturk.com/pricing,2026-07-12,0.04,0.003,2.0,0.15,2.15
financial_phrasebank,diversity_al,50,1,sentence_transformer_logreg,sentence-transformers/all-MiniLM-L6-v2,0.2596783799880881,0.6158940397350994,base,Prolific,https://www.prolific.com/pricing,2026-07-12,0.0951999999999999,0.003,4.76,0.15,4.91
financial_phrasebank,diversity_al,50,1,sentence_transformer_logreg,sentence-transformers/all-MiniLM-L6-v2,0.2596783799880881,0.6158940397350994,high,Prolific,https://www.prolific.com/pricing,2026-07-12,0.4283999999999999,0.003,21.42,0.15,21.569999999999997
financial_phrasebank,diversity_al,50,1,sentence_transformer_logreg,sentence-transformers/all-MiniLM-L6-v2,0.2596783799880881,0.6158940397350994,low,Amazon Mechanical Turk,https://www.mturk.com/pricing,2026-07-12,0.04,0.003,2.0,0.15,2.15
financial_phrasebank,diversity_al,50,2,sentence_transformer_logreg,sentence-transformers/all-MiniLM-L6-v2,0.2535339717282261,0.6136865342163356,base,Prolific,https://www.prolific.com/pricing,2026-07-12,0.0951999999999999,0.003,4.76,0.15,4.91
financial_phrasebank,diversity_al,50,2,sentence_transformer_logreg,sentence-transformers/all-MiniLM-L6-v2,0.2535339717282261,0.6136865342163356,high,Prolific,https://www.prolific.com/pricing,2026-07-12,0.4283999999999999,0.003,21.42,0.15,21.569999999999997
financial_phrasebank,diversity_al,50,2,sentence_transformer_logreg,sentence-transformers/all-MiniLM-L6-v2,0.2535339717282261,0.6136865342163356,low,Amazon Mechanical Turk,https://www.mturk.com/pricing,2026-07-12,0.04,0.003,2.0,0.15,2.15
financial_phrasebank,diversity_al,50,3,sentence_transformer_logreg,sentence-transformers/all-MiniLM-L6-v2,0.2535339717282261,0.6136865342163356,base,Prolific,https://www.prolific.com/pricing,2026-07-12,0.0951999999999999,0.003,4.76,0.15,4.91
financial_phrasebank,diversity_al,50,3,sentence_transformer_logreg,sentence-transformers/all-MiniLM-L6-v2,0.2535339717282261,0.6136865342163356,high,Prolific,https://www.prolific.com/pricing,2026-07-12,0.4283999999999999,0.003,21.42,0.15,21.569999999999997
financial_phrasebank,diversity_al,50,3,sentence_transformer_logreg,sentence-transformers/all-MiniLM-L6-v2,0.2535339717282261,0.6136865342163356,low,Amazon Mechanical Turk,https://www.mturk.com/pricing,2026-07-12,0.04,0.003,2.0,0.15,2.15
financial_phrasebank,diversity_al,50,4,sentence_transformer_logreg,sentence-transformers/all-MiniLM-L6-v2,0.2535339717282261,0.6136865342163356,base,Prolific,https://www.prolific.com/pricing,2026-07-12,0.0951999999999999,0.003,4.76,0.15,4.91
financial_phrasebank,diversity_al,50,4,sentence_transformer_logreg,sentence-transformers/all-MiniLM-L6-v2,0.2535339717282261,0.6136865342163356,high,Prolific,https://www.prolific.com/pricing,2026-07-12,0.4283999999999999,0.003,21.42,0.15,21.569999999999997
financial_phrasebank,diversity_al,50,4,sentence_transformer_logreg,sentence-transformers/all-MiniLM-L6-v2,0.2535339717282261,0.6136865342163356,low,Amazon Mechanical Turk,https://www.mturk.com/pricing,2026-07-12,0.04,0.003,2.0,0.15,2.15
financial_phrasebank,diversity_al,100,0,sentence_transformer_logreg,sentence-transformers/all-MiniLM-L6-v2,0.2775278017392115,0.6225165562913907,base,Prolific,https://www.prolific.com/pricing,2026-07-12,0.0951999999999999,0.003,9.52,0.3,9.82
financial_phrasebank,diversity_al,100,0,sentence_transformer_logreg,sentence-transformers/all-MiniLM-L6-v2,0.2775278017392115,0.6225165562913907,high,Prolific,https://www.prolific.com/pricing,2026-07-12,0.4283999999999999,0.003,42.84,0.3,43.13999999999999
financial_phrasebank,diversity_al,100,0,sentence_transformer_logreg,sentence-transformers/all-MiniLM-L6-v2,0.2775278017392115,0.6225165562913907,low,Amazon Mechanical Turk,https://www.mturk.com/pricing,2026-07-12,0.04,0.003,4.0,0.3,4.3
financial_phrasebank,diversity_al,100,1,sentence_transformer_logreg,sentence-transformers/all-MiniLM-L6-v2,0.3457931347131908,0.6512141280353201,base,Prolific,https://www.prolific.com/pricing,2026-07-12,0.0951999999999999,0.003,9.52,0.3,9.82
financial_phrasebank,diversity_al,100,1,sentence_transformer_logreg,sentence-transformers/all-MiniLM-L6-v2,0.3457931347131908,0.6512141280353201,high,Prolific,https://www.prolific.com/pricing,2026-07-12,0.4283999999999999,0.003,42.84,0.3,43.13999999999999
financial_phrasebank,diversity_al,100,1,sentence_transformer_logreg,sentence-transformers/all-MiniLM-L6-v2,0.3457931347131908,0.6512141280353201,low,Amazon Mechanical Turk,https://www.mturk.com/pricing,2026-07-12,0.04,0.003,4.0,0.3,4.3
financial_phrasebank,diversity_al,100,2,sentence_transformer_logreg,sentence-transformers/all-MiniLM-L6-v2,0.2596783799880881,0.6158940397350994,base,Prolific,https://www.prolific.com/pricing,2026-07-12,0.0951999999999999,0.003,9.52,0.3,9.82
financial_phrasebank,diversity_al,100,2,sentence_transformer_logreg,sentence-transformers/all-MiniLM-L6-v2,0.2596783799880881,0.6158940397350994,high,Prolific,https://www.prolific.com/pricing,2026-07-12,0.4283999999999999,0.003,42.84,0.3,43.13999999999999
financial_phrasebank,diversity_al,100,2,sentence_transformer_logreg,sentence-transformers/all-MiniLM-L6-v2,0.2596783799880881,0.6158940397350994,low,Amazon Mechanical Turk,https://www.mturk.com/pricing,2026-07-12,0.04,0.003,4.0,0.3,4.3
financial_phrasebank,diversity_al,100,3,sentence_transformer_logreg,sentence-transformers/all-MiniLM-L6-v2,0.2535339717282261,0.6136865342163356,base,Prolific,https://www.prolific.com/pricing,2026-07-12,0.0951999999999999,0.003,9.52,0.3,9.82
financial_phrasebank,diversity_al,100,3,sentence_transformer_logreg,sentence-transformers/all-MiniLM-L6-v2,0.2535339717282261,0.6136865342163356,high,Prolific,https://www.prolific.com/pricing,2026-07-12,0.4283999999999999,0.003,42.84,0.3,43.13999999999999
financial_phrasebank,diversity_al,100,3,sentence_transformer_logreg,sentence-transformers/all-MiniLM-L6-v2,0.2535339717282261,0.6136865342163356,low,Amazon Mechanical Turk,https://www.mturk.com/pricing,2026-07-12,0.04,0.003,4.0,0.3,4.3
financial_phrasebank,diversity_al,100,4,sentence_transformer_logreg,sentence-transformers/all-MiniLM-L6-v2,0.2596783799880881,0.6158940397350994,base,Prolific,https://www.prolific.com/pricing,2026-07-12,0.0951999999999999,0.003,9.52,0.3,9.82
financial_phrasebank,diversity_al,100,4,sentence_transformer_logreg,sentence-transformers/all-MiniLM-L6-v2,0.2596783799880881,0.6158940397350994,high,Prolific,https://www.prolific.com/pricing,2026-07-12,0.4283999999999999,0.003,42.84,0.3,43.13999999999999
financial_phrasebank,diversity_al,100,4,sentence_transformer_logreg,sentence-transformers/all-MiniLM-L6-v2,0.2596783799880881,0.6158940397350994,low,Amazon Mechanical Turk,https://www.mturk.com/pricing,2026-07-12,0.04,0.003,4.0,0.3,4.3
financial_phrasebank,diversity_al,250,0,sentence_transformer_logreg,sentence-transformers/all-MiniLM-L6-v2,0.6928815845753956,0.8035320088300221,base,Prolific,https://www.prolific.com/pricing,2026-07-12,0.0951999999999999,0.003,23.799999999999997,0.75,24.549999999999997
financial_phrasebank,diversity_al,250,0,sentence_transformer_logreg,sentence-transformers/all-MiniLM-L6-v2,0.6928815845753956,0.8035320088300221,high,Prolific,https://www.prolific.com/pricing,2026-07-12,0.4283999999999999,0.003,107.09999999999998,0.75,107.84999999999998
financial_phrasebank,diversity_al,250,0,sentence_transformer_logreg,sentence-transformers/all-MiniLM-L6-v2,0.6928815845753956,0.8035320088300221,low,Amazon Mechanical Turk,https://www.mturk.com/pricing,2026-07-12,0.04,0.003,10.0,0.75,10.75
financial_phrasebank,diversity_al,250,1,sentence_transformer_logreg,sentence-transformers/all-MiniLM-L6-v2,0.5815033451397088,0.7726269315673289,base,Prolific,https://www.prolific.com/pricing,2026-07-12,0.0951999999999999,0.003,23.799999999999997,0.75,24.549999999999997
financial_phrasebank,diversity_al,250,1,sentence_transformer_logreg,sentence-transformers/all-MiniLM-L6-v2,0.5815033451397088,0.7726269315673289,high,Prolific,https://www.prolific.com/pricing,2026-07-12,0.4283999999999999,0.003,107.09999999999998,0.75,107.84999999999998
financial_phrasebank,diversity_al,250,1,sentence_transformer_logreg,sentence-transformers/all-MiniLM-L6-v2,0.5815033451397088,0.7726269315673289,low,Amazon Mechanical Turk,https://www.mturk.com/pricing,2026-07-12,0.04,0.003,10.0,0.75,10.75
financial_phrasebank,diversity_al,250,2,sentence_transformer_logreg,sentence-transformers/all-MiniLM-L6-v2,0.6515208505729833,0.7814569536423841,base,Prolific,https://www.prolific.com/pricing,2026-07-12,0.0951999999999999,0.003,23.799999999999997,0.75,24.549999999999997
financial_phrasebank,diversity_al,250,2,sentence_transformer_logreg,sentence-transformers/all-MiniLM-L6-v2,0.6515208505729833,0.7814569536423841,high,Prolific,https://www.prolific.com/pricing,2026-07-12,0.4283999999999999,0.003,107.09999999999998,0.75,107.84999999999998
financial_phrasebank,diversity_al,250,2,sentence_transformer_logreg,sentence-transformers/all-MiniLM-L6-v2,0.6515208505729833,0.7814569536423841,low,Amazon Mechanical Turk,https://www.mturk.com/pricing,2026-07-12,0.04,0.003,10.0,0.75,10.75
financial_phrasebank,diversity_al,250,3,sentence_transformer_logreg,sentence-transformers/all-MiniLM-L6-v2,0.685815924622987,0.7814569536423841,base,Prolific,https://www.prolific.com/pricing,2026-07-12,0.0951999999999999,0.003,23.799999999999997,0.75,24.549999999999997
financial_phrasebank,diversity_al,250,3,sentence_transformer_logreg,sentence-transformers/all-MiniLM-L6-v2,0.685815924622987,0.7814569536423841,high,Prolific,https://www.prolific.com/pricing,2026-07-12,0.4283999999999999,0.003,107.09999999999998,0.75,107.84999999999998
financial_phrasebank,diversity_al,250,3,sentence_transformer_logreg,sentence-transformers/all-MiniLM-L6-v2,0.685815924622987,0.7814569536423841,low,Amazon Mechanical Turk,https://www.mturk.com/pricing,2026-07-12,0.04,0.003,10.0,0.75,10.75
financial_phrasebank,diversity_al,250,4,sentence_transformer_logreg,sentence-transformers/all-MiniLM-L6-v2,0.6103396978759298,0.7770419426048565,base,Prolific,https://www.prolific.com/pricing,2026-07-12,0.0951999999999999,0.003,23.799999999999997,0.75,24.549999999999997
financial_phrasebank,diversity_al,250,4,sentence_transformer_logreg,sentence-transformers/all-MiniLM-L6-v2,0.6103396978759298,0.7770419426048565,high,Prolific,https://www.prolific.com/pricing,2026-07-12,0.4283999999999999,0.003,107.09999999999998,0.75,107.84999999999998
financial_phrasebank,diversity_al,250,4,sentence_transformer_logreg,sentence-transformers/all-MiniLM-L6-v2,0.6103396978759298,0.7770419426048565,low,Amazon Mechanical Turk,https://www.mturk.com/pricing,2026-07-12,0.04,0.003,10.0,0.75,10.75
financial_phrasebank,diversity_al,500,0,sentence_transformer_logreg,sentence-transformers/all-MiniLM-L6-v2,0.7631443075696934,0.8322295805739515,base,Prolific,https://www.prolific.com/pricing,2026-07-12,0.0951999999999999,0.003,47.599999999999994,1.5,49.099999999999994
financial_phrasebank,diversity_al,500,0,sentence_transformer_logreg,sentence-transformers/all-MiniLM-L6-v2,0.7631443075696934,0.8322295805739515,high,Prolific,https://www.prolific.com/pricing,2026-07-12,0.4283999999999999,0.003,214.19999999999996,1.5,215.69999999999996
financial_phrasebank,diversity_al,500,0,sentence_transformer_logreg,sentence-transformers/all-MiniLM-L6-v2,0.7631443075696934,0.8322295805739515,low,Amazon Mechanical Turk,https://www.mturk.com/pricing,2026-07-12,0.04,0.003,20.0,1.5,21.5
financial_phrasebank,diversity_al,500,1,sentence_transformer_logreg,sentence-transformers/all-MiniLM-L6-v2,0.76123715436775,0.8410596026490066,base,Prolific,https://www.prolific.com/pricing,2026-07-12,0.0951999999999999,0.003,47.599999999999994,1.5,49.099999999999994
financial_phrasebank,diversity_al,500,1,sentence_transformer_logreg,sentence-transformers/all-MiniLM-L6-v2,0.76123715436775,0.8410596026490066,high,Prolific,https://www.prolific.com/pricing,2026-07-12,0.4283999999999999,0.003,214.19999999999996,1.5,215.69999999999996
financial_phrasebank,diversity_al,500,1,sentence_transformer_logreg,sentence-transformers/all-MiniLM-L6-v2,0.76123715436775,0.8410596026490066,low,Amazon Mechanical Turk,https://www.mturk.com/pricing,2026-07-12,0.04,0.003,20.0,1.5,21.5
financial_phrasebank,diversity_al,500,2,sentence_transformer_logreg,sentence-transformers/all-MiniLM-L6-v2,0.8096517804670694,0.8565121412803532,base,Prolific,https://www.prolific.com/pricing,2026-07-12,0.0951999999999999,0.003,47.599999999999994,1.5,49.099999999999994
financial_phrasebank,diversity_al,500,2,sentence_transformer_logreg,sentence-transformers/all-MiniLM-L6-v2,0.8096517804670694,0.8565121412803532,high,Prolific,https://www.prolific.com/pricing,2026-07-12,0.4283999999999999,0.003,214.19999999999996,1.5,215.69999999999996
financial_phrasebank,diversity_al,500,2,sentence_transformer_logreg,sentence-transformers/all-MiniLM-L6-v2,0.8096517804670694,0.8565121412803532,low,Amazon Mechanical Turk,https://www.mturk.com/pricing,2026-07-12,0.04,0.003,20.0,1.5,21.5
financial_phrasebank,diversity_al,500,3,sentence_transformer_logreg,sentence-transformers/all-MiniLM-L6-v2,0.7917731919990004,0.8565121412803532,base,Prolific,https://www.prolific.com/pricing,2026-07-12,0.0951999999999999,0.003,47.599999999999994,1.5,49.099999999999994
financial_phrasebank,diversity_al,500,3,sentence_transformer_logreg,sentence-transformers/all-MiniLM-L6-v2,0.7917731919990004,0.8565121412803532,high,Prolific,https://www.prolific.com/pricing,2026-07-12,0.4283999999999999,0.003,214.19999999999996,1.5,215.69999999999996
financial_phrasebank,diversity_al,500,3,sentence_transformer_logreg,sentence-transformers/all-MiniLM-L6-v2,0.7917731919990004,0.8565121412803532,low,Amazon Mechanical Turk,https://www.mturk.com/pricing,2026-07-12,0.04,0.003,20.0,1.5,21.5
financial_phrasebank,diversity_al,500,4,sentence_transformer_logreg,sentence-transformers/all-MiniLM-L6-v2,0.7779763210119207,0.8454746136865342,base,Prolific,https://www.prolific.com/pricing,2026-07-12,0.0951999999999999,0.003,47.599999999999994,1.5,49.099999999999994
financial_phrasebank,diversity_al,500,4,sentence_transformer_logreg,sentence-transformers/all-MiniLM-L6-v2,0.7779763210119207,0.8454746136865342,high,Prolific,https://www.prolific.com/pricing,2026-07-12,0.4283999999999999,0.003,214.19999999999996,1.5,215.69999999999996
financial_phrasebank,diversity_al,500,4,sentence_transformer_logreg,sentence-transformers/all-MiniLM-L6-v2,0.7779763210119207,0.8454746136865342,low,Amazon Mechanical Turk,https://www.mturk.com/pricing,2026-07-12,0.04,0.003,20.0,1.5,21.5
financial_phrasebank,diversity_al,1000,0,sentence_transformer_logreg,sentence-transformers/all-MiniLM-L6-v2,0.8557621057621058,0.8940397350993378,base,Prolific,https://www.prolific.com/pricing,2026-07-12,0.0951999999999999,0.003,95.2,3.0,98.2
financial_phrasebank,diversity_al,1000,0,sentence_transformer_logreg,sentence-transformers/all-MiniLM-L6-v2,0.8557621057621058,0.8940397350993378,high,Prolific,https://www.prolific.com/pricing,2026-07-12,0.4283999999999999,0.003,428.3999999999999,3.0,431.3999999999999
financial_phrasebank,diversity_al,1000,0,sentence_transformer_logreg,sentence-transformers/all-MiniLM-L6-v2,0.8557621057621058,0.8940397350993378,low,Amazon Mechanical Turk,https://www.mturk.com/pricing,2026-07-12,0.04,0.003,40.0,3.0,43.0
financial_phrasebank,diversity_al,1000,1,sentence_transformer_logreg,sentence-transformers/all-MiniLM-L6-v2,0.8370990886174132,0.8852097130242825,base,Prolific,https://www.prolific.com/pricing,2026-07-12,0.0951999999999999,0.003,95.2,3.0,98.2
financial_phrasebank,diversity_al,1000,1,sentence_transformer_logreg,sentence-transformers/all-MiniLM-L6-v2,0.8370990886174132,0.8852097130242825,high,Prolific,https://www.prolific.com/pricing,2026-07-12,0.4283999999999999,0.003,428.3999999999999,3.0,431.3999999999999
financial_phrasebank,diversity_al,1000,1,sentence_transformer_logreg,sentence-transformers/all-MiniLM-L6-v2,0.8370990886174132,0.8852097130242825,low,Amazon Mechanical Turk,https://www.mturk.com/pricing,2026-07-12,0.04,0.003,40.0,3.0,43.0
financial_phrasebank,diversity_al,1000,2,sentence_transformer_logreg,sentence-transformers/all-MiniLM-L6-v2,0.8504805907962293,0.891832229580574,base,Prolific,https://www.prolific.com/pricing,2026-07-12,0.0951999999999999,0.003,95.2,3.0,98.2
financial_phrasebank,diversity_al,1000,2,sentence_transformer_logreg,sentence-transformers/all-MiniLM-L6-v2,0.8504805907962293,0.891832229580574,high,Prolific,https://www.prolific.com/pricing,2026-07-12,0.4283999999999999,0.003,428.3999999999999,3.0,431.3999999999999
financial_phrasebank,diversity_al,1000,2,sentence_transformer_logreg,sentence-transformers/all-MiniLM-L6-v2,0.8504805907962293,0.891832229580574,low,Amazon Mechanical Turk,https://www.mturk.com/pricing,2026-07-12,0.04,0.003,40.0,3.0,43.0
financial_phrasebank,diversity_al,1000,3,sentence_transformer_logreg,sentence-transformers/all-MiniLM-L6-v2,0.8486167658095591,0.891832229580574,base,Prolific,https://www.prolific.com/pricing,2026-07-12,0.0951999999999999,0.003,95.2,3.0,98.2
financial_phrasebank,diversity_al,1000,3,sentence_transformer_logreg,sentence-transformers/all-MiniLM-L6-v2,0.8486167658095591,0.891832229580574,high,Prolific,https://www.prolific.com/pricing,2026-07-12,0.4283999999999999,0.003,428.3999999999999,3.0,431.3999999999999
financial_phrasebank,diversity_al,1000,3,sentence_transformer_logreg,sentence-transformers/all-MiniLM-L6-v2,0.8486167658095591,0.891832229580574,low,Amazon Mechanical Turk,https://www.mturk.com/pricing,2026-07-12,0.04,0.003,40.0,3.0,43.0
financial_phrasebank,diversity_al,1000,4,sentence_transformer_logreg,sentence-transformers/all-MiniLM-L6-v2,0.8438037188037187,0.8874172185430463,base,Prolific,https://www.prolific.com/pricing,2026-07-12,0.0951999999999999,0.003,95.2,3.0,98.2
financial_phrasebank,diversity_al,1000,4,sentence_transformer_logreg,sentence-transformers/all-MiniLM-L6-v2,0.8438037188037187,0.8874172185430463,high,Prolific,https://www.prolific.com/pricing,2026-07-12,0.4283999999999999,0.003,428.3999999999999,3.0,431.3999999999999
financial_phrasebank,diversity_al,1000,4,sentence_transformer_logreg,sentence-transformers/all-MiniLM-L6-v2,0.8438037188037187,0.8874172185430463,low,Amazon Mechanical Turk,https://www.mturk.com/pricing,2026-07-12,0.04,0.003,40.0,3.0,43.0
financial_phrasebank,hybrid_al,50,0,sentence_transformer_logreg,sentence-transformers/all-MiniLM-L6-v2,0.4908040451518712,0.7373068432671082,base,Prolific,https://www.prolific.com/pricing,2026-07-12,0.0951999999999999,0.004,4.76,0.2,4.96
financial_phrasebank,hybrid_al,50,0,sentence_transformer_logreg,sentence-transformers/all-MiniLM-L6-v2,0.4908040451518712,0.7373068432671082,high,Prolific,https://www.prolific.com/pricing,2026-07-12,0.4283999999999999,0.004,21.42,0.2,21.619999999999997
financial_phrasebank,hybrid_al,50,0,sentence_transformer_logreg,sentence-transformers/all-MiniLM-L6-v2,0.4908040451518712,0.7373068432671082,low,Amazon Mechanical Turk,https://www.mturk.com/pricing,2026-07-12,0.04,0.004,2.0,0.2,2.2
financial_phrasebank,hybrid_al,50,1,sentence_transformer_logreg,sentence-transformers/all-MiniLM-L6-v2,0.648282598866707,0.7748344370860927,base,Prolific,https://www.prolific.com/pricing,2026-07-12,0.0951999999999999,0.004,4.76,0.2,4.96
financial_phrasebank,hybrid_al,50,1,sentence_transformer_logreg,sentence-transformers/all-MiniLM-L6-v2,0.648282598866707,0.7748344370860927,high,Prolific,https://www.prolific.com/pricing,2026-07-12,0.4283999999999999,0.004,21.42,0.2,21.619999999999997
financial_phrasebank,hybrid_al,50,1,sentence_transformer_logreg,sentence-transformers/all-MiniLM-L6-v2,0.648282598866707,0.7748344370860927,low,Amazon Mechanical Turk,https://www.mturk.com/pricing,2026-07-12,0.04,0.004,2.0,0.2,2.2
financial_phrasebank,hybrid_al,50,2,sentence_transformer_logreg,sentence-transformers/all-MiniLM-L6-v2,0.6582569391392921,0.7660044150110376,base,Prolific,https://www.prolific.com/pricing,2026-07-12,0.0951999999999999,0.004,4.76,0.2,4.96
financial_phrasebank,hybrid_al,50,2,sentence_transformer_logreg,sentence-transformers/all-MiniLM-L6-v2,0.6582569391392921,0.7660044150110376,high,Prolific,https://www.prolific.com/pricing,2026-07-12,0.4283999999999999,0.004,21.42,0.2,21.619999999999997
financial_phrasebank,hybrid_al,50,2,sentence_transformer_logreg,sentence-transformers/all-MiniLM-L6-v2,0.6582569391392921,0.7660044150110376,low,Amazon Mechanical Turk,https://www.mturk.com/pricing,2026-07-12,0.04,0.004,2.0,0.2,2.2
financial_phrasebank,hybrid_al,50,3,sentence_transformer_logreg,sentence-transformers/all-MiniLM-L6-v2,0.7614908229422844,0.8145695364238411,base,Prolific,https://www.prolific.com/pricing,2026-07-12,0.0951999999999999,0.004,4.76,0.2,4.96
financial_phrasebank,hybrid_al,50,3,sentence_transformer_logreg,sentence-transformers/all-MiniLM-L6-v2,0.7614908229422844,0.8145695364238411,high,Prolific,https://www.prolific.com/pricing,2026-07-12,0.4283999999999999,0.004,21.42,0.2,21.619999999999997
financial_phrasebank,hybrid_al,50,3,sentence_transformer_logreg,sentence-transformers/all-MiniLM-L6-v2,0.7614908229422844,0.8145695364238411,low,Amazon Mechanical Turk,https://www.mturk.com/pricing,2026-07-12,0.04,0.004,2.0,0.2,2.2
financial_phrasebank,hybrid_al,50,4,sentence_transformer_logreg,sentence-transformers/all-MiniLM-L6-v2,0.5043938509308529,0.7350993377483444,base,Prolific,https://www.prolific.com/pricing,2026-07-12,0.0951999999999999,0.004,4.76,0.2,4.96
financial_phrasebank,hybrid_al,50,4,sentence_transformer_logreg,sentence-transformers/all-MiniLM-L6-v2,0.5043938509308529,0.7350993377483444,high,Prolific,https://www.prolific.com/pricing,2026-07-12,0.4283999999999999,0.004,21.42,0.2,21.619999999999997
financial_phrasebank,hybrid_al,50,4,sentence_transformer_logreg,sentence-transformers/all-MiniLM-L6-v2,0.5043938509308529,0.7350993377483444,low,Amazon Mechanical Turk,https://www.mturk.com/pricing,2026-07-12,0.04,0.004,2.0,0.2,2.2
financial_phrasebank,hybrid_al,100,0,sentence_transformer_logreg,sentence-transformers/all-MiniLM-L6-v2,0.5111978840124038,0.7439293598233996,base,Prolific,https://www.prolific.com/pricing,2026-07-12,0.0951999999999999,0.004,9.52,0.4,9.92
financial_phrasebank,hybrid_al,100,0,sentence_transformer_logreg,sentence-transformers/all-MiniLM-L6-v2,0.5111978840124038,0.7439293598233996,high,Prolific,https://www.prolific.com/pricing,2026-07-12,0.4283999999999999,0.004,42.84,0.4,43.239999999999995
financial_phrasebank,hybrid_al,100,0,sentence_transformer_logreg,sentence-transformers/all-MiniLM-L6-v2,0.5111978840124038,0.7439293598233996,low,Amazon Mechanical Turk,https://www.mturk.com/pricing,2026-07-12,0.04,0.004,4.0,0.4,4.4
financial_phrasebank,hybrid_al,100,1,sentence_transformer_logreg,sentence-transformers/all-MiniLM-L6-v2,0.7780943649498324,0.8167770419426048,base,Prolific,https://www.prolific.com/pricing,2026-07-12,0.0951999999999999,0.004,9.52,0.4,9.92
financial_phrasebank,hybrid_al,100,1,sentence_transformer_logreg,sentence-transformers/all-MiniLM-L6-v2,0.7780943649498324,0.8167770419426048,high,Prolific,https://www.prolific.com/pricing,2026-07-12,0.4283999999999999,0.004,42.84,0.4,43.239999999999995
financial_phrasebank,hybrid_al,100,1,sentence_transformer_logreg,sentence-transformers/all-MiniLM-L6-v2,0.7780943649498324,0.8167770419426048,low,Amazon Mechanical Turk,https://www.mturk.com/pricing,2026-07-12,0.04,0.004,4.0,0.4,4.4
financial_phrasebank,hybrid_al,100,2,sentence_transformer_logreg,sentence-transformers/all-MiniLM-L6-v2,0.6975392482748265,0.7593818984547461,base,Prolific,https://www.prolific.com/pricing,2026-07-12,0.0951999999999999,0.004,9.52,0.4,9.92
financial_phrasebank,hybrid_al,100,2,sentence_transformer_logreg,sentence-transformers/all-MiniLM-L6-v2,0.6975392482748265,0.7593818984547461,high,Prolific,https://www.prolific.com/pricing,2026-07-12,0.4283999999999999,0.004,42.84,0.4,43.239999999999995
financial_phrasebank,hybrid_al,100,2,sentence_transformer_logreg,sentence-transformers/all-MiniLM-L6-v2,0.6975392482748265,0.7593818984547461,low,Amazon Mechanical Turk,https://www.mturk.com/pricing,2026-07-12,0.04,0.004,4.0,0.4,4.4
financial_phrasebank,hybrid_al,100,3,sentence_transformer_logreg,sentence-transformers/all-MiniLM-L6-v2,0.7444784183094274,0.8123620309050773,base,Prolific,https://www.prolific.com/pricing,2026-07-12,0.0951999999999999,0.004,9.52,0.4,9.92
financial_phrasebank,hybrid_al,100,3,sentence_transformer_logreg,sentence-transformers/all-MiniLM-L6-v2,0.7444784183094274,0.8123620309050773,high,Prolific,https://www.prolific.com/pricing,2026-07-12,0.4283999999999999,0.004,42.84,0.4,43.239999999999995
financial_phrasebank,hybrid_al,100,3,sentence_transformer_logreg,sentence-transformers/all-MiniLM-L6-v2,0.7444784183094274,0.8123620309050773,low,Amazon Mechanical Turk,https://www.mturk.com/pricing,2026-07-12,0.04,0.004,4.0,0.4,4.4
financial_phrasebank,hybrid_al,100,4,sentence_transformer_logreg,sentence-transformers/all-MiniLM-L6-v2,0.7328336272780717,0.7969094922737306,base,Prolific,https://www.prolific.com/pricing,2026-07-12,0.0951999999999999,0.004,9.52,0.4,9.92
financial_phrasebank,hybrid_al,100,4,sentence_transformer_logreg,sentence-transformers/all-MiniLM-L6-v2,0.7328336272780717,0.7969094922737306,high,Prolific,https://www.prolific.com/pricing,2026-07-12,0.4283999999999999,0.004,42.84,0.4,43.239999999999995
financial_phrasebank,hybrid_al,100,4,sentence_transformer_logreg,sentence-transformers/all-MiniLM-L6-v2,0.7328336272780717,0.7969094922737306,low,Amazon Mechanical Turk,https://www.mturk.com/pricing,2026-07-12,0.04,0.004,4.0,0.4,4.4
financial_phrasebank,hybrid_al,250,0,sentence_transformer_logreg,sentence-transformers/all-MiniLM-L6-v2,0.7567781549321403,0.7991169977924945,base,Prolific,https://www.prolific.com/pricing,2026-07-12,0.0951999999999999,0.004,23.799999999999997,1.0,24.799999999999997
financial_phrasebank,hybrid_al,250,0,sentence_transformer_logreg,sentence-transformers/all-MiniLM-L6-v2,0.7567781549321403,0.7991169977924945,high,Prolific,https://www.prolific.com/pricing,2026-07-12,0.4283999999999999,0.004,107.09999999999998,1.0,108.09999999999998
financial_phrasebank,hybrid_al,250,0,sentence_transformer_logreg,sentence-transformers/all-MiniLM-L6-v2,0.7567781549321403,0.7991169977924945,low,Amazon Mechanical Turk,https://www.mturk.com/pricing,2026-07-12,0.04,0.004,10.0,1.0,11.0
financial_phrasebank,hybrid_al,250,1,sentence_transformer_logreg,sentence-transformers/all-MiniLM-L6-v2,0.7554125226453762,0.8145695364238411,base,Prolific,https://www.prolific.com/pricing,2026-07-12,0.0951999999999999,0.004,23.799999999999997,1.0,24.799999999999997
financial_phrasebank,hybrid_al,250,1,sentence_transformer_logreg,sentence-transformers/all-MiniLM-L6-v2,0.7554125226453762,0.8145695364238411,high,Prolific,https://www.prolific.com/pricing,2026-07-12,0.4283999999999999,0.004,107.09999999999998,1.0,108.09999999999998
financial_phrasebank,hybrid_al,250,1,sentence_transformer_logreg,sentence-transformers/all-MiniLM-L6-v2,0.7554125226453762,0.8145695364238411,low,Amazon Mechanical Turk,https://www.mturk.com/pricing,2026-07-12,0.04,0.004,10.0,1.0,11.0
financial_phrasebank,hybrid_al,250,2,sentence_transformer_logreg,sentence-transformers/all-MiniLM-L6-v2,0.8094594594594594,0.8410596026490066,base,Prolific,https://www.prolific.com/pricing,2026-07-12,0.0951999999999999,0.004,23.799999999999997,1.0,24.799999999999997
financial_phrasebank,hybrid_al,250,2,sentence_transformer_logreg,sentence-transformers/all-MiniLM-L6-v2,0.8094594594594594,0.8410596026490066,high,Prolific,https://www.prolific.com/pricing,2026-07-12,0.4283999999999999,0.004,107.09999999999998,1.0,108.09999999999998
financial_phrasebank,hybrid_al,250,2,sentence_transformer_logreg,sentence-transformers/all-MiniLM-L6-v2,0.8094594594594594,0.8410596026490066,low,Amazon Mechanical Turk,https://www.mturk.com/pricing,2026-07-12,0.04,0.004,10.0,1.0,11.0
financial_phrasebank,hybrid_al,250,3,sentence_transformer_logreg,sentence-transformers/all-MiniLM-L6-v2,0.8133753739076917,0.8498896247240618,base,Prolific,https://www.prolific.com/pricing,2026-07-12,0.0951999999999999,0.004,23.799999999999997,1.0,24.799999999999997
financial_phrasebank,hybrid_al,250,3,sentence_transformer_logreg,sentence-transformers/all-MiniLM-L6-v2,0.8133753739076917,0.8498896247240618,high,Prolific,https://www.prolific.com/pricing,2026-07-12,0.4283999999999999,0.004,107.09999999999998,1.0,108.09999999999998
financial_phrasebank,hybrid_al,250,3,sentence_transformer_logreg,sentence-transformers/all-MiniLM-L6-v2,0.8133753739076917,0.8498896247240618,low,Amazon Mechanical Turk,https://www.mturk.com/pricing,2026-07-12,0.04,0.004,10.0,1.0,11.0
financial_phrasebank,hybrid_al,250,4,sentence_transformer_logreg,sentence-transformers/all-MiniLM-L6-v2,0.7566902681210266,0.8079470198675497,base,Prolific,https://www.prolific.com/pricing,2026-07-12,0.0951999999999999,0.004,23.799999999999997,1.0,24.799999999999997
financial_phrasebank,hybrid_al,250,4,sentence_transformer_logreg,sentence-transformers/all-MiniLM-L6-v2,0.7566902681210266,0.8079470198675497,high,Prolific,https://www.prolific.com/pricing,2026-07-12,0.4283999999999999,0.004,107.09999999999998,1.0,108.09999999999998
financial_phrasebank,hybrid_al,250,4,sentence_transformer_logreg,sentence-transformers/all-MiniLM-L6-v2,0.7566902681210266,0.8079470198675497,low,Amazon Mechanical Turk,https://www.mturk.com/pricing,2026-07-12,0.04,0.004,10.0,1.0,11.0
financial_phrasebank,hybrid_al,500,0,sentence_transformer_logreg,sentence-transformers/all-MiniLM-L6-v2,0.8027409148904477,0.8278145695364238,base,Prolific,https://www.prolific.com/pricing,2026-07-12,0.0951999999999999,0.004,47.599999999999994,2.0,49.599999999999994
financial_phrasebank,hybrid_al,500,0,sentence_transformer_logreg,sentence-transformers/all-MiniLM-L6-v2,0.8027409148904477,0.8278145695364238,high,Prolific,https://www.prolific.com/pricing,2026-07-12,0.4283999999999999,0.004,214.19999999999996,2.0,216.19999999999996
financial_phrasebank,hybrid_al,500,0,sentence_transformer_logreg,sentence-transformers/all-MiniLM-L6-v2,0.8027409148904477,0.8278145695364238,low,Amazon Mechanical Turk,https://www.mturk.com/pricing,2026-07-12,0.04,0.004,20.0,2.0,22.0
financial_phrasebank,hybrid_al,500,1,sentence_transformer_logreg,sentence-transformers/all-MiniLM-L6-v2,0.7980681066949634,0.8432671081677704,base,Prolific,https://www.prolific.com/pricing,2026-07-12,0.0951999999999999,0.004,47.599999999999994,2.0,49.599999999999994
financial_phrasebank,hybrid_al,500,1,sentence_transformer_logreg,sentence-transformers/all-MiniLM-L6-v2,0.7980681066949634,0.8432671081677704,high,Prolific,https://www.prolific.com/pricing,2026-07-12,0.4283999999999999,0.004,214.19999999999996,2.0,216.19999999999996
financial_phrasebank,hybrid_al,500,1,sentence_transformer_logreg,sentence-transformers/all-MiniLM-L6-v2,0.7980681066949634,0.8432671081677704,low,Amazon Mechanical Turk,https://www.mturk.com/pricing,2026-07-12,0.04,0.004,20.0,2.0,22.0
financial_phrasebank,hybrid_al,500,2,sentence_transformer_logreg,sentence-transformers/all-MiniLM-L6-v2,0.8154214555587728,0.8454746136865342,base,Prolific,https://www.prolific.com/pricing,2026-07-12,0.0951999999999999,0.004,47.599999999999994,2.0,49.599999999999994
financial_phrasebank,hybrid_al,500,2,sentence_transformer_logreg,sentence-transformers/all-MiniLM-L6-v2,0.8154214555587728,0.8454746136865342,high,Prolific,https://www.prolific.com/pricing,2026-07-12,0.4283999999999999,0.004,214.19999999999996,2.0,216.19999999999996
financial_phrasebank,hybrid_al,500,2,sentence_transformer_logreg,sentence-transformers/all-MiniLM-L6-v2,0.8154214555587728,0.8454746136865342,low,Amazon Mechanical Turk,https://www.mturk.com/pricing,2026-07-12,0.04,0.004,20.0,2.0,22.0
financial_phrasebank,hybrid_al,500,3,sentence_transformer_logreg,sentence-transformers/all-MiniLM-L6-v2,0.8234432974476483,0.8498896247240618,base,Prolific,https://www.prolific.com/pricing,2026-07-12,0.0951999999999999,0.004,47.599999999999994,2.0,49.599999999999994
financial_phrasebank,hybrid_al,500,3,sentence_transformer_logreg,sentence-transformers/all-MiniLM-L6-v2,0.8234432974476483,0.8498896247240618,high,Prolific,https://www.prolific.com/pricing,2026-07-12,0.4283999999999999,0.004,214.19999999999996,2.0,216.19999999999996
financial_phrasebank,hybrid_al,500,3,sentence_transformer_logreg,sentence-transformers/all-MiniLM-L6-v2,0.8234432974476483,0.8498896247240618,low,Amazon Mechanical Turk,https://www.mturk.com/pricing,2026-07-12,0.04,0.004,20.0,2.0,22.0
financial_phrasebank,hybrid_al,500,4,sentence_transformer_logreg,sentence-transformers/all-MiniLM-L6-v2,0.8236758263639984,0.8631346578366446,base,Prolific,https://www.prolific.com/pricing,2026-07-12,0.0951999999999999,0.004,47.599999999999994,2.0,49.599999999999994
financial_phrasebank,hybrid_al,500,4,sentence_transformer_logreg,sentence-transformers/all-MiniLM-L6-v2,0.8236758263639984,0.8631346578366446,high,Prolific,https://www.prolific.com/pricing,2026-07-12,0.4283999999999999,0.004,214.19999999999996,2.0,216.19999999999996
financial_phrasebank,hybrid_al,500,4,sentence_transformer_logreg,sentence-transformers/all-MiniLM-L6-v2,0.8236758263639984,0.8631346578366446,low,Amazon Mechanical Turk,https://www.mturk.com/pricing,2026-07-12,0.04,0.004,20.0,2.0,22.0
financial_phrasebank,hybrid_al,1000,0,sentence_transformer_logreg,sentence-transformers/all-MiniLM-L6-v2,0.838750800910276,0.8830022075055187,base,Prolific,https://www.prolific.com/pricing,2026-07-12,0.0951999999999999,0.004,95.2,4.0,99.2
financial_phrasebank,hybrid_al,1000,0,sentence_transformer_logreg,sentence-transformers/all-MiniLM-L6-v2,0.838750800910276,0.8830022075055187,high,Prolific,https://www.prolific.com/pricing,2026-07-12,0.4283999999999999,0.004,428.3999999999999,4.0,432.3999999999999
financial_phrasebank,hybrid_al,1000,0,sentence_transformer_logreg,sentence-transformers/all-MiniLM-L6-v2,0.838750800910276,0.8830022075055187,low,Amazon Mechanical Turk,https://www.mturk.com/pricing,2026-07-12,0.04,0.004,40.0,4.0,44.0
financial_phrasebank,hybrid_al,1000,1,sentence_transformer_logreg,sentence-transformers/all-MiniLM-L6-v2,0.8425804963976019,0.8852097130242825,base,Prolific,https://www.prolific.com/pricing,2026-07-12,0.0951999999999999,0.004,95.2,4.0,99.2
financial_phrasebank,hybrid_al,1000,1,sentence_transformer_logreg,sentence-transformers/all-MiniLM-L6-v2,0.8425804963976019,0.8852097130242825,high,Prolific,https://www.prolific.com/pricing,2026-07-12,0.4283999999999999,0.004,428.3999999999999,4.0,432.3999999999999
financial_phrasebank,hybrid_al,1000,1,sentence_transformer_logreg,sentence-transformers/all-MiniLM-L6-v2,0.8425804963976019,0.8852097130242825,low,Amazon Mechanical Turk,https://www.mturk.com/pricing,2026-07-12,0.04,0.004,40.0,4.0,44.0
financial_phrasebank,hybrid_al,1000,2,sentence_transformer_logreg,sentence-transformers/all-MiniLM-L6-v2,0.8496283742304591,0.8896247240618101,base,Prolific,https://www.prolific.com/pricing,2026-07-12,0.0951999999999999,0.004,95.2,4.0,99.2
financial_phrasebank,hybrid_al,1000,2,sentence_transformer_logreg,sentence-transformers/all-MiniLM-L6-v2,0.8496283742304591,0.8896247240618101,high,Prolific,https://www.prolific.com/pricing,2026-07-12,0.4283999999999999,0.004,428.3999999999999,4.0,432.3999999999999
financial_phrasebank,hybrid_al,1000,2,sentence_transformer_logreg,sentence-transformers/all-MiniLM-L6-v2,0.8496283742304591,0.8896247240618101,low,Amazon Mechanical Turk,https://www.mturk.com/pricing,2026-07-12,0.04,0.004,40.0,4.0,44.0
financial_phrasebank,hybrid_al,1000,3,sentence_transformer_logreg,sentence-transformers/all-MiniLM-L6-v2,0.8538815719027735,0.891832229580574,base,Prolific,https://www.prolific.com/pricing,2026-07-12,0.0951999999999999,0.004,95.2,4.0,99.2
financial_phrasebank,hybrid_al,1000,3,sentence_transformer_logreg,sentence-transformers/all-MiniLM-L6-v2,0.8538815719027735,0.891832229580574,high,Prolific,https://www.prolific.com/pricing,2026-07-12,0.4283999999999999,0.004,428.3999999999999,4.0,432.3999999999999
financial_phrasebank,hybrid_al,1000,3,sentence_transformer_logreg,sentence-transformers/all-MiniLM-L6-v2,0.8538815719027735,0.891832229580574,low,Amazon Mechanical Turk,https://www.mturk.com/pricing,2026-07-12,0.04,0.004,40.0,4.0,44.0
financial_phrasebank,hybrid_al,1000,4,sentence_transformer_logreg,sentence-transformers/all-MiniLM-L6-v2,0.8407791315592733,0.8830022075055187,base,Prolific,https://www.prolific.com/pricing,2026-07-12,0.0951999999999999,0.004,95.2,4.0,99.2
financial_phrasebank,hybrid_al,1000,4,sentence_transformer_logreg,sentence-transformers/all-MiniLM-L6-v2,0.8407791315592733,0.8830022075055187,high,Prolific,https://www.prolific.com/pricing,2026-07-12,0.4283999999999999,0.004,428.3999999999999,4.0,432.3999999999999
financial_phrasebank,hybrid_al,1000,4,sentence_transformer_logreg,sentence-transformers/all-MiniLM-L6-v2,0.8407791315592733,0.8830022075055187,low,Amazon Mechanical Turk,https://www.mturk.com/pricing,2026-07-12,0.04,0.004,40.0,4.0,44.0
financial_phrasebank,random,50,0,sentence_transformer_logreg,sentence-transformers/all-MiniLM-L6-v2,0.4925175256983037,0.6843267108167771,base,Prolific,https://www.prolific.com/pricing,2026-07-12,0.0951999999999999,0.0,4.76,0.0,4.76
financial_phrasebank,random,50,0,sentence_transformer_logreg,sentence-transformers/all-MiniLM-L6-v2,0.4925175256983037,0.6843267108167771,high,Prolific,https://www.prolific.com/pricing,2026-07-12,0.4283999999999999,0.0,21.42,0.0,21.42
financial_phrasebank,random,50,0,sentence_transformer_logreg,sentence-transformers/all-MiniLM-L6-v2,0.4925175256983037,0.6843267108167771,low,Amazon Mechanical Turk,https://www.mturk.com/pricing,2026-07-12,0.04,0.0,2.0,0.0,2.0
financial_phrasebank,random,50,1,sentence_transformer_logreg,sentence-transformers/all-MiniLM-L6-v2,0.6825997132012455,0.7505518763796909,base,Prolific,https://www.prolific.com/pricing,2026-07-12,0.0951999999999999,0.0,4.76,0.0,4.76
financial_phrasebank,random,50,1,sentence_transformer_logreg,sentence-transformers/all-MiniLM-L6-v2,0.6825997132012455,0.7505518763796909,high,Prolific,https://www.prolific.com/pricing,2026-07-12,0.4283999999999999,0.0,21.42,0.0,21.42
financial_phrasebank,random,50,1,sentence_transformer_logreg,sentence-transformers/all-MiniLM-L6-v2,0.6825997132012455,0.7505518763796909,low,Amazon Mechanical Turk,https://www.mturk.com/pricing,2026-07-12,0.04,0.0,2.0,0.0,2.0
financial_phrasebank,random,50,2,sentence_transformer_logreg,sentence-transformers/all-MiniLM-L6-v2,0.6313460211514209,0.7483443708609272,base,Prolific,https://www.prolific.com/pricing,2026-07-12,0.0951999999999999,0.0,4.76,0.0,4.76
financial_phrasebank,random,50,2,sentence_transformer_logreg,sentence-transformers/all-MiniLM-L6-v2,0.6313460211514209,0.7483443708609272,high,Prolific,https://www.prolific.com/pricing,2026-07-12,0.4283999999999999,0.0,21.42,0.0,21.42
financial_phrasebank,random,50,2,sentence_transformer_logreg,sentence-transformers/all-MiniLM-L6-v2,0.6313460211514209,0.7483443708609272,low,Amazon Mechanical Turk,https://www.mturk.com/pricing,2026-07-12,0.04,0.0,2.0,0.0,2.0
financial_phrasebank,random,50,3,sentence_transformer_logreg,sentence-transformers/all-MiniLM-L6-v2,0.4189309839462291,0.6887417218543046,base,Prolific,https://www.prolific.com/pricing,2026-07-12,0.0951999999999999,0.0,4.76,0.0,4.76
financial_phrasebank,random,50,3,sentence_transformer_logreg,sentence-transformers/all-MiniLM-L6-v2,0.4189309839462291,0.6887417218543046,high,Prolific,https://www.prolific.com/pricing,2026-07-12,0.4283999999999999,0.0,21.42,0.0,21.42
financial_phrasebank,random,50,3,sentence_transformer_logreg,sentence-transformers/all-MiniLM-L6-v2,0.4189309839462291,0.6887417218543046,low,Amazon Mechanical Turk,https://www.mturk.com/pricing,2026-07-12,0.04,0.0,2.0,0.0,2.0
financial_phrasebank,random,50,4,sentence_transformer_logreg,sentence-transformers/all-MiniLM-L6-v2,0.4939420927147402,0.7483443708609272,base,Prolific,https://www.prolific.com/pricing,2026-07-12,0.0951999999999999,0.0,4.76,0.0,4.76
financial_phrasebank,random,50,4,sentence_transformer_logreg,sentence-transformers/all-MiniLM-L6-v2,0.4939420927147402,0.7483443708609272,high,Prolific,https://www.prolific.com/pricing,2026-07-12,0.4283999999999999,0.0,21.42,0.0,21.42
financial_phrasebank,random,50,4,sentence_transformer_logreg,sentence-transformers/all-MiniLM-L6-v2,0.4939420927147402,0.7483443708609272,low,Amazon Mechanical Turk,https://www.mturk.com/pricing,2026-07-12,0.04,0.0,2.0,0.0,2.0
financial_phrasebank,random,100,0,sentence_transformer_logreg,sentence-transformers/all-MiniLM-L6-v2,0.6380508988305834,0.7858719646799117,base,Prolific,https://www.prolific.com/pricing,2026-07-12,0.0951999999999999,0.0,9.52,0.0,9.52
financial_phrasebank,random,100,0,sentence_transformer_logreg,sentence-transformers/all-MiniLM-L6-v2,0.6380508988305834,0.7858719646799117,high,Prolific,https://www.prolific.com/pricing,2026-07-12,0.4283999999999999,0.0,42.84,0.0,42.84
financial_phrasebank,random,100,0,sentence_transformer_logreg,sentence-transformers/all-MiniLM-L6-v2,0.6380508988305834,0.7858719646799117,low,Amazon Mechanical Turk,https://www.mturk.com/pricing,2026-07-12,0.04,0.0,4.0,0.0,4.0
financial_phrasebank,random,100,1,sentence_transformer_logreg,sentence-transformers/all-MiniLM-L6-v2,0.7214417307084956,0.8079470198675497,base,Prolific,https://www.prolific.com/pricing,2026-07-12,0.0951999999999999,0.0,9.52,0.0,9.52
financial_phrasebank,random,100,1,sentence_transformer_logreg,sentence-transformers/all-MiniLM-L6-v2,0.7214417307084956,0.8079470198675497,high,Prolific,https://www.prolific.com/pricing,2026-07-12,0.4283999999999999,0.0,42.84,0.0,42.84
financial_phrasebank,random,100,1,sentence_transformer_logreg,sentence-transformers/all-MiniLM-L6-v2,0.7214417307084956,0.8079470198675497,low,Amazon Mechanical Turk,https://www.mturk.com/pricing,2026-07-12,0.04,0.0,4.0,0.0,4.0
financial_phrasebank,random,100,2,sentence_transformer_logreg,sentence-transformers/all-MiniLM-L6-v2,0.7451504626941272,0.8101545253863135,base,Prolific,https://www.prolific.com/pricing,2026-07-12,0.0951999999999999,0.0,9.52,0.0,9.52
financial_phrasebank,random,100,2,sentence_transformer_logreg,sentence-transformers/all-MiniLM-L6-v2,0.7451504626941272,0.8101545253863135,high,Prolific,https://www.prolific.com/pricing,2026-07-12,0.4283999999999999,0.0,42.84,0.0,42.84
financial_phrasebank,random,100,2,sentence_transformer_logreg,sentence-transformers/all-MiniLM-L6-v2,0.7451504626941272,0.8101545253863135,low,Amazon Mechanical Turk,https://www.mturk.com/pricing,2026-07-12,0.04,0.0,4.0,0.0,4.0
financial_phrasebank,random,100,3,sentence_transformer_logreg,sentence-transformers/all-MiniLM-L6-v2,0.605148028287187,0.7748344370860927,base,Prolific,https://www.prolific.com/pricing,2026-07-12,0.0951999999999999,0.0,9.52,0.0,9.52
financial_phrasebank,random,100,3,sentence_transformer_logreg,sentence-transformers/all-MiniLM-L6-v2,0.605148028287187,0.7748344370860927,high,Prolific,https://www.prolific.com/pricing,2026-07-12,0.4283999999999999,0.0,42.84,0.0,42.84
financial_phrasebank,random,100,3,sentence_transformer_logreg,sentence-transformers/all-MiniLM-L6-v2,0.605148028287187,0.7748344370860927,low,Amazon Mechanical Turk,https://www.mturk.com/pricing,2026-07-12,0.04,0.0,4.0,0.0,4.0
financial_phrasebank,random,100,4,sentence_transformer_logreg,sentence-transformers/all-MiniLM-L6-v2,0.7003489434169635,0.8035320088300221,base,Prolific,https://www.prolific.com/pricing,2026-07-12,0.0951999999999999,0.0,9.52,0.0,9.52
financial_phrasebank,random,100,4,sentence_transformer_logreg,sentence-transformers/all-MiniLM-L6-v2,0.7003489434169635,0.8035320088300221,high,Prolific,https://www.prolific.com/pricing,2026-07-12,0.4283999999999999,0.0,42.84,0.0,42.84
financial_phrasebank,random,100,4,sentence_transformer_logreg,sentence-transformers/all-MiniLM-L6-v2,0.7003489434169635,0.8035320088300221,low,Amazon Mechanical Turk,https://www.mturk.com/pricing,2026-07-12,0.04,0.0,4.0,0.0,4.0
financial_phrasebank,random,250,0,sentence_transformer_logreg,sentence-transformers/all-MiniLM-L6-v2,0.8315608189171408,0.8675496688741722,base,Prolific,https://www.prolific.com/pricing,2026-07-12,0.0951999999999999,0.0,23.799999999999997,0.0,23.799999999999997
financial_phrasebank,random,250,0,sentence_transformer_logreg,sentence-transformers/all-MiniLM-L6-v2,0.8315608189171408,0.8675496688741722,high,Prolific,https://www.prolific.com/pricing,2026-07-12,0.4283999999999999,0.0,107.09999999999998,0.0,107.09999999999998
financial_phrasebank,random,250,0,sentence_transformer_logreg,sentence-transformers/all-MiniLM-L6-v2,0.8315608189171408,0.8675496688741722,low,Amazon Mechanical Turk,https://www.mturk.com/pricing,2026-07-12,0.04,0.0,10.0,0.0,10.0
financial_phrasebank,random,250,1,sentence_transformer_logreg,sentence-transformers/all-MiniLM-L6-v2,0.7561782841117007,0.8322295805739515,base,Prolific,https://www.prolific.com/pricing,2026-07-12,0.0951999999999999,0.0,23.799999999999997,0.0,23.799999999999997
financial_phrasebank,random,250,1,sentence_transformer_logreg,sentence-transformers/all-MiniLM-L6-v2,0.7561782841117007,0.8322295805739515,high,Prolific,https://www.prolific.com/pricing,2026-07-12,0.4283999999999999,0.0,107.09999999999998,0.0,107.09999999999998
financial_phrasebank,random,250,1,sentence_transformer_logreg,sentence-transformers/all-MiniLM-L6-v2,0.7561782841117007,0.8322295805739515,low,Amazon Mechanical Turk,https://www.mturk.com/pricing,2026-07-12,0.04,0.0,10.0,0.0,10.0
financial_phrasebank,random,250,2,sentence_transformer_logreg,sentence-transformers/all-MiniLM-L6-v2,0.7528460100415356,0.8278145695364238,base,Prolific,https://www.prolific.com/pricing,2026-07-12,0.0951999999999999,0.0,23.799999999999997,0.0,23.799999999999997
financial_phrasebank,random,250,2,sentence_transformer_logreg,sentence-transformers/all-MiniLM-L6-v2,0.7528460100415356,0.8278145695364238,high,Prolific,https://www.prolific.com/pricing,2026-07-12,0.4283999999999999,0.0,107.09999999999998,0.0,107.09999999999998
financial_phrasebank,random,250,2,sentence_transformer_logreg,sentence-transformers/all-MiniLM-L6-v2,0.7528460100415356,0.8278145695364238,low,Amazon Mechanical Turk,https://www.mturk.com/pricing,2026-07-12,0.04,0.0,10.0,0.0,10.0
financial_phrasebank,random,250,3,sentence_transformer_logreg,sentence-transformers/all-MiniLM-L6-v2,0.7847386693038764,0.8454746136865342,base,Prolific,https://www.prolific.com/pricing,2026-07-12,0.0951999999999999,0.0,23.799999999999997,0.0,23.799999999999997
financial_phrasebank,random,250,3,sentence_transformer_logreg,sentence-transformers/all-MiniLM-L6-v2,0.7847386693038764,0.8454746136865342,high,Prolific,https://www.prolific.com/pricing,2026-07-12,0.4283999999999999,0.0,107.09999999999998,0.0,107.09999999999998
financial_phrasebank,random,250,3,sentence_transformer_logreg,sentence-transformers/all-MiniLM-L6-v2,0.7847386693038764,0.8454746136865342,low,Amazon Mechanical Turk,https://www.mturk.com/pricing,2026-07-12,0.04,0.0,10.0,0.0,10.0
financial_phrasebank,random,250,4,sentence_transformer_logreg,sentence-transformers/all-MiniLM-L6-v2,0.7693418267209945,0.8366445916114791,base,Prolific,https://www.prolific.com/pricing,2026-07-12,0.0951999999999999,0.0,23.799999999999997,0.0,23.799999999999997
financial_phrasebank,random,250,4,sentence_transformer_logreg,sentence-transformers/all-MiniLM-L6-v2,0.7693418267209945,0.8366445916114791,high,Prolific,https://www.prolific.com/pricing,2026-07-12,0.4283999999999999,0.0,107.09999999999998,0.0,107.09999999999998
financial_phrasebank,random,250,4,sentence_transformer_logreg,sentence-transformers/all-MiniLM-L6-v2,0.7693418267209945,0.8366445916114791,low,Amazon Mechanical Turk,https://www.mturk.com/pricing,2026-07-12,0.04,0.0,10.0,0.0,10.0
financial_phrasebank,random,500,0,sentence_transformer_logreg,sentence-transformers/all-MiniLM-L6-v2,0.7782337997825423,0.8432671081677704,base,Prolific,https://www.prolific.com/pricing,2026-07-12,0.0951999999999999,0.0,47.599999999999994,0.0,47.599999999999994
financial_phrasebank,random,500,0,sentence_transformer_logreg,sentence-transformers/all-MiniLM-L6-v2,0.7782337997825423,0.8432671081677704,high,Prolific,https://www.prolific.com/pricing,2026-07-12,0.4283999999999999,0.0,214.19999999999996,0.0,214.19999999999996
financial_phrasebank,random,500,0,sentence_transformer_logreg,sentence-transformers/all-MiniLM-L6-v2,0.7782337997825423,0.8432671081677704,low,Amazon Mechanical Turk,https://www.mturk.com/pricing,2026-07-12,0.04,0.0,20.0,0.0,20.0
financial_phrasebank,random,500,1,sentence_transformer_logreg,sentence-transformers/all-MiniLM-L6-v2,0.7964625483954988,0.8543046357615894,base,Prolific,https://www.prolific.com/pricing,2026-07-12,0.0951999999999999,0.0,47.599999999999994,0.0,47.599999999999994
financial_phrasebank,random,500,1,sentence_transformer_logreg,sentence-transformers/all-MiniLM-L6-v2,0.7964625483954988,0.8543046357615894,high,Prolific,https://www.prolific.com/pricing,2026-07-12,0.4283999999999999,0.0,214.19999999999996,0.0,214.19999999999996
financial_phrasebank,random,500,1,sentence_transformer_logreg,sentence-transformers/all-MiniLM-L6-v2,0.7964625483954988,0.8543046357615894,low,Amazon Mechanical Turk,https://www.mturk.com/pricing,2026-07-12,0.04,0.0,20.0,0.0,20.0
financial_phrasebank,random,500,2,sentence_transformer_logreg,sentence-transformers/all-MiniLM-L6-v2,0.8088388187829292,0.8609271523178808,base,Prolific,https://www.prolific.com/pricing,2026-07-12,0.0951999999999999,0.0,47.599999999999994,0.0,47.599999999999994
financial_phrasebank,random,500,2,sentence_transformer_logreg,sentence-transformers/all-MiniLM-L6-v2,0.8088388187829292,0.8609271523178808,high,Prolific,https://www.prolific.com/pricing,2026-07-12,0.4283999999999999,0.0,214.19999999999996,0.0,214.19999999999996
financial_phrasebank,random,500,2,sentence_transformer_logreg,sentence-transformers/all-MiniLM-L6-v2,0.8088388187829292,0.8609271523178808,low,Amazon Mechanical Turk,https://www.mturk.com/pricing,2026-07-12,0.04,0.0,20.0,0.0,20.0
financial_phrasebank,random,500,3,sentence_transformer_logreg,sentence-transformers/all-MiniLM-L6-v2,0.8169448996090324,0.8653421633554084,base,Prolific,https://www.prolific.com/pricing,2026-07-12,0.0951999999999999,0.0,47.599999999999994,0.0,47.599999999999994
financial_phrasebank,random,500,3,sentence_transformer_logreg,sentence-transformers/all-MiniLM-L6-v2,0.8169448996090324,0.8653421633554084,high,Prolific,https://www.prolific.com/pricing,2026-07-12,0.4283999999999999,0.0,214.19999999999996,0.0,214.19999999999996
financial_phrasebank,random,500,3,sentence_transformer_logreg,sentence-transformers/all-MiniLM-L6-v2,0.8169448996090324,0.8653421633554084,low,Amazon Mechanical Turk,https://www.mturk.com/pricing,2026-07-12,0.04,0.0,20.0,0.0,20.0
financial_phrasebank,random,500,4,sentence_transformer_logreg,sentence-transformers/all-MiniLM-L6-v2,0.7862020125618265,0.8498896247240618,base,Prolific,https://www.prolific.com/pricing,2026-07-12,0.0951999999999999,0.0,47.599999999999994,0.0,47.599999999999994
financial_phrasebank,random,500,4,sentence_transformer_logreg,sentence-transformers/all-MiniLM-L6-v2,0.7862020125618265,0.8498896247240618,high,Prolific,https://www.prolific.com/pricing,2026-07-12,0.4283999999999999,0.0,214.19999999999996,0.0,214.19999999999996
financial_phrasebank,random,500,4,sentence_transformer_logreg,sentence-transformers/all-MiniLM-L6-v2,0.7862020125618265,0.8498896247240618,low,Amazon Mechanical Turk,https://www.mturk.com/pricing,2026-07-12,0.04,0.0,20.0,0.0,20.0
financial_phrasebank,random,1000,0,sentence_transformer_logreg,sentence-transformers/all-MiniLM-L6-v2,0.8288752183489025,0.8785871964679912,base,Prolific,https://www.prolific.com/pricing,2026-07-12,0.0951999999999999,0.0,95.2,0.0,95.2
financial_phrasebank,random,1000,0,sentence_transformer_logreg,sentence-transformers/all-MiniLM-L6-v2,0.8288752183489025,0.8785871964679912,high,Prolific,https://www.prolific.com/pricing,2026-07-12,0.4283999999999999,0.0,428.3999999999999,0.0,428.3999999999999
financial_phrasebank,random,1000,0,sentence_transformer_logreg,sentence-transformers/all-MiniLM-L6-v2,0.8288752183489025,0.8785871964679912,low,Amazon Mechanical Turk,https://www.mturk.com/pricing,2026-07-12,0.04,0.0,40.0,0.0,40.0
financial_phrasebank,random,1000,1,sentence_transformer_logreg,sentence-transformers/all-MiniLM-L6-v2,0.8400524771641519,0.8852097130242825,base,Prolific,https://www.prolific.com/pricing,2026-07-12,0.0951999999999999,0.0,95.2,0.0,95.2
financial_phrasebank,random,1000,1,sentence_transformer_logreg,sentence-transformers/all-MiniLM-L6-v2,0.8400524771641519,0.8852097130242825,high,Prolific,https://www.prolific.com/pricing,2026-07-12,0.4283999999999999,0.0,428.3999999999999,0.0,428.3999999999999
financial_phrasebank,random,1000,1,sentence_transformer_logreg,sentence-transformers/all-MiniLM-L6-v2,0.8400524771641519,0.8852097130242825,low,Amazon Mechanical Turk,https://www.mturk.com/pricing,2026-07-12,0.04,0.0,40.0,0.0,40.0
financial_phrasebank,random,1000,2,sentence_transformer_logreg,sentence-transformers/all-MiniLM-L6-v2,0.8373786798466174,0.8785871964679912,base,Prolific,https://www.prolific.com/pricing,2026-07-12,0.0951999999999999,0.0,95.2,0.0,95.2
financial_phrasebank,random,1000,2,sentence_transformer_logreg,sentence-transformers/all-MiniLM-L6-v2,0.8373786798466174,0.8785871964679912,high,Prolific,https://www.prolific.com/pricing,2026-07-12,0.4283999999999999,0.0,428.3999999999999,0.0,428.3999999999999
financial_phrasebank,random,1000,2,sentence_transformer_logreg,sentence-transformers/all-MiniLM-L6-v2,0.8373786798466174,0.8785871964679912,low,Amazon Mechanical Turk,https://www.mturk.com/pricing,2026-07-12,0.04,0.0,40.0,0.0,40.0
financial_phrasebank,random,1000,3,sentence_transformer_logreg,sentence-transformers/all-MiniLM-L6-v2,0.8293978300319944,0.8785871964679912,base,Prolific,https://www.prolific.com/pricing,2026-07-12,0.0951999999999999,0.0,95.2,0.0,95.2
financial_phrasebank,random,1000,3,sentence_transformer_logreg,sentence-transformers/all-MiniLM-L6-v2,0.8293978300319944,0.8785871964679912,high,Prolific,https://www.prolific.com/pricing,2026-07-12,0.4283999999999999,0.0,428.3999999999999,0.0,428.3999999999999
financial_phrasebank,random,1000,3,sentence_transformer_logreg,sentence-transformers/all-MiniLM-L6-v2,0.8293978300319944,0.8785871964679912,low,Amazon Mechanical Turk,https://www.mturk.com/pricing,2026-07-12,0.04,0.0,40.0,0.0,40.0
financial_phrasebank,random,1000,4,sentence_transformer_logreg,sentence-transformers/all-MiniLM-L6-v2,0.8309107394177536,0.8807947019867549,base,Prolific,https://www.prolific.com/pricing,2026-07-12,0.0951999999999999,0.0,95.2,0.0,95.2
financial_phrasebank,random,1000,4,sentence_transformer_logreg,sentence-transformers/all-MiniLM-L6-v2,0.8309107394177536,0.8807947019867549,high,Prolific,https://www.prolific.com/pricing,2026-07-12,0.4283999999999999,0.0,428.3999999999999,0.0,428.3999999999999
financial_phrasebank,random,1000,4,sentence_transformer_logreg,sentence-transformers/all-MiniLM-L6-v2,0.8309107394177536,0.8807947019867549,low,Amazon Mechanical Turk,https://www.mturk.com/pricing,2026-07-12,0.04,0.0,40.0,0.0,40.0
financial_phrasebank,uncertainty_al,50,0,sentence_transformer_logreg,sentence-transformers/all-MiniLM-L6-v2,0.4320675420436342,0.423841059602649,base,Prolific,https://www.prolific.com/pricing,2026-07-12,0.0951999999999999,0.002,4.76,0.1,4.859999999999999
financial_phrasebank,uncertainty_al,50,0,sentence_transformer_logreg,sentence-transformers/all-MiniLM-L6-v2,0.4320675420436342,0.423841059602649,high,Prolific,https://www.prolific.com/pricing,2026-07-12,0.4283999999999999,0.002,21.42,0.1,21.52
financial_phrasebank,uncertainty_al,50,0,sentence_transformer_logreg,sentence-transformers/all-MiniLM-L6-v2,0.4320675420436342,0.423841059602649,low,Amazon Mechanical Turk,https://www.mturk.com/pricing,2026-07-12,0.04,0.002,2.0,0.1,2.1
financial_phrasebank,uncertainty_al,50,1,sentence_transformer_logreg,sentence-transformers/all-MiniLM-L6-v2,0.2535339717282261,0.6136865342163356,base,Prolific,https://www.prolific.com/pricing,2026-07-12,0.0951999999999999,0.002,4.76,0.1,4.859999999999999
financial_phrasebank,uncertainty_al,50,1,sentence_transformer_logreg,sentence-transformers/all-MiniLM-L6-v2,0.2535339717282261,0.6136865342163356,high,Prolific,https://www.prolific.com/pricing,2026-07-12,0.4283999999999999,0.002,21.42,0.1,21.52
financial_phrasebank,uncertainty_al,50,1,sentence_transformer_logreg,sentence-transformers/all-MiniLM-L6-v2,0.2535339717282261,0.6136865342163356,low,Amazon Mechanical Turk,https://www.mturk.com/pricing,2026-07-12,0.04,0.002,2.0,0.1,2.1
financial_phrasebank,uncertainty_al,50,2,sentence_transformer_logreg,sentence-transformers/all-MiniLM-L6-v2,0.3963479185447149,0.3443708609271523,base,Prolific,https://www.prolific.com/pricing,2026-07-12,0.0951999999999999,0.002,4.76,0.1,4.859999999999999
financial_phrasebank,uncertainty_al,50,2,sentence_transformer_logreg,sentence-transformers/all-MiniLM-L6-v2,0.3963479185447149,0.3443708609271523,high,Prolific,https://www.prolific.com/pricing,2026-07-12,0.4283999999999999,0.002,21.42,0.1,21.52
financial_phrasebank,uncertainty_al,50,2,sentence_transformer_logreg,sentence-transformers/all-MiniLM-L6-v2,0.3963479185447149,0.3443708609271523,low,Amazon Mechanical Turk,https://www.mturk.com/pricing,2026-07-12,0.04,0.002,2.0,0.1,2.1
financial_phrasebank,uncertainty_al,50,3,sentence_transformer_logreg,sentence-transformers/all-MiniLM-L6-v2,0.568421988214376,0.5386313465783664,base,Prolific,https://www.prolific.com/pricing,2026-07-12,0.0951999999999999,0.002,4.76,0.1,4.859999999999999
financial_phrasebank,uncertainty_al,50,3,sentence_transformer_logreg,sentence-transformers/all-MiniLM-L6-v2,0.568421988214376,0.5386313465783664,high,Prolific,https://www.prolific.com/pricing,2026-07-12,0.4283999999999999,0.002,21.42,0.1,21.52
financial_phrasebank,uncertainty_al,50,3,sentence_transformer_logreg,sentence-transformers/all-MiniLM-L6-v2,0.568421988214376,0.5386313465783664,low,Amazon Mechanical Turk,https://www.mturk.com/pricing,2026-07-12,0.04,0.002,2.0,0.1,2.1
financial_phrasebank,uncertainty_al,50,4,sentence_transformer_logreg,sentence-transformers/all-MiniLM-L6-v2,0.3546991843657647,0.3399558498896247,base,Prolific,https://www.prolific.com/pricing,2026-07-12,0.0951999999999999,0.002,4.76,0.1,4.859999999999999
financial_phrasebank,uncertainty_al,50,4,sentence_transformer_logreg,sentence-transformers/all-MiniLM-L6-v2,0.3546991843657647,0.3399558498896247,high,Prolific,https://www.prolific.com/pricing,2026-07-12,0.4283999999999999,0.002,21.42,0.1,21.52
financial_phrasebank,uncertainty_al,50,4,sentence_transformer_logreg,sentence-transformers/all-MiniLM-L6-v2,0.3546991843657647,0.3399558498896247,low,Amazon Mechanical Turk,https://www.mturk.com/pricing,2026-07-12,0.04,0.002,2.0,0.1,2.1
financial_phrasebank,uncertainty_al,100,0,sentence_transformer_logreg,sentence-transformers/all-MiniLM-L6-v2,0.7764563500004765,0.8013245033112583,base,Prolific,https://www.prolific.com/pricing,2026-07-12,0.0951999999999999,0.002,9.52,0.2,9.72
financial_phrasebank,uncertainty_al,100,0,sentence_transformer_logreg,sentence-transformers/all-MiniLM-L6-v2,0.7764563500004765,0.8013245033112583,high,Prolific,https://www.prolific.com/pricing,2026-07-12,0.4283999999999999,0.002,42.84,0.2,43.04
financial_phrasebank,uncertainty_al,100,0,sentence_transformer_logreg,sentence-transformers/all-MiniLM-L6-v2,0.7764563500004765,0.8013245033112583,low,Amazon Mechanical Turk,https://www.mturk.com/pricing,2026-07-12,0.04,0.002,4.0,0.2,4.2
financial_phrasebank,uncertainty_al,100,1,sentence_transformer_logreg,sentence-transformers/all-MiniLM-L6-v2,0.4152697184612078,0.3730684326710817,base,Prolific,https://www.prolific.com/pricing,2026-07-12,0.0951999999999999,0.002,9.52,0.2,9.72
financial_phrasebank,uncertainty_al,100,1,sentence_transformer_logreg,sentence-transformers/all-MiniLM-L6-v2,0.4152697184612078,0.3730684326710817,high,Prolific,https://www.prolific.com/pricing,2026-07-12,0.4283999999999999,0.002,42.84,0.2,43.04
financial_phrasebank,uncertainty_al,100,1,sentence_transformer_logreg,sentence-transformers/all-MiniLM-L6-v2,0.4152697184612078,0.3730684326710817,low,Amazon Mechanical Turk,https://www.mturk.com/pricing,2026-07-12,0.04,0.002,4.0,0.2,4.2
financial_phrasebank,uncertainty_al,100,2,sentence_transformer_logreg,sentence-transformers/all-MiniLM-L6-v2,0.6200181003769002,0.5982339955849889,base,Prolific,https://www.prolific.com/pricing,2026-07-12,0.0951999999999999,0.002,9.52,0.2,9.72
financial_phrasebank,uncertainty_al,100,2,sentence_transformer_logreg,sentence-transformers/all-MiniLM-L6-v2,0.6200181003769002,0.5982339955849889,high,Prolific,https://www.prolific.com/pricing,2026-07-12,0.4283999999999999,0.002,42.84,0.2,43.04
financial_phrasebank,uncertainty_al,100,2,sentence_transformer_logreg,sentence-transformers/all-MiniLM-L6-v2,0.6200181003769002,0.5982339955849889,low,Amazon Mechanical Turk,https://www.mturk.com/pricing,2026-07-12,0.04,0.002,4.0,0.2,4.2
financial_phrasebank,uncertainty_al,100,3,sentence_transformer_logreg,sentence-transformers/all-MiniLM-L6-v2,0.3806085703508519,0.3443708609271523,base,Prolific,https://www.prolific.com/pricing,2026-07-12,0.0951999999999999,0.002,9.52,0.2,9.72
financial_phrasebank,uncertainty_al,100,3,sentence_transformer_logreg,sentence-transformers/all-MiniLM-L6-v2,0.3806085703508519,0.3443708609271523,high,Prolific,https://www.prolific.com/pricing,2026-07-12,0.4283999999999999,0.002,42.84,0.2,43.04
financial_phrasebank,uncertainty_al,100,3,sentence_transformer_logreg,sentence-transformers/all-MiniLM-L6-v2,0.3806085703508519,0.3443708609271523,low,Amazon Mechanical Turk,https://www.mturk.com/pricing,2026-07-12,0.04,0.002,4.0,0.2,4.2
financial_phrasebank,uncertainty_al,100,4,sentence_transformer_logreg,sentence-transformers/all-MiniLM-L6-v2,0.3402237731250692,0.3178807947019867,base,Prolific,https://www.prolific.com/pricing,2026-07-12,0.0951999999999999,0.002,9.52,0.2,9.72
financial_phrasebank,uncertainty_al,100,4,sentence_transformer_logreg,sentence-transformers/all-MiniLM-L6-v2,0.3402237731250692,0.3178807947019867,high,Prolific,https://www.prolific.com/pricing,2026-07-12,0.4283999999999999,0.002,42.84,0.2,43.04
financial_phrasebank,uncertainty_al,100,4,sentence_transformer_logreg,sentence-transformers/all-MiniLM-L6-v2,0.3402237731250692,0.3178807947019867,low,Amazon Mechanical Turk,https://www.mturk.com/pricing,2026-07-12,0.04,0.002,4.0,0.2,4.2
financial_phrasebank,uncertainty_al,250,0,sentence_transformer_logreg,sentence-transformers/all-MiniLM-L6-v2,0.7602613738462795,0.7947019867549668,base,Prolific,https://www.prolific.com/pricing,2026-07-12,0.0951999999999999,0.002,23.799999999999997,0.5,24.299999999999997
financial_phrasebank,uncertainty_al,250,0,sentence_transformer_logreg,sentence-transformers/all-MiniLM-L6-v2,0.7602613738462795,0.7947019867549668,high,Prolific,https://www.prolific.com/pricing,2026-07-12,0.4283999999999999,0.002,107.09999999999998,0.5,107.59999999999998
financial_phrasebank,uncertainty_al,250,0,sentence_transformer_logreg,sentence-transformers/all-MiniLM-L6-v2,0.7602613738462795,0.7947019867549668,low,Amazon Mechanical Turk,https://www.mturk.com/pricing,2026-07-12,0.04,0.002,10.0,0.5,10.5
financial_phrasebank,uncertainty_al,250,1,sentence_transformer_logreg,sentence-transformers/all-MiniLM-L6-v2,0.7157148989907393,0.7196467991169978,base,Prolific,https://www.prolific.com/pricing,2026-07-12,0.0951999999999999,0.002,23.799999999999997,0.5,24.299999999999997
financial_phrasebank,uncertainty_al,250,1,sentence_transformer_logreg,sentence-transformers/all-MiniLM-L6-v2,0.7157148989907393,0.7196467991169978,high,Prolific,https://www.prolific.com/pricing,2026-07-12,0.4283999999999999,0.002,107.09999999999998,0.5,107.59999999999998
financial_phrasebank,uncertainty_al,250,1,sentence_transformer_logreg,sentence-transformers/all-MiniLM-L6-v2,0.7157148989907393,0.7196467991169978,low,Amazon Mechanical Turk,https://www.mturk.com/pricing,2026-07-12,0.04,0.002,10.0,0.5,10.5
financial_phrasebank,uncertainty_al,250,2,sentence_transformer_logreg,sentence-transformers/all-MiniLM-L6-v2,0.7951075909596556,0.8388520971302428,base,Prolific,https://www.prolific.com/pricing,2026-07-12,0.0951999999999999,0.002,23.799999999999997,0.5,24.299999999999997
financial_phrasebank,uncertainty_al,250,2,sentence_transformer_logreg,sentence-transformers/all-MiniLM-L6-v2,0.7951075909596556,0.8388520971302428,high,Prolific,https://www.prolific.com/pricing,2026-07-12,0.4283999999999999,0.002,107.09999999999998,0.5,107.59999999999998
financial_phrasebank,uncertainty_al,250,2,sentence_transformer_logreg,sentence-transformers/all-MiniLM-L6-v2,0.7951075909596556,0.8388520971302428,low,Amazon Mechanical Turk,https://www.mturk.com/pricing,2026-07-12,0.04,0.002,10.0,0.5,10.5
financial_phrasebank,uncertainty_al,250,3,sentence_transformer_logreg,sentence-transformers/all-MiniLM-L6-v2,0.7016440597378129,0.6997792494481236,base,Prolific,https://www.prolific.com/pricing,2026-07-12,0.0951999999999999,0.002,23.799999999999997,0.5,24.299999999999997
financial_phrasebank,uncertainty_al,250,3,sentence_transformer_logreg,sentence-transformers/all-MiniLM-L6-v2,0.7016440597378129,0.6997792494481236,high,Prolific,https://www.prolific.com/pricing,2026-07-12,0.4283999999999999,0.002,107.09999999999998,0.5,107.59999999999998
financial_phrasebank,uncertainty_al,250,3,sentence_transformer_logreg,sentence-transformers/all-MiniLM-L6-v2,0.7016440597378129,0.6997792494481236,low,Amazon Mechanical Turk,https://www.mturk.com/pricing,2026-07-12,0.04,0.002,10.0,0.5,10.5
financial_phrasebank,uncertainty_al,250,4,sentence_transformer_logreg,sentence-transformers/all-MiniLM-L6-v2,0.829954594660477,0.8675496688741722,base,Prolific,https://www.prolific.com/pricing,2026-07-12,0.0951999999999999,0.002,23.799999999999997,0.5,24.299999999999997
financial_phrasebank,uncertainty_al,250,4,sentence_transformer_logreg,sentence-transformers/all-MiniLM-L6-v2,0.829954594660477,0.8675496688741722,high,Prolific,https://www.prolific.com/pricing,2026-07-12,0.4283999999999999,0.002,107.09999999999998,0.5,107.59999999999998
financial_phrasebank,uncertainty_al,250,4,sentence_transformer_logreg,sentence-transformers/all-MiniLM-L6-v2,0.829954594660477,0.8675496688741722,low,Amazon Mechanical Turk,https://www.mturk.com/pricing,2026-07-12,0.04,0.002,10.0,0.5,10.5
financial_phrasebank,uncertainty_al,500,0,sentence_transformer_logreg,sentence-transformers/all-MiniLM-L6-v2,0.8445970960964964,0.8763796909492274,base,Prolific,https://www.prolific.com/pricing,2026-07-12,0.0951999999999999,0.002,47.599999999999994,1.0,48.599999999999994
financial_phrasebank,uncertainty_al,500,0,sentence_transformer_logreg,sentence-transformers/all-MiniLM-L6-v2,0.8445970960964964,0.8763796909492274,high,Prolific,https://www.prolific.com/pricing,2026-07-12,0.4283999999999999,0.002,214.19999999999996,1.0,215.19999999999996
financial_phrasebank,uncertainty_al,500,0,sentence_transformer_logreg,sentence-transformers/all-MiniLM-L6-v2,0.8445970960964964,0.8763796909492274,low,Amazon Mechanical Turk,https://www.mturk.com/pricing,2026-07-12,0.04,0.002,20.0,1.0,21.0
financial_phrasebank,uncertainty_al,500,1,sentence_transformer_logreg,sentence-transformers/all-MiniLM-L6-v2,0.8272955010825197,0.8631346578366446,base,Prolific,https://www.prolific.com/pricing,2026-07-12,0.0951999999999999,0.002,47.599999999999994,1.0,48.599999999999994
financial_phrasebank,uncertainty_al,500,1,sentence_transformer_logreg,sentence-transformers/all-MiniLM-L6-v2,0.8272955010825197,0.8631346578366446,high,Prolific,https://www.prolific.com/pricing,2026-07-12,0.4283999999999999,0.002,214.19999999999996,1.0,215.19999999999996
financial_phrasebank,uncertainty_al,500,1,sentence_transformer_logreg,sentence-transformers/all-MiniLM-L6-v2,0.8272955010825197,0.8631346578366446,low,Amazon Mechanical Turk,https://www.mturk.com/pricing,2026-07-12,0.04,0.002,20.0,1.0,21.0
financial_phrasebank,uncertainty_al,500,2,sentence_transformer_logreg,sentence-transformers/all-MiniLM-L6-v2,0.843272688438918,0.8830022075055187,base,Prolific,https://www.prolific.com/pricing,2026-07-12,0.0951999999999999,0.002,47.599999999999994,1.0,48.599999999999994
financial_phrasebank,uncertainty_al,500,2,sentence_transformer_logreg,sentence-transformers/all-MiniLM-L6-v2,0.843272688438918,0.8830022075055187,high,Prolific,https://www.prolific.com/pricing,2026-07-12,0.4283999999999999,0.002,214.19999999999996,1.0,215.19999999999996
financial_phrasebank,uncertainty_al,500,2,sentence_transformer_logreg,sentence-transformers/all-MiniLM-L6-v2,0.843272688438918,0.8830022075055187,low,Amazon Mechanical Turk,https://www.mturk.com/pricing,2026-07-12,0.04,0.002,20.0,1.0,21.0
financial_phrasebank,uncertainty_al,500,3,sentence_transformer_logreg,sentence-transformers/all-MiniLM-L6-v2,0.8261183995437662,0.8631346578366446,base,Prolific,https://www.prolific.com/pricing,2026-07-12,0.0951999999999999,0.002,47.599999999999994,1.0,48.599999999999994
financial_phrasebank,uncertainty_al,500,3,sentence_transformer_logreg,sentence-transformers/all-MiniLM-L6-v2,0.8261183995437662,0.8631346578366446,high,Prolific,https://www.prolific.com/pricing,2026-07-12,0.4283999999999999,0.002,214.19999999999996,1.0,215.19999999999996
financial_phrasebank,uncertainty_al,500,3,sentence_transformer_logreg,sentence-transformers/all-MiniLM-L6-v2,0.8261183995437662,0.8631346578366446,low,Amazon Mechanical Turk,https://www.mturk.com/pricing,2026-07-12,0.04,0.002,20.0,1.0,21.0
financial_phrasebank,uncertainty_al,500,4,sentence_transformer_logreg,sentence-transformers/all-MiniLM-L6-v2,0.8300653960394412,0.8609271523178808,base,Prolific,https://www.prolific.com/pricing,2026-07-12,0.0951999999999999,0.002,47.599999999999994,1.0,48.599999999999994
financial_phrasebank,uncertainty_al,500,4,sentence_transformer_logreg,sentence-transformers/all-MiniLM-L6-v2,0.8300653960394412,0.8609271523178808,high,Prolific,https://www.prolific.com/pricing,2026-07-12,0.4283999999999999,0.002,214.19999999999996,1.0,215.19999999999996
financial_phrasebank,uncertainty_al,500,4,sentence_transformer_logreg,sentence-transformers/all-MiniLM-L6-v2,0.8300653960394412,0.8609271523178808,low,Amazon Mechanical Turk,https://www.mturk.com/pricing,2026-07-12,0.04,0.002,20.0,1.0,21.0
financial_phrasebank,uncertainty_al,1000,0,sentence_transformer_logreg,sentence-transformers/all-MiniLM-L6-v2,0.8440323818542032,0.8896247240618101,base,Prolific,https://www.prolific.com/pricing,2026-07-12,0.0951999999999999,0.002,95.2,2.0,97.2
financial_phrasebank,uncertainty_al,1000,0,sentence_transformer_logreg,sentence-transformers/all-MiniLM-L6-v2,0.8440323818542032,0.8896247240618101,high,Prolific,https://www.prolific.com/pricing,2026-07-12,0.4283999999999999,0.002,428.3999999999999,2.0,430.3999999999999
financial_phrasebank,uncertainty_al,1000,0,sentence_transformer_logreg,sentence-transformers/all-MiniLM-L6-v2,0.8440323818542032,0.8896247240618101,low,Amazon Mechanical Turk,https://www.mturk.com/pricing,2026-07-12,0.04,0.002,40.0,2.0,42.0
financial_phrasebank,uncertainty_al,1000,1,sentence_transformer_logreg,sentence-transformers/all-MiniLM-L6-v2,0.8402703578731904,0.8830022075055187,base,Prolific,https://www.prolific.com/pricing,2026-07-12,0.0951999999999999,0.002,95.2,2.0,97.2
financial_phrasebank,uncertainty_al,1000,1,sentence_transformer_logreg,sentence-transformers/all-MiniLM-L6-v2,0.8402703578731904,0.8830022075055187,high,Prolific,https://www.prolific.com/pricing,2026-07-12,0.4283999999999999,0.002,428.3999999999999,2.0,430.3999999999999
financial_phrasebank,uncertainty_al,1000,1,sentence_transformer_logreg,sentence-transformers/all-MiniLM-L6-v2,0.8402703578731904,0.8830022075055187,low,Amazon Mechanical Turk,https://www.mturk.com/pricing,2026-07-12,0.04,0.002,40.0,2.0,42.0
financial_phrasebank,uncertainty_al,1000,2,sentence_transformer_logreg,sentence-transformers/all-MiniLM-L6-v2,0.8371094764638647,0.8830022075055187,base,Prolific,https://www.prolific.com/pricing,2026-07-12,0.0951999999999999,0.002,95.2,2.0,97.2
financial_phrasebank,uncertainty_al,1000,2,sentence_transformer_logreg,sentence-transformers/all-MiniLM-L6-v2,0.8371094764638647,0.8830022075055187,high,Prolific,https://www.prolific.com/pricing,2026-07-12,0.4283999999999999,0.002,428.3999999999999,2.0,430.3999999999999
financial_phrasebank,uncertainty_al,1000,2,sentence_transformer_logreg,sentence-transformers/all-MiniLM-L6-v2,0.8371094764638647,0.8830022075055187,low,Amazon Mechanical Turk,https://www.mturk.com/pricing,2026-07-12,0.04,0.002,40.0,2.0,42.0
financial_phrasebank,uncertainty_al,1000,3,sentence_transformer_logreg,sentence-transformers/all-MiniLM-L6-v2,0.8532837860271489,0.891832229580574,base,Prolific,https://www.prolific.com/pricing,2026-07-12,0.0951999999999999,0.002,95.2,2.0,97.2
financial_phrasebank,uncertainty_al,1000,3,sentence_transformer_logreg,sentence-transformers/all-MiniLM-L6-v2,0.8532837860271489,0.891832229580574,high,Prolific,https://www.prolific.com/pricing,2026-07-12,0.4283999999999999,0.002,428.3999999999999,2.0,430.3999999999999
financial_phrasebank,uncertainty_al,1000,3,sentence_transformer_logreg,sentence-transformers/all-MiniLM-L6-v2,0.8532837860271489,0.891832229580574,low,Amazon Mechanical Turk,https://www.mturk.com/pricing,2026-07-12,0.04,0.002,40.0,2.0,42.0
financial_phrasebank,uncertainty_al,1000,4,sentence_transformer_logreg,sentence-transformers/all-MiniLM-L6-v2,0.8395192371272078,0.8852097130242825,base,Prolific,https://www.prolific.com/pricing,2026-07-12,0.0951999999999999,0.002,95.2,2.0,97.2
financial_phrasebank,uncertainty_al,1000,4,sentence_transformer_logreg,sentence-transformers/all-MiniLM-L6-v2,0.8395192371272078,0.8852097130242825,high,Prolific,https://www.prolific.com/pricing,2026-07-12,0.4283999999999999,0.002,428.3999999999999,2.0,430.3999999999999
financial_phrasebank,uncertainty_al,1000,4,sentence_transformer_logreg,sentence-transformers/all-MiniLM-L6-v2,0.8395192371272078,0.8852097130242825,low,Amazon Mechanical Turk,https://www.mturk.com/pricing,2026-07-12,0.04,0.002,40.0,2.0,42.0
rotten_tomatoes,diversity_al,50,0,sentence_transformer_logreg,sentence-transformers/all-MiniLM-L6-v2,0.3855238698856456,0.523,base,Prolific,https://www.prolific.com/pricing,2026-07-12,0.0951999999999999,0.003,4.76,0.15,4.91
rotten_tomatoes,diversity_al,50,0,sentence_transformer_logreg,sentence-transformers/all-MiniLM-L6-v2,0.3855238698856456,0.523,high,Prolific,https://www.prolific.com/pricing,2026-07-12,0.4283999999999999,0.003,21.42,0.15,21.569999999999997
rotten_tomatoes,diversity_al,50,0,sentence_transformer_logreg,sentence-transformers/all-MiniLM-L6-v2,0.3855238698856456,0.523,low,Amazon Mechanical Turk,https://www.mturk.com/pricing,2026-07-12,0.04,0.003,2.0,0.15,2.15
rotten_tomatoes,diversity_al,50,1,sentence_transformer_logreg,sentence-transformers/all-MiniLM-L6-v2,0.4600036162653752,0.558,base,Prolific,https://www.prolific.com/pricing,2026-07-12,0.0951999999999999,0.003,4.76,0.15,4.91
rotten_tomatoes,diversity_al,50,1,sentence_transformer_logreg,sentence-transformers/all-MiniLM-L6-v2,0.4600036162653752,0.558,high,Prolific,https://www.prolific.com/pricing,2026-07-12,0.4283999999999999,0.003,21.42,0.15,21.569999999999997
rotten_tomatoes,diversity_al,50,1,sentence_transformer_logreg,sentence-transformers/all-MiniLM-L6-v2,0.4600036162653752,0.558,low,Amazon Mechanical Turk,https://www.mturk.com/pricing,2026-07-12,0.04,0.003,2.0,0.15,2.15
rotten_tomatoes,diversity_al,50,2,sentence_transformer_logreg,sentence-transformers/all-MiniLM-L6-v2,0.4912167003691335,0.569,base,Prolific,https://www.prolific.com/pricing,2026-07-12,0.0951999999999999,0.003,4.76,0.15,4.91
rotten_tomatoes,diversity_al,50,2,sentence_transformer_logreg,sentence-transformers/all-MiniLM-L6-v2,0.4912167003691335,0.569,high,Prolific,https://www.prolific.com/pricing,2026-07-12,0.4283999999999999,0.003,21.42,0.15,21.569999999999997
rotten_tomatoes,diversity_al,50,2,sentence_transformer_logreg,sentence-transformers/all-MiniLM-L6-v2,0.4912167003691335,0.569,low,Amazon Mechanical Turk,https://www.mturk.com/pricing,2026-07-12,0.04,0.003,2.0,0.15,2.15
rotten_tomatoes,diversity_al,50,3,sentence_transformer_logreg,sentence-transformers/all-MiniLM-L6-v2,0.3382148311782039,0.503,base,Prolific,https://www.prolific.com/pricing,2026-07-12,0.0951999999999999,0.003,4.76,0.15,4.91
rotten_tomatoes,diversity_al,50,3,sentence_transformer_logreg,sentence-transformers/all-MiniLM-L6-v2,0.3382148311782039,0.503,high,Prolific,https://www.prolific.com/pricing,2026-07-12,0.4283999999999999,0.003,21.42,0.15,21.569999999999997
rotten_tomatoes,diversity_al,50,3,sentence_transformer_logreg,sentence-transformers/all-MiniLM-L6-v2,0.3382148311782039,0.503,low,Amazon Mechanical Turk,https://www.mturk.com/pricing,2026-07-12,0.04,0.003,2.0,0.15,2.15
rotten_tomatoes,diversity_al,50,4,sentence_transformer_logreg,sentence-transformers/all-MiniLM-L6-v2,0.5157810313286206,0.581,base,Prolific,https://www.prolific.com/pricing,2026-07-12,0.0951999999999999,0.003,4.76,0.15,4.91
rotten_tomatoes,diversity_al,50,4,sentence_transformer_logreg,sentence-transformers/all-MiniLM-L6-v2,0.5157810313286206,0.581,high,Prolific,https://www.prolific.com/pricing,2026-07-12,0.4283999999999999,0.003,21.42,0.15,21.569999999999997
rotten_tomatoes,diversity_al,50,4,sentence_transformer_logreg,sentence-transformers/all-MiniLM-L6-v2,0.5157810313286206,0.581,low,Amazon Mechanical Turk,https://www.mturk.com/pricing,2026-07-12,0.04,0.003,2.0,0.15,2.15
rotten_tomatoes,diversity_al,100,0,sentence_transformer_logreg,sentence-transformers/all-MiniLM-L6-v2,0.6023796383610219,0.634,base,Prolific,https://www.prolific.com/pricing,2026-07-12,0.0951999999999999,0.003,9.52,0.3,9.82
rotten_tomatoes,diversity_al,100,0,sentence_transformer_logreg,sentence-transformers/all-MiniLM-L6-v2,0.6023796383610219,0.634,high,Prolific,https://www.prolific.com/pricing,2026-07-12,0.4283999999999999,0.003,42.84,0.3,43.13999999999999
rotten_tomatoes,diversity_al,100,0,sentence_transformer_logreg,sentence-transformers/all-MiniLM-L6-v2,0.6023796383610219,0.634,low,Amazon Mechanical Turk,https://www.mturk.com/pricing,2026-07-12,0.04,0.003,4.0,0.3,4.3
rotten_tomatoes,diversity_al,100,1,sentence_transformer_logreg,sentence-transformers/all-MiniLM-L6-v2,0.6932746700188561,0.695,base,Prolific,https://www.prolific.com/pricing,2026-07-12,0.0951999999999999,0.003,9.52,0.3,9.82
rotten_tomatoes,diversity_al,100,1,sentence_transformer_logreg,sentence-transformers/all-MiniLM-L6-v2,0.6932746700188561,0.695,high,Prolific,https://www.prolific.com/pricing,2026-07-12,0.4283999999999999,0.003,42.84,0.3,43.13999999999999
rotten_tomatoes,diversity_al,100,1,sentence_transformer_logreg,sentence-transformers/all-MiniLM-L6-v2,0.6932746700188561,0.695,low,Amazon Mechanical Turk,https://www.mturk.com/pricing,2026-07-12,0.04,0.003,4.0,0.3,4.3
rotten_tomatoes,diversity_al,100,2,sentence_transformer_logreg,sentence-transformers/all-MiniLM-L6-v2,0.6944350103341077,0.695,base,Prolific,https://www.prolific.com/pricing,2026-07-12,0.0951999999999999,0.003,9.52,0.3,9.82
rotten_tomatoes,diversity_al,100,2,sentence_transformer_logreg,sentence-transformers/all-MiniLM-L6-v2,0.6944350103341077,0.695,high,Prolific,https://www.prolific.com/pricing,2026-07-12,0.4283999999999999,0.003,42.84,0.3,43.13999999999999
rotten_tomatoes,diversity_al,100,2,sentence_transformer_logreg,sentence-transformers/all-MiniLM-L6-v2,0.6944350103341077,0.695,low,Amazon Mechanical Turk,https://www.mturk.com/pricing,2026-07-12,0.04,0.003,4.0,0.3,4.3
rotten_tomatoes,diversity_al,100,3,sentence_transformer_logreg,sentence-transformers/all-MiniLM-L6-v2,0.6166666666666667,0.632,base,Prolific,https://www.prolific.com/pricing,2026-07-12,0.0951999999999999,0.003,9.52,0.3,9.82
rotten_tomatoes,diversity_al,100,3,sentence_transformer_logreg,sentence-transformers/all-MiniLM-L6-v2,0.6166666666666667,0.632,high,Prolific,https://www.prolific.com/pricing,2026-07-12,0.4283999999999999,0.003,42.84,0.3,43.13999999999999
rotten_tomatoes,diversity_al,100,3,sentence_transformer_logreg,sentence-transformers/all-MiniLM-L6-v2,0.6166666666666667,0.632,low,Amazon Mechanical Turk,https://www.mturk.com/pricing,2026-07-12,0.04,0.003,4.0,0.3,4.3
rotten_tomatoes,diversity_al,100,4,sentence_transformer_logreg,sentence-transformers/all-MiniLM-L6-v2,0.6919001756569129,0.692,base,Prolific,https://www.prolific.com/pricing,2026-07-12,0.0951999999999999,0.003,9.52,0.3,9.82
rotten_tomatoes,diversity_al,100,4,sentence_transformer_logreg,sentence-transformers/all-MiniLM-L6-v2,0.6919001756569129,0.692,high,Prolific,https://www.prolific.com/pricing,2026-07-12,0.4283999999999999,0.003,42.84,0.3,43.13999999999999
rotten_tomatoes,diversity_al,100,4,sentence_transformer_logreg,sentence-transformers/all-MiniLM-L6-v2,0.6919001756569129,0.692,low,Amazon Mechanical Turk,https://www.mturk.com/pricing,2026-07-12,0.04,0.003,4.0,0.3,4.3
rotten_tomatoes,diversity_al,250,0,sentence_transformer_logreg,sentence-transformers/all-MiniLM-L6-v2,0.7056297550657478,0.709,base,Prolific,https://www.prolific.com/pricing,2026-07-12,0.0951999999999999,0.003,23.799999999999997,0.75,24.549999999999997
rotten_tomatoes,diversity_al,250,0,sentence_transformer_logreg,sentence-transformers/all-MiniLM-L6-v2,0.7056297550657478,0.709,high,Prolific,https://www.prolific.com/pricing,2026-07-12,0.4283999999999999,0.003,107.09999999999998,0.75,107.84999999999998
rotten_tomatoes,diversity_al,250,0,sentence_transformer_logreg,sentence-transformers/all-MiniLM-L6-v2,0.7056297550657478,0.709,low,Amazon Mechanical Turk,https://www.mturk.com/pricing,2026-07-12,0.04,0.003,10.0,0.75,10.75
rotten_tomatoes,diversity_al,250,1,sentence_transformer_logreg,sentence-transformers/all-MiniLM-L6-v2,0.7073538654934004,0.709,base,Prolific,https://www.prolific.com/pricing,2026-07-12,0.0951999999999999,0.003,23.799999999999997,0.75,24.549999999999997
rotten_tomatoes,diversity_al,250,1,sentence_transformer_logreg,sentence-transformers/all-MiniLM-L6-v2,0.7073538654934004,0.709,high,Prolific,https://www.prolific.com/pricing,2026-07-12,0.4283999999999999,0.003,107.09999999999998,0.75,107.84999999999998
rotten_tomatoes,diversity_al,250,1,sentence_transformer_logreg,sentence-transformers/all-MiniLM-L6-v2,0.7073538654934004,0.709,low,Amazon Mechanical Turk,https://www.mturk.com/pricing,2026-07-12,0.04,0.003,10.0,0.75,10.75
rotten_tomatoes,diversity_al,250,2,sentence_transformer_logreg,sentence-transformers/all-MiniLM-L6-v2,0.6948224241643863,0.699,base,Prolific,https://www.prolific.com/pricing,2026-07-12,0.0951999999999999,0.003,23.799999999999997,0.75,24.549999999999997
rotten_tomatoes,diversity_al,250,2,sentence_transformer_logreg,sentence-transformers/all-MiniLM-L6-v2,0.6948224241643863,0.699,high,Prolific,https://www.prolific.com/pricing,2026-07-12,0.4283999999999999,0.003,107.09999999999998,0.75,107.84999999999998
rotten_tomatoes,diversity_al,250,2,sentence_transformer_logreg,sentence-transformers/all-MiniLM-L6-v2,0.6948224241643863,0.699,low,Amazon Mechanical Turk,https://www.mturk.com/pricing,2026-07-12,0.04,0.003,10.0,0.75,10.75
rotten_tomatoes,diversity_al,250,3,sentence_transformer_logreg,sentence-transformers/all-MiniLM-L6-v2,0.6586549753386048,0.673,base,Prolific,https://www.prolific.com/pricing,2026-07-12,0.0951999999999999,0.003,23.799999999999997,0.75,24.549999999999997
rotten_tomatoes,diversity_al,250,3,sentence_transformer_logreg,sentence-transformers/all-MiniLM-L6-v2,0.6586549753386048,0.673,high,Prolific,https://www.prolific.com/pricing,2026-07-12,0.4283999999999999,0.003,107.09999999999998,0.75,107.84999999999998
rotten_tomatoes,diversity_al,250,3,sentence_transformer_logreg,sentence-transformers/all-MiniLM-L6-v2,0.6586549753386048,0.673,low,Amazon Mechanical Turk,https://www.mturk.com/pricing,2026-07-12,0.04,0.003,10.0,0.75,10.75
rotten_tomatoes,diversity_al,250,4,sentence_transformer_logreg,sentence-transformers/all-MiniLM-L6-v2,0.6934907758932012,0.697,base,Prolific,https://www.prolific.com/pricing,2026-07-12,0.0951999999999999,0.003,23.799999999999997,0.75,24.549999999999997
rotten_tomatoes,diversity_al,250,4,sentence_transformer_logreg,sentence-transformers/all-MiniLM-L6-v2,0.6934907758932012,0.697,high,Prolific,https://www.prolific.com/pricing,2026-07-12,0.4283999999999999,0.003,107.09999999999998,0.75,107.84999999999998
rotten_tomatoes,diversity_al,250,4,sentence_transformer_logreg,sentence-transformers/all-MiniLM-L6-v2,0.6934907758932012,0.697,low,Amazon Mechanical Turk,https://www.mturk.com/pricing,2026-07-12,0.04,0.003,10.0,0.75,10.75
rotten_tomatoes,diversity_al,500,0,sentence_transformer_logreg,sentence-transformers/all-MiniLM-L6-v2,0.6955139390886257,0.699,base,Prolific,https://www.prolific.com/pricing,2026-07-12,0.0951999999999999,0.003,47.599999999999994,1.5,49.099999999999994
rotten_tomatoes,diversity_al,500,0,sentence_transformer_logreg,sentence-transformers/all-MiniLM-L6-v2,0.6955139390886257,0.699,high,Prolific,https://www.prolific.com/pricing,2026-07-12,0.4283999999999999,0.003,214.19999999999996,1.5,215.69999999999996
rotten_tomatoes,diversity_al,500,0,sentence_transformer_logreg,sentence-transformers/all-MiniLM-L6-v2,0.6955139390886257,0.699,low,Amazon Mechanical Turk,https://www.mturk.com/pricing,2026-07-12,0.04,0.003,20.0,1.5,21.5
rotten_tomatoes,diversity_al,500,1,sentence_transformer_logreg,sentence-transformers/all-MiniLM-L6-v2,0.7049377759935769,0.706,base,Prolific,https://www.prolific.com/pricing,2026-07-12,0.0951999999999999,0.003,47.599999999999994,1.5,49.099999999999994
rotten_tomatoes,diversity_al,500,1,sentence_transformer_logreg,sentence-transformers/all-MiniLM-L6-v2,0.7049377759935769,0.706,high,Prolific,https://www.prolific.com/pricing,2026-07-12,0.4283999999999999,0.003,214.19999999999996,1.5,215.69999999999996
rotten_tomatoes,diversity_al,500,1,sentence_transformer_logreg,sentence-transformers/all-MiniLM-L6-v2,0.7049377759935769,0.706,low,Amazon Mechanical Turk,https://www.mturk.com/pricing,2026-07-12,0.04,0.003,20.0,1.5,21.5
rotten_tomatoes,diversity_al,500,2,sentence_transformer_logreg,sentence-transformers/all-MiniLM-L6-v2,0.6991102548879438,0.702,base,Prolific,https://www.prolific.com/pricing,2026-07-12,0.0951999999999999,0.003,47.599999999999994,1.5,49.099999999999994
rotten_tomatoes,diversity_al,500,2,sentence_transformer_logreg,sentence-transformers/all-MiniLM-L6-v2,0.6991102548879438,0.702,high,Prolific,https://www.prolific.com/pricing,2026-07-12,0.4283999999999999,0.003,214.19999999999996,1.5,215.69999999999996
rotten_tomatoes,diversity_al,500,2,sentence_transformer_logreg,sentence-transformers/all-MiniLM-L6-v2,0.6991102548879438,0.702,low,Amazon Mechanical Turk,https://www.mturk.com/pricing,2026-07-12,0.04,0.003,20.0,1.5,21.5
rotten_tomatoes,diversity_al,500,3,sentence_transformer_logreg,sentence-transformers/all-MiniLM-L6-v2,0.6891920629467864,0.696,base,Prolific,https://www.prolific.com/pricing,2026-07-12,0.0951999999999999,0.003,47.599999999999994,1.5,49.099999999999994
rotten_tomatoes,diversity_al,500,3,sentence_transformer_logreg,sentence-transformers/all-MiniLM-L6-v2,0.6891920629467864,0.696,high,Prolific,https://www.prolific.com/pricing,2026-07-12,0.4283999999999999,0.003,214.19999999999996,1.5,215.69999999999996
rotten_tomatoes,diversity_al,500,3,sentence_transformer_logreg,sentence-transformers/all-MiniLM-L6-v2,0.6891920629467864,0.696,low,Amazon Mechanical Turk,https://www.mturk.com/pricing,2026-07-12,0.04,0.003,20.0,1.5,21.5
rotten_tomatoes,diversity_al,500,4,sentence_transformer_logreg,sentence-transformers/all-MiniLM-L6-v2,0.7064611827697758,0.709,base,Prolific,https://www.prolific.com/pricing,2026-07-12,0.0951999999999999,0.003,47.599999999999994,1.5,49.099999999999994
rotten_tomatoes,diversity_al,500,4,sentence_transformer_logreg,sentence-transformers/all-MiniLM-L6-v2,0.7064611827697758,0.709,high,Prolific,https://www.prolific.com/pricing,2026-07-12,0.4283999999999999,0.003,214.19999999999996,1.5,215.69999999999996
rotten_tomatoes,diversity_al,500,4,sentence_transformer_logreg,sentence-transformers/all-MiniLM-L6-v2,0.7064611827697758,0.709,low,Amazon Mechanical Turk,https://www.mturk.com/pricing,2026-07-12,0.04,0.003,20.0,1.5,21.5
rotten_tomatoes,diversity_al,1000,0,sentence_transformer_logreg,sentence-transformers/all-MiniLM-L6-v2,0.7348597408028847,0.735,base,Prolific,https://www.prolific.com/pricing,2026-07-12,0.0951999999999999,0.003,95.2,3.0,98.2
rotten_tomatoes,diversity_al,1000,0,sentence_transformer_logreg,sentence-transformers/all-MiniLM-L6-v2,0.7348597408028847,0.735,high,Prolific,https://www.prolific.com/pricing,2026-07-12,0.4283999999999999,0.003,428.3999999999999,3.0,431.3999999999999
rotten_tomatoes,diversity_al,1000,0,sentence_transformer_logreg,sentence-transformers/all-MiniLM-L6-v2,0.7348597408028847,0.735,low,Amazon Mechanical Turk,https://www.mturk.com/pricing,2026-07-12,0.04,0.003,40.0,3.0,43.0
rotten_tomatoes,diversity_al,1000,1,sentence_transformer_logreg,sentence-transformers/all-MiniLM-L6-v2,0.7429071894954078,0.743,base,Prolific,https://www.prolific.com/pricing,2026-07-12,0.0951999999999999,0.003,95.2,3.0,98.2
rotten_tomatoes,diversity_al,1000,1,sentence_transformer_logreg,sentence-transformers/all-MiniLM-L6-v2,0.7429071894954078,0.743,high,Prolific,https://www.prolific.com/pricing,2026-07-12,0.4283999999999999,0.003,428.3999999999999,3.0,431.3999999999999
rotten_tomatoes,diversity_al,1000,1,sentence_transformer_logreg,sentence-transformers/all-MiniLM-L6-v2,0.7429071894954078,0.743,low,Amazon Mechanical Turk,https://www.mturk.com/pricing,2026-07-12,0.04,0.003,40.0,3.0,43.0
rotten_tomatoes,diversity_al,1000,2,sentence_transformer_logreg,sentence-transformers/all-MiniLM-L6-v2,0.7417975692943268,0.742,base,Prolific,https://www.prolific.com/pricing,2026-07-12,0.0951999999999999,0.003,95.2,3.0,98.2
rotten_tomatoes,diversity_al,1000,2,sentence_transformer_logreg,sentence-transformers/all-MiniLM-L6-v2,0.7417975692943268,0.742,high,Prolific,https://www.prolific.com/pricing,2026-07-12,0.4283999999999999,0.003,428.3999999999999,3.0,431.3999999999999
rotten_tomatoes,diversity_al,1000,2,sentence_transformer_logreg,sentence-transformers/all-MiniLM-L6-v2,0.7417975692943268,0.742,low,Amazon Mechanical Turk,https://www.mturk.com/pricing,2026-07-12,0.04,0.003,40.0,3.0,43.0
rotten_tomatoes,diversity_al,1000,3,sentence_transformer_logreg,sentence-transformers/all-MiniLM-L6-v2,0.7429421619864469,0.743,base,Prolific,https://www.prolific.com/pricing,2026-07-12,0.0951999999999999,0.003,95.2,3.0,98.2
rotten_tomatoes,diversity_al,1000,3,sentence_transformer_logreg,sentence-transformers/all-MiniLM-L6-v2,0.7429421619864469,0.743,high,Prolific,https://www.prolific.com/pricing,2026-07-12,0.4283999999999999,0.003,428.3999999999999,3.0,431.3999999999999
rotten_tomatoes,diversity_al,1000,3,sentence_transformer_logreg,sentence-transformers/all-MiniLM-L6-v2,0.7429421619864469,0.743,low,Amazon Mechanical Turk,https://www.mturk.com/pricing,2026-07-12,0.04,0.003,40.0,3.0,43.0
rotten_tomatoes,diversity_al,1000,4,sentence_transformer_logreg,sentence-transformers/all-MiniLM-L6-v2,0.7448405253283302,0.745,base,Prolific,https://www.prolific.com/pricing,2026-07-12,0.0951999999999999,0.003,95.2,3.0,98.2
rotten_tomatoes,diversity_al,1000,4,sentence_transformer_logreg,sentence-transformers/all-MiniLM-L6-v2,0.7448405253283302,0.745,high,Prolific,https://www.prolific.com/pricing,2026-07-12,0.4283999999999999,0.003,428.3999999999999,3.0,431.3999999999999
rotten_tomatoes,diversity_al,1000,4,sentence_transformer_logreg,sentence-transformers/all-MiniLM-L6-v2,0.7448405253283302,0.745,low,Amazon Mechanical Turk,https://www.mturk.com/pricing,2026-07-12,0.04,0.003,40.0,3.0,43.0
rotten_tomatoes,hybrid_al,50,0,sentence_transformer_logreg,sentence-transformers/all-MiniLM-L6-v2,0.465623981753014,0.549,base,Prolific,https://www.prolific.com/pricing,2026-07-12,0.0951999999999999,0.004,4.76,0.2,4.96
rotten_tomatoes,hybrid_al,50,0,sentence_transformer_logreg,sentence-transformers/all-MiniLM-L6-v2,0.465623981753014,0.549,high,Prolific,https://www.prolific.com/pricing,2026-07-12,0.4283999999999999,0.004,21.42,0.2,21.619999999999997
rotten_tomatoes,hybrid_al,50,0,sentence_transformer_logreg,sentence-transformers/all-MiniLM-L6-v2,0.465623981753014,0.549,low,Amazon Mechanical Turk,https://www.mturk.com/pricing,2026-07-12,0.04,0.004,2.0,0.2,2.2
rotten_tomatoes,hybrid_al,50,1,sentence_transformer_logreg,sentence-transformers/all-MiniLM-L6-v2,0.6380254287136329,0.648,base,Prolific,https://www.prolific.com/pricing,2026-07-12,0.0951999999999999,0.004,4.76,0.2,4.96
rotten_tomatoes,hybrid_al,50,1,sentence_transformer_logreg,sentence-transformers/all-MiniLM-L6-v2,0.6380254287136329,0.648,high,Prolific,https://www.prolific.com/pricing,2026-07-12,0.4283999999999999,0.004,21.42,0.2,21.619999999999997
rotten_tomatoes,hybrid_al,50,1,sentence_transformer_logreg,sentence-transformers/all-MiniLM-L6-v2,0.6380254287136329,0.648,low,Amazon Mechanical Turk,https://www.mturk.com/pricing,2026-07-12,0.04,0.004,2.0,0.2,2.2
rotten_tomatoes,hybrid_al,50,2,sentence_transformer_logreg,sentence-transformers/all-MiniLM-L6-v2,0.6659518970731786,0.666,base,Prolific,https://www.prolific.com/pricing,2026-07-12,0.0951999999999999,0.004,4.76,0.2,4.96
rotten_tomatoes,hybrid_al,50,2,sentence_transformer_logreg,sentence-transformers/all-MiniLM-L6-v2,0.6659518970731786,0.666,high,Prolific,https://www.prolific.com/pricing,2026-07-12,0.4283999999999999,0.004,21.42,0.2,21.619999999999997
rotten_tomatoes,hybrid_al,50,2,sentence_transformer_logreg,sentence-transformers/all-MiniLM-L6-v2,0.6659518970731786,0.666,low,Amazon Mechanical Turk,https://www.mturk.com/pricing,2026-07-12,0.04,0.004,2.0,0.2,2.2
rotten_tomatoes,hybrid_al,50,3,sentence_transformer_logreg,sentence-transformers/all-MiniLM-L6-v2,0.3855238698856456,0.523,base,Prolific,https://www.prolific.com/pricing,2026-07-12,0.0951999999999999,0.004,4.76,0.2,4.96
rotten_tomatoes,hybrid_al,50,3,sentence_transformer_logreg,sentence-transformers/all-MiniLM-L6-v2,0.3855238698856456,0.523,high,Prolific,https://www.prolific.com/pricing,2026-07-12,0.4283999999999999,0.004,21.42,0.2,21.619999999999997
rotten_tomatoes,hybrid_al,50,3,sentence_transformer_logreg,sentence-transformers/all-MiniLM-L6-v2,0.3855238698856456,0.523,low,Amazon Mechanical Turk,https://www.mturk.com/pricing,2026-07-12,0.04,0.004,2.0,0.2,2.2
rotten_tomatoes,hybrid_al,50,4,sentence_transformer_logreg,sentence-transformers/all-MiniLM-L6-v2,0.6428713146303718,0.649,base,Prolific,https://www.prolific.com/pricing,2026-07-12,0.0951999999999999,0.004,4.76,0.2,4.96
rotten_tomatoes,hybrid_al,50,4,sentence_transformer_logreg,sentence-transformers/all-MiniLM-L6-v2,0.6428713146303718,0.649,high,Prolific,https://www.prolific.com/pricing,2026-07-12,0.4283999999999999,0.004,21.42,0.2,21.619999999999997
rotten_tomatoes,hybrid_al,50,4,sentence_transformer_logreg,sentence-transformers/all-MiniLM-L6-v2,0.6428713146303718,0.649,low,Amazon Mechanical Turk,https://www.mturk.com/pricing,2026-07-12,0.04,0.004,2.0,0.2,2.2
rotten_tomatoes,hybrid_al,100,0,sentence_transformer_logreg,sentence-transformers/all-MiniLM-L6-v2,0.6377776037996816,0.653,base,Prolific,https://www.prolific.com/pricing,2026-07-12,0.0951999999999999,0.004,9.52,0.4,9.92
rotten_tomatoes,hybrid_al,100,0,sentence_transformer_logreg,sentence-transformers/all-MiniLM-L6-v2,0.6377776037996816,0.653,high,Prolific,https://www.prolific.com/pricing,2026-07-12,0.4283999999999999,0.004,42.84,0.4,43.239999999999995
rotten_tomatoes,hybrid_al,100,0,sentence_transformer_logreg,sentence-transformers/all-MiniLM-L6-v2,0.6377776037996816,0.653,low,Amazon Mechanical Turk,https://www.mturk.com/pricing,2026-07-12,0.04,0.004,4.0,0.4,4.4
rotten_tomatoes,hybrid_al,100,1,sentence_transformer_logreg,sentence-transformers/all-MiniLM-L6-v2,0.6873384080714793,0.688,base,Prolific,https://www.prolific.com/pricing,2026-07-12,0.0951999999999999,0.004,9.52,0.4,9.92
rotten_tomatoes,hybrid_al,100,1,sentence_transformer_logreg,sentence-transformers/all-MiniLM-L6-v2,0.6873384080714793,0.688,high,Prolific,https://www.prolific.com/pricing,2026-07-12,0.4283999999999999,0.004,42.84,0.4,43.239999999999995
rotten_tomatoes,hybrid_al,100,1,sentence_transformer_logreg,sentence-transformers/all-MiniLM-L6-v2,0.6873384080714793,0.688,low,Amazon Mechanical Turk,https://www.mturk.com/pricing,2026-07-12,0.04,0.004,4.0,0.4,4.4
rotten_tomatoes,hybrid_al,100,2,sentence_transformer_logreg,sentence-transformers/all-MiniLM-L6-v2,0.6936029093705443,0.694,base,Prolific,https://www.prolific.com/pricing,2026-07-12,0.0951999999999999,0.004,9.52,0.4,9.92
rotten_tomatoes,hybrid_al,100,2,sentence_transformer_logreg,sentence-transformers/all-MiniLM-L6-v2,0.6936029093705443,0.694,high,Prolific,https://www.prolific.com/pricing,2026-07-12,0.4283999999999999,0.004,42.84,0.4,43.239999999999995
rotten_tomatoes,hybrid_al,100,2,sentence_transformer_logreg,sentence-transformers/all-MiniLM-L6-v2,0.6936029093705443,0.694,low,Amazon Mechanical Turk,https://www.mturk.com/pricing,2026-07-12,0.04,0.004,4.0,0.4,4.4
rotten_tomatoes,hybrid_al,100,3,sentence_transformer_logreg,sentence-transformers/all-MiniLM-L6-v2,0.6279949558638083,0.646,base,Prolific,https://www.prolific.com/pricing,2026-07-12,0.0951999999999999,0.004,9.52,0.4,9.92
rotten_tomatoes,hybrid_al,100,3,sentence_transformer_logreg,sentence-transformers/all-MiniLM-L6-v2,0.6279949558638083,0.646,high,Prolific,https://www.prolific.com/pricing,2026-07-12,0.4283999999999999,0.004,42.84,0.4,43.239999999999995
rotten_tomatoes,hybrid_al,100,3,sentence_transformer_logreg,sentence-transformers/all-MiniLM-L6-v2,0.6279949558638083,0.646,low,Amazon Mechanical Turk,https://www.mturk.com/pricing,2026-07-12,0.04,0.004,4.0,0.4,4.4
rotten_tomatoes,hybrid_al,100,4,sentence_transformer_logreg,sentence-transformers/all-MiniLM-L6-v2,0.704553406761391,0.707,base,Prolific,https://www.prolific.com/pricing,2026-07-12,0.0951999999999999,0.004,9.52,0.4,9.92
rotten_tomatoes,hybrid_al,100,4,sentence_transformer_logreg,sentence-transformers/all-MiniLM-L6-v2,0.704553406761391,0.707,high,Prolific,https://www.prolific.com/pricing,2026-07-12,0.4283999999999999,0.004,42.84,0.4,43.239999999999995
rotten_tomatoes,hybrid_al,100,4,sentence_transformer_logreg,sentence-transformers/all-MiniLM-L6-v2,0.704553406761391,0.707,low,Amazon Mechanical Turk,https://www.mturk.com/pricing,2026-07-12,0.04,0.004,4.0,0.4,4.4
rotten_tomatoes,hybrid_al,250,0,sentence_transformer_logreg,sentence-transformers/all-MiniLM-L6-v2,0.7077653084281088,0.709,base,Prolific,https://www.prolific.com/pricing,2026-07-12,0.0951999999999999,0.004,23.799999999999997,1.0,24.799999999999997
rotten_tomatoes,hybrid_al,250,0,sentence_transformer_logreg,sentence-transformers/all-MiniLM-L6-v2,0.7077653084281088,0.709,high,Prolific,https://www.prolific.com/pricing,2026-07-12,0.4283999999999999,0.004,107.09999999999998,1.0,108.09999999999998
rotten_tomatoes,hybrid_al,250,0,sentence_transformer_logreg,sentence-transformers/all-MiniLM-L6-v2,0.7077653084281088,0.709,low,Amazon Mechanical Turk,https://www.mturk.com/pricing,2026-07-12,0.04,0.004,10.0,1.0,11.0
rotten_tomatoes,hybrid_al,250,1,sentence_transformer_logreg,sentence-transformers/all-MiniLM-L6-v2,0.6970908606254468,0.7,base,Prolific,https://www.prolific.com/pricing,2026-07-12,0.0951999999999999,0.004,23.799999999999997,1.0,24.799999999999997
rotten_tomatoes,hybrid_al,250,1,sentence_transformer_logreg,sentence-transformers/all-MiniLM-L6-v2,0.6970908606254468,0.7,high,Prolific,https://www.prolific.com/pricing,2026-07-12,0.4283999999999999,0.004,107.09999999999998,1.0,108.09999999999998
rotten_tomatoes,hybrid_al,250,1,sentence_transformer_logreg,sentence-transformers/all-MiniLM-L6-v2,0.6970908606254468,0.7,low,Amazon Mechanical Turk,https://www.mturk.com/pricing,2026-07-12,0.04,0.004,10.0,1.0,11.0
rotten_tomatoes,hybrid_al,250,2,sentence_transformer_logreg,sentence-transformers/all-MiniLM-L6-v2,0.7183778967739738,0.719,base,Prolific,https://www.prolific.com/pricing,2026-07-12,0.0951999999999999,0.004,23.799999999999997,1.0,24.799999999999997
rotten_tomatoes,hybrid_al,250,2,sentence_transformer_logreg,sentence-transformers/all-MiniLM-L6-v2,0.7183778967739738,0.719,high,Prolific,https://www.prolific.com/pricing,2026-07-12,0.4283999999999999,0.004,107.09999999999998,1.0,108.09999999999998
rotten_tomatoes,hybrid_al,250,2,sentence_transformer_logreg,sentence-transformers/all-MiniLM-L6-v2,0.7183778967739738,0.719,low,Amazon Mechanical Turk,https://www.mturk.com/pricing,2026-07-12,0.04,0.004,10.0,1.0,11.0
rotten_tomatoes,hybrid_al,250,3,sentence_transformer_logreg,sentence-transformers/all-MiniLM-L6-v2,0.7165689012988756,0.717,base,Prolific,https://www.prolific.com/pricing,2026-07-12,0.0951999999999999,0.004,23.799999999999997,1.0,24.799999999999997
rotten_tomatoes,hybrid_al,250,3,sentence_transformer_logreg,sentence-transformers/all-MiniLM-L6-v2,0.7165689012988756,0.717,high,Prolific,https://www.prolific.com/pricing,2026-07-12,0.4283999999999999,0.004,107.09999999999998,1.0,108.09999999999998
rotten_tomatoes,hybrid_al,250,3,sentence_transformer_logreg,sentence-transformers/all-MiniLM-L6-v2,0.7165689012988756,0.717,low,Amazon Mechanical Turk,https://www.mturk.com/pricing,2026-07-12,0.04,0.004,10.0,1.0,11.0
rotten_tomatoes,hybrid_al,250,4,sentence_transformer_logreg,sentence-transformers/all-MiniLM-L6-v2,0.7019415805497877,0.702,base,Prolific,https://www.prolific.com/pricing,2026-07-12,0.0951999999999999,0.004,23.799999999999997,1.0,24.799999999999997
rotten_tomatoes,hybrid_al,250,4,sentence_transformer_logreg,sentence-transformers/all-MiniLM-L6-v2,0.7019415805497877,0.702,high,Prolific,https://www.prolific.com/pricing,2026-07-12,0.4283999999999999,0.004,107.09999999999998,1.0,108.09999999999998
rotten_tomatoes,hybrid_al,250,4,sentence_transformer_logreg,sentence-transformers/all-MiniLM-L6-v2,0.7019415805497877,0.702,low,Amazon Mechanical Turk,https://www.mturk.com/pricing,2026-07-12,0.04,0.004,10.0,1.0,11.0
rotten_tomatoes,hybrid_al,500,0,sentence_transformer_logreg,sentence-transformers/all-MiniLM-L6-v2,0.7272045284048285,0.728,base,Prolific,https://www.prolific.com/pricing,2026-07-12,0.0951999999999999,0.004,47.599999999999994,2.0,49.599999999999994
rotten_tomatoes,hybrid_al,500,0,sentence_transformer_logreg,sentence-transformers/all-MiniLM-L6-v2,0.7272045284048285,0.728,high,Prolific,https://www.prolific.com/pricing,2026-07-12,0.4283999999999999,0.004,214.19999999999996,2.0,216.19999999999996
rotten_tomatoes,hybrid_al,500,0,sentence_transformer_logreg,sentence-transformers/all-MiniLM-L6-v2,0.7272045284048285,0.728,low,Amazon Mechanical Turk,https://www.mturk.com/pricing,2026-07-12,0.04,0.004,20.0,2.0,22.0
rotten_tomatoes,hybrid_al,500,1,sentence_transformer_logreg,sentence-transformers/all-MiniLM-L6-v2,0.7309868183540993,0.731,base,Prolific,https://www.prolific.com/pricing,2026-07-12,0.0951999999999999,0.004,47.599999999999994,2.0,49.599999999999994
rotten_tomatoes,hybrid_al,500,1,sentence_transformer_logreg,sentence-transformers/all-MiniLM-L6-v2,0.7309868183540993,0.731,high,Prolific,https://www.prolific.com/pricing,2026-07-12,0.4283999999999999,0.004,214.19999999999996,2.0,216.19999999999996
rotten_tomatoes,hybrid_al,500,1,sentence_transformer_logreg,sentence-transformers/all-MiniLM-L6-v2,0.7309868183540993,0.731,low,Amazon Mechanical Turk,https://www.mturk.com/pricing,2026-07-12,0.04,0.004,20.0,2.0,22.0
rotten_tomatoes,hybrid_al,500,2,sentence_transformer_logreg,sentence-transformers/all-MiniLM-L6-v2,0.7026590773935945,0.706,base,Prolific,https://www.prolific.com/pricing,2026-07-12,0.0951999999999999,0.004,47.599999999999994,2.0,49.599999999999994
rotten_tomatoes,hybrid_al,500,2,sentence_transformer_logreg,sentence-transformers/all-MiniLM-L6-v2,0.7026590773935945,0.706,high,Prolific,https://www.prolific.com/pricing,2026-07-12,0.4283999999999999,0.004,214.19999999999996,2.0,216.19999999999996
rotten_tomatoes,hybrid_al,500,2,sentence_transformer_logreg,sentence-transformers/all-MiniLM-L6-v2,0.7026590773935945,0.706,low,Amazon Mechanical Turk,https://www.mturk.com/pricing,2026-07-12,0.04,0.004,20.0,2.0,22.0
rotten_tomatoes,hybrid_al,500,3,sentence_transformer_logreg,sentence-transformers/all-MiniLM-L6-v2,0.7227668469182582,0.723,base,Prolific,https://www.prolific.com/pricing,2026-07-12,0.0951999999999999,0.004,47.599999999999994,2.0,49.599999999999994
rotten_tomatoes,hybrid_al,500,3,sentence_transformer_logreg,sentence-transformers/all-MiniLM-L6-v2,0.7227668469182582,0.723,high,Prolific,https://www.prolific.com/pricing,2026-07-12,0.4283999999999999,0.004,214.19999999999996,2.0,216.19999999999996
rotten_tomatoes,hybrid_al,500,3,sentence_transformer_logreg,sentence-transformers/all-MiniLM-L6-v2,0.7227668469182582,0.723,low,Amazon Mechanical Turk,https://www.mturk.com/pricing,2026-07-12,0.04,0.004,20.0,2.0,22.0
rotten_tomatoes,hybrid_al,500,4,sentence_transformer_logreg,sentence-transformers/all-MiniLM-L6-v2,0.7163188816348052,0.717,base,Prolific,https://www.prolific.com/pricing,2026-07-12,0.0951999999999999,0.004,47.599999999999994,2.0,49.599999999999994
rotten_tomatoes,hybrid_al,500,4,sentence_transformer_logreg,sentence-transformers/all-MiniLM-L6-v2,0.7163188816348052,0.717,high,Prolific,https://www.prolific.com/pricing,2026-07-12,0.4283999999999999,0.004,214.19999999999996,2.0,216.19999999999996
rotten_tomatoes,hybrid_al,500,4,sentence_transformer_logreg,sentence-transformers/all-MiniLM-L6-v2,0.7163188816348052,0.717,low,Amazon Mechanical Turk,https://www.mturk.com/pricing,2026-07-12,0.04,0.004,20.0,2.0,22.0
rotten_tomatoes,hybrid_al,1000,0,sentence_transformer_logreg,sentence-transformers/all-MiniLM-L6-v2,0.7219822068612392,0.722,base,Prolific,https://www.prolific.com/pricing,2026-07-12,0.0951999999999999,0.004,95.2,4.0,99.2
rotten_tomatoes,hybrid_al,1000,0,sentence_transformer_logreg,sentence-transformers/all-MiniLM-L6-v2,0.7219822068612392,0.722,high,Prolific,https://www.prolific.com/pricing,2026-07-12,0.4283999999999999,0.004,428.3999999999999,4.0,432.3999999999999
rotten_tomatoes,hybrid_al,1000,0,sentence_transformer_logreg,sentence-transformers/all-MiniLM-L6-v2,0.7219822068612392,0.722,low,Amazon Mechanical Turk,https://www.mturk.com/pricing,2026-07-12,0.04,0.004,40.0,4.0,44.0
rotten_tomatoes,hybrid_al,1000,1,sentence_transformer_logreg,sentence-transformers/all-MiniLM-L6-v2,0.727998911995648,0.728,base,Prolific,https://www.prolific.com/pricing,2026-07-12,0.0951999999999999,0.004,95.2,4.0,99.2
rotten_tomatoes,hybrid_al,1000,1,sentence_transformer_logreg,sentence-transformers/all-MiniLM-L6-v2,0.727998911995648,0.728,high,Prolific,https://www.prolific.com/pricing,2026-07-12,0.4283999999999999,0.004,428.3999999999999,4.0,432.3999999999999
rotten_tomatoes,hybrid_al,1000,1,sentence_transformer_logreg,sentence-transformers/all-MiniLM-L6-v2,0.727998911995648,0.728,low,Amazon Mechanical Turk,https://www.mturk.com/pricing,2026-07-12,0.04,0.004,40.0,4.0,44.0
rotten_tomatoes,hybrid_al,1000,2,sentence_transformer_logreg,sentence-transformers/all-MiniLM-L6-v2,0.7358214152767271,0.736,base,Prolific,https://www.prolific.com/pricing,2026-07-12,0.0951999999999999,0.004,95.2,4.0,99.2
rotten_tomatoes,hybrid_al,1000,2,sentence_transformer_logreg,sentence-transformers/all-MiniLM-L6-v2,0.7358214152767271,0.736,high,Prolific,https://www.prolific.com/pricing,2026-07-12,0.4283999999999999,0.004,428.3999999999999,4.0,432.3999999999999
rotten_tomatoes,hybrid_al,1000,2,sentence_transformer_logreg,sentence-transformers/all-MiniLM-L6-v2,0.7358214152767271,0.736,low,Amazon Mechanical Turk,https://www.mturk.com/pricing,2026-07-12,0.04,0.004,40.0,4.0,44.0
rotten_tomatoes,hybrid_al,1000,3,sentence_transformer_logreg,sentence-transformers/all-MiniLM-L6-v2,0.72885656512295,0.729,base,Prolific,https://www.prolific.com/pricing,2026-07-12,0.0951999999999999,0.004,95.2,4.0,99.2
rotten_tomatoes,hybrid_al,1000,3,sentence_transformer_logreg,sentence-transformers/all-MiniLM-L6-v2,0.72885656512295,0.729,high,Prolific,https://www.prolific.com/pricing,2026-07-12,0.4283999999999999,0.004,428.3999999999999,4.0,432.3999999999999
rotten_tomatoes,hybrid_al,1000,3,sentence_transformer_logreg,sentence-transformers/all-MiniLM-L6-v2,0.72885656512295,0.729,low,Amazon Mechanical Turk,https://www.mturk.com/pricing,2026-07-12,0.04,0.004,40.0,4.0,44.0
rotten_tomatoes,hybrid_al,1000,4,sentence_transformer_logreg,sentence-transformers/all-MiniLM-L6-v2,0.7359831029185868,0.736,base,Prolific,https://www.prolific.com/pricing,2026-07-12,0.0951999999999999,0.004,95.2,4.0,99.2
rotten_tomatoes,hybrid_al,1000,4,sentence_transformer_logreg,sentence-transformers/all-MiniLM-L6-v2,0.7359831029185868,0.736,high,Prolific,https://www.prolific.com/pricing,2026-07-12,0.4283999999999999,0.004,428.3999999999999,4.0,432.3999999999999
rotten_tomatoes,hybrid_al,1000,4,sentence_transformer_logreg,sentence-transformers/all-MiniLM-L6-v2,0.7359831029185868,0.736,low,Amazon Mechanical Turk,https://www.mturk.com/pricing,2026-07-12,0.04,0.004,40.0,4.0,44.0
rotten_tomatoes,random,50,0,sentence_transformer_logreg,sentence-transformers/all-MiniLM-L6-v2,0.539894512400404,0.59,base,Prolific,https://www.prolific.com/pricing,2026-07-12,0.0951999999999999,0.0,4.76,0.0,4.76
rotten_tomatoes,random,50,0,sentence_transformer_logreg,sentence-transformers/all-MiniLM-L6-v2,0.539894512400404,0.59,high,Prolific,https://www.prolific.com/pricing,2026-07-12,0.4283999999999999,0.0,21.42,0.0,21.42
rotten_tomatoes,random,50,0,sentence_transformer_logreg,sentence-transformers/all-MiniLM-L6-v2,0.539894512400404,0.59,low,Amazon Mechanical Turk,https://www.mturk.com/pricing,2026-07-12,0.04,0.0,2.0,0.0,2.0
rotten_tomatoes,random,50,1,sentence_transformer_logreg,sentence-transformers/all-MiniLM-L6-v2,0.6486173442879295,0.649,base,Prolific,https://www.prolific.com/pricing,2026-07-12,0.0951999999999999,0.0,4.76,0.0,4.76
rotten_tomatoes,random,50,1,sentence_transformer_logreg,sentence-transformers/all-MiniLM-L6-v2,0.6486173442879295,0.649,high,Prolific,https://www.prolific.com/pricing,2026-07-12,0.4283999999999999,0.0,21.42,0.0,21.42
rotten_tomatoes,random,50,1,sentence_transformer_logreg,sentence-transformers/all-MiniLM-L6-v2,0.6486173442879295,0.649,low,Amazon Mechanical Turk,https://www.mturk.com/pricing,2026-07-12,0.04,0.0,2.0,0.0,2.0
rotten_tomatoes,random,50,2,sentence_transformer_logreg,sentence-transformers/all-MiniLM-L6-v2,0.367934975657661,0.516,base,Prolific,https://www.prolific.com/pricing,2026-07-12,0.0951999999999999,0.0,4.76,0.0,4.76
rotten_tomatoes,random,50,2,sentence_transformer_logreg,sentence-transformers/all-MiniLM-L6-v2,0.367934975657661,0.516,high,Prolific,https://www.prolific.com/pricing,2026-07-12,0.4283999999999999,0.0,21.42,0.0,21.42
rotten_tomatoes,random,50,2,sentence_transformer_logreg,sentence-transformers/all-MiniLM-L6-v2,0.367934975657661,0.516,low,Amazon Mechanical Turk,https://www.mturk.com/pricing,2026-07-12,0.04,0.0,2.0,0.0,2.0
rotten_tomatoes,random,50,3,sentence_transformer_logreg,sentence-transformers/all-MiniLM-L6-v2,0.5856305394654198,0.62,base,Prolific,https://www.prolific.com/pricing,2026-07-12,0.0951999999999999,0.0,4.76,0.0,4.76
rotten_tomatoes,random,50,3,sentence_transformer_logreg,sentence-transformers/all-MiniLM-L6-v2,0.5856305394654198,0.62,high,Prolific,https://www.prolific.com/pricing,2026-07-12,0.4283999999999999,0.0,21.42,0.0,21.42
rotten_tomatoes,random,50,3,sentence_transformer_logreg,sentence-transformers/all-MiniLM-L6-v2,0.5856305394654198,0.62,low,Amazon Mechanical Turk,https://www.mturk.com/pricing,2026-07-12,0.04,0.0,2.0,0.0,2.0
rotten_tomatoes,random,50,4,sentence_transformer_logreg,sentence-transformers/all-MiniLM-L6-v2,0.6019590537009155,0.609,base,Prolific,https://www.prolific.com/pricing,2026-07-12,0.0951999999999999,0.0,4.76,0.0,4.76
rotten_tomatoes,random,50,4,sentence_transformer_logreg,sentence-transformers/all-MiniLM-L6-v2,0.6019590537009155,0.609,high,Prolific,https://www.prolific.com/pricing,2026-07-12,0.4283999999999999,0.0,21.42,0.0,21.42
rotten_tomatoes,random,50,4,sentence_transformer_logreg,sentence-transformers/all-MiniLM-L6-v2,0.6019590537009155,0.609,low,Amazon Mechanical Turk,https://www.mturk.com/pricing,2026-07-12,0.04,0.0,2.0,0.0,2.0
rotten_tomatoes,random,100,0,sentence_transformer_logreg,sentence-transformers/all-MiniLM-L6-v2,0.6653401969016587,0.67,base,Prolific,https://www.prolific.com/pricing,2026-07-12,0.0951999999999999,0.0,9.52,0.0,9.52
rotten_tomatoes,random,100,0,sentence_transformer_logreg,sentence-transformers/all-MiniLM-L6-v2,0.6653401969016587,0.67,high,Prolific,https://www.prolific.com/pricing,2026-07-12,0.4283999999999999,0.0,42.84,0.0,42.84
rotten_tomatoes,random,100,0,sentence_transformer_logreg,sentence-transformers/all-MiniLM-L6-v2,0.6653401969016587,0.67,low,Amazon Mechanical Turk,https://www.mturk.com/pricing,2026-07-12,0.04,0.0,4.0,0.0,4.0
rotten_tomatoes,random,100,1,sentence_transformer_logreg,sentence-transformers/all-MiniLM-L6-v2,0.6828582898434363,0.684,base,Prolific,https://www.prolific.com/pricing,2026-07-12,0.0951999999999999,0.0,9.52,0.0,9.52
rotten_tomatoes,random,100,1,sentence_transformer_logreg,sentence-transformers/all-MiniLM-L6-v2,0.6828582898434363,0.684,high,Prolific,https://www.prolific.com/pricing,2026-07-12,0.4283999999999999,0.0,42.84,0.0,42.84
rotten_tomatoes,random,100,1,sentence_transformer_logreg,sentence-transformers/all-MiniLM-L6-v2,0.6828582898434363,0.684,low,Amazon Mechanical Turk,https://www.mturk.com/pricing,2026-07-12,0.04,0.0,4.0,0.0,4.0
rotten_tomatoes,random,100,2,sentence_transformer_logreg,sentence-transformers/all-MiniLM-L6-v2,0.6243643088303282,0.636,base,Prolific,https://www.prolific.com/pricing,2026-07-12,0.0951999999999999,0.0,9.52,0.0,9.52
rotten_tomatoes,random,100,2,sentence_transformer_logreg,sentence-transformers/all-MiniLM-L6-v2,0.6243643088303282,0.636,high,Prolific,https://www.prolific.com/pricing,2026-07-12,0.4283999999999999,0.0,42.84,0.0,42.84
rotten_tomatoes,random,100,2,sentence_transformer_logreg,sentence-transformers/all-MiniLM-L6-v2,0.6243643088303282,0.636,low,Amazon Mechanical Turk,https://www.mturk.com/pricing,2026-07-12,0.04,0.0,4.0,0.0,4.0
rotten_tomatoes,random,100,3,sentence_transformer_logreg,sentence-transformers/all-MiniLM-L6-v2,0.6901295739732909,0.691,base,Prolific,https://www.prolific.com/pricing,2026-07-12,0.0951999999999999,0.0,9.52,0.0,9.52
rotten_tomatoes,random,100,3,sentence_transformer_logreg,sentence-transformers/all-MiniLM-L6-v2,0.6901295739732909,0.691,high,Prolific,https://www.prolific.com/pricing,2026-07-12,0.4283999999999999,0.0,42.84,0.0,42.84
rotten_tomatoes,random,100,3,sentence_transformer_logreg,sentence-transformers/all-MiniLM-L6-v2,0.6901295739732909,0.691,low,Amazon Mechanical Turk,https://www.mturk.com/pricing,2026-07-12,0.04,0.0,4.0,0.0,4.0
rotten_tomatoes,random,100,4,sentence_transformer_logreg,sentence-transformers/all-MiniLM-L6-v2,0.6593783000867128,0.661,base,Prolific,https://www.prolific.com/pricing,2026-07-12,0.0951999999999999,0.0,9.52,0.0,9.52
rotten_tomatoes,random,100,4,sentence_transformer_logreg,sentence-transformers/all-MiniLM-L6-v2,0.6593783000867128,0.661,high,Prolific,https://www.prolific.com/pricing,2026-07-12,0.4283999999999999,0.0,42.84,0.0,42.84
rotten_tomatoes,random,100,4,sentence_transformer_logreg,sentence-transformers/all-MiniLM-L6-v2,0.6593783000867128,0.661,low,Amazon Mechanical Turk,https://www.mturk.com/pricing,2026-07-12,0.04,0.0,4.0,0.0,4.0
rotten_tomatoes,random,250,0,sentence_transformer_logreg,sentence-transformers/all-MiniLM-L6-v2,0.7099534314120435,0.712,base,Prolific,https://www.prolific.com/pricing,2026-07-12,0.0951999999999999,0.0,23.799999999999997,0.0,23.799999999999997
rotten_tomatoes,random,250,0,sentence_transformer_logreg,sentence-transformers/all-MiniLM-L6-v2,0.7099534314120435,0.712,high,Prolific,https://www.prolific.com/pricing,2026-07-12,0.4283999999999999,0.0,107.09999999999998,0.0,107.09999999999998
rotten_tomatoes,random,250,0,sentence_transformer_logreg,sentence-transformers/all-MiniLM-L6-v2,0.7099534314120435,0.712,low,Amazon Mechanical Turk,https://www.mturk.com/pricing,2026-07-12,0.04,0.0,10.0,0.0,10.0
rotten_tomatoes,random,250,1,sentence_transformer_logreg,sentence-transformers/all-MiniLM-L6-v2,0.7065983331180385,0.707,base,Prolific,https://www.prolific.com/pricing,2026-07-12,0.0951999999999999,0.0,23.799999999999997,0.0,23.799999999999997
rotten_tomatoes,random,250,1,sentence_transformer_logreg,sentence-transformers/all-MiniLM-L6-v2,0.7065983331180385,0.707,high,Prolific,https://www.prolific.com/pricing,2026-07-12,0.4283999999999999,0.0,107.09999999999998,0.0,107.09999999999998
rotten_tomatoes,random,250,1,sentence_transformer_logreg,sentence-transformers/all-MiniLM-L6-v2,0.7065983331180385,0.707,low,Amazon Mechanical Turk,https://www.mturk.com/pricing,2026-07-12,0.04,0.0,10.0,0.0,10.0
rotten_tomatoes,random,250,2,sentence_transformer_logreg,sentence-transformers/all-MiniLM-L6-v2,0.720999720999721,0.721,base,Prolific,https://www.prolific.com/pricing,2026-07-12,0.0951999999999999,0.0,23.799999999999997,0.0,23.799999999999997
rotten_tomatoes,random,250,2,sentence_transformer_logreg,sentence-transformers/all-MiniLM-L6-v2,0.720999720999721,0.721,high,Prolific,https://www.prolific.com/pricing,2026-07-12,0.4283999999999999,0.0,107.09999999999998,0.0,107.09999999999998
rotten_tomatoes,random,250,2,sentence_transformer_logreg,sentence-transformers/all-MiniLM-L6-v2,0.720999720999721,0.721,low,Amazon Mechanical Turk,https://www.mturk.com/pricing,2026-07-12,0.04,0.0,10.0,0.0,10.0
rotten_tomatoes,random,250,3,sentence_transformer_logreg,sentence-transformers/all-MiniLM-L6-v2,0.7268362700954258,0.729,base,Prolific,https://www.prolific.com/pricing,2026-07-12,0.0951999999999999,0.0,23.799999999999997,0.0,23.799999999999997
rotten_tomatoes,random,250,3,sentence_transformer_logreg,sentence-transformers/all-MiniLM-L6-v2,0.7268362700954258,0.729,high,Prolific,https://www.prolific.com/pricing,2026-07-12,0.4283999999999999,0.0,107.09999999999998,0.0,107.09999999999998
rotten_tomatoes,random,250,3,sentence_transformer_logreg,sentence-transformers/all-MiniLM-L6-v2,0.7268362700954258,0.729,low,Amazon Mechanical Turk,https://www.mturk.com/pricing,2026-07-12,0.04,0.0,10.0,0.0,10.0
rotten_tomatoes,random,250,4,sentence_transformer_logreg,sentence-transformers/all-MiniLM-L6-v2,0.6910992453995852,0.692,base,Prolific,https://www.prolific.com/pricing,2026-07-12,0.0951999999999999,0.0,23.799999999999997,0.0,23.799999999999997
rotten_tomatoes,random,250,4,sentence_transformer_logreg,sentence-transformers/all-MiniLM-L6-v2,0.6910992453995852,0.692,high,Prolific,https://www.prolific.com/pricing,2026-07-12,0.4283999999999999,0.0,107.09999999999998,0.0,107.09999999999998
rotten_tomatoes,random,250,4,sentence_transformer_logreg,sentence-transformers/all-MiniLM-L6-v2,0.6910992453995852,0.692,low,Amazon Mechanical Turk,https://www.mturk.com/pricing,2026-07-12,0.04,0.0,10.0,0.0,10.0
rotten_tomatoes,random,500,0,sentence_transformer_logreg,sentence-transformers/all-MiniLM-L6-v2,0.7319828469022017,0.732,base,Prolific,https://www.prolific.com/pricing,2026-07-12,0.0951999999999999,0.0,47.599999999999994,0.0,47.599999999999994
rotten_tomatoes,random,500,0,sentence_transformer_logreg,sentence-transformers/all-MiniLM-L6-v2,0.7319828469022017,0.732,high,Prolific,https://www.prolific.com/pricing,2026-07-12,0.4283999999999999,0.0,214.19999999999996,0.0,214.19999999999996
rotten_tomatoes,random,500,0,sentence_transformer_logreg,sentence-transformers/all-MiniLM-L6-v2,0.7319828469022017,0.732,low,Amazon Mechanical Turk,https://www.mturk.com/pricing,2026-07-12,0.04,0.0,20.0,0.0,20.0
rotten_tomatoes,random,500,1,sentence_transformer_logreg,sentence-transformers/all-MiniLM-L6-v2,0.7287718971655162,0.729,base,Prolific,https://www.prolific.com/pricing,2026-07-12,0.0951999999999999,0.0,47.599999999999994,0.0,47.599999999999994
rotten_tomatoes,random,500,1,sentence_transformer_logreg,sentence-transformers/all-MiniLM-L6-v2,0.7287718971655162,0.729,high,Prolific,https://www.prolific.com/pricing,2026-07-12,0.4283999999999999,0.0,214.19999999999996,0.0,214.19999999999996
rotten_tomatoes,random,500,1,sentence_transformer_logreg,sentence-transformers/all-MiniLM-L6-v2,0.7287718971655162,0.729,low,Amazon Mechanical Turk,https://www.mturk.com/pricing,2026-07-12,0.04,0.0,20.0,0.0,20.0
rotten_tomatoes,random,500,2,sentence_transformer_logreg,sentence-transformers/all-MiniLM-L6-v2,0.7367098784041805,0.738,base,Prolific,https://www.prolific.com/pricing,2026-07-12,0.0951999999999999,0.0,47.599999999999994,0.0,47.599999999999994
rotten_tomatoes,random,500,2,sentence_transformer_logreg,sentence-transformers/all-MiniLM-L6-v2,0.7367098784041805,0.738,high,Prolific,https://www.prolific.com/pricing,2026-07-12,0.4283999999999999,0.0,214.19999999999996,0.0,214.19999999999996
rotten_tomatoes,random,500,2,sentence_transformer_logreg,sentence-transformers/all-MiniLM-L6-v2,0.7367098784041805,0.738,low,Amazon Mechanical Turk,https://www.mturk.com/pricing,2026-07-12,0.04,0.0,20.0,0.0,20.0
rotten_tomatoes,random,500,3,sentence_transformer_logreg,sentence-transformers/all-MiniLM-L6-v2,0.7339904236552516,0.734,base,Prolific,https://www.prolific.com/pricing,2026-07-12,0.0951999999999999,0.0,47.599999999999994,0.0,47.599999999999994
rotten_tomatoes,random,500,3,sentence_transformer_logreg,sentence-transformers/all-MiniLM-L6-v2,0.7339904236552516,0.734,high,Prolific,https://www.prolific.com/pricing,2026-07-12,0.4283999999999999,0.0,214.19999999999996,0.0,214.19999999999996
rotten_tomatoes,random,500,3,sentence_transformer_logreg,sentence-transformers/all-MiniLM-L6-v2,0.7339904236552516,0.734,low,Amazon Mechanical Turk,https://www.mturk.com/pricing,2026-07-12,0.04,0.0,20.0,0.0,20.0
rotten_tomatoes,random,500,4,sentence_transformer_logreg,sentence-transformers/all-MiniLM-L6-v2,0.7339440238305835,0.735,base,Prolific,https://www.prolific.com/pricing,2026-07-12,0.0951999999999999,0.0,47.599999999999994,0.0,47.599999999999994
rotten_tomatoes,random,500,4,sentence_transformer_logreg,sentence-transformers/all-MiniLM-L6-v2,0.7339440238305835,0.735,high,Prolific,https://www.prolific.com/pricing,2026-07-12,0.4283999999999999,0.0,214.19999999999996,0.0,214.19999999999996
rotten_tomatoes,random,500,4,sentence_transformer_logreg,sentence-transformers/all-MiniLM-L6-v2,0.7339440238305835,0.735,low,Amazon Mechanical Turk,https://www.mturk.com/pricing,2026-07-12,0.04,0.0,20.0,0.0,20.0
rotten_tomatoes,random,1000,0,sentence_transformer_logreg,sentence-transformers/all-MiniLM-L6-v2,0.7338200623621568,0.734,base,Prolific,https://www.prolific.com/pricing,2026-07-12,0.0951999999999999,0.0,95.2,0.0,95.2
rotten_tomatoes,random,1000,0,sentence_transformer_logreg,sentence-transformers/all-MiniLM-L6-v2,0.7338200623621568,0.734,high,Prolific,https://www.prolific.com/pricing,2026-07-12,0.4283999999999999,0.0,428.3999999999999,0.0,428.3999999999999
rotten_tomatoes,random,1000,0,sentence_transformer_logreg,sentence-transformers/all-MiniLM-L6-v2,0.7338200623621568,0.734,low,Amazon Mechanical Turk,https://www.mturk.com/pricing,2026-07-12,0.04,0.0,40.0,0.0,40.0
rotten_tomatoes,random,1000,1,sentence_transformer_logreg,sentence-transformers/all-MiniLM-L6-v2,0.7359144362773538,0.736,base,Prolific,https://www.prolific.com/pricing,2026-07-12,0.0951999999999999,0.0,95.2,0.0,95.2
rotten_tomatoes,random,1000,1,sentence_transformer_logreg,sentence-transformers/all-MiniLM-L6-v2,0.7359144362773538,0.736,high,Prolific,https://www.prolific.com/pricing,2026-07-12,0.4283999999999999,0.0,428.3999999999999,0.0,428.3999999999999
rotten_tomatoes,random,1000,1,sentence_transformer_logreg,sentence-transformers/all-MiniLM-L6-v2,0.7359144362773538,0.736,low,Amazon Mechanical Turk,https://www.mturk.com/pricing,2026-07-12,0.04,0.0,40.0,0.0,40.0
rotten_tomatoes,random,1000,2,sentence_transformer_logreg,sentence-transformers/all-MiniLM-L6-v2,0.7389684151782365,0.739,base,Prolific,https://www.prolific.com/pricing,2026-07-12,0.0951999999999999,0.0,95.2,0.0,95.2
rotten_tomatoes,random,1000,2,sentence_transformer_logreg,sentence-transformers/all-MiniLM-L6-v2,0.7389684151782365,0.739,high,Prolific,https://www.prolific.com/pricing,2026-07-12,0.4283999999999999,0.0,428.3999999999999,0.0,428.3999999999999
rotten_tomatoes,random,1000,2,sentence_transformer_logreg,sentence-transformers/all-MiniLM-L6-v2,0.7389684151782365,0.739,low,Amazon Mechanical Turk,https://www.mturk.com/pricing,2026-07-12,0.04,0.0,40.0,0.0,40.0
rotten_tomatoes,random,1000,3,sentence_transformer_logreg,sentence-transformers/all-MiniLM-L6-v2,0.7408629164828194,0.741,base,Prolific,https://www.prolific.com/pricing,2026-07-12,0.0951999999999999,0.0,95.2,0.0,95.2
rotten_tomatoes,random,1000,3,sentence_transformer_logreg,sentence-transformers/all-MiniLM-L6-v2,0.7408629164828194,0.741,high,Prolific,https://www.prolific.com/pricing,2026-07-12,0.4283999999999999,0.0,428.3999999999999,0.0,428.3999999999999
rotten_tomatoes,random,1000,3,sentence_transformer_logreg,sentence-transformers/all-MiniLM-L6-v2,0.7408629164828194,0.741,low,Amazon Mechanical Turk,https://www.mturk.com/pricing,2026-07-12,0.04,0.0,40.0,0.0,40.0
rotten_tomatoes,random,1000,4,sentence_transformer_logreg,sentence-transformers/all-MiniLM-L6-v2,0.7419907116656199,0.742,base,Prolific,https://www.prolific.com/pricing,2026-07-12,0.0951999999999999,0.0,95.2,0.0,95.2
rotten_tomatoes,random,1000,4,sentence_transformer_logreg,sentence-transformers/all-MiniLM-L6-v2,0.7419907116656199,0.742,high,Prolific,https://www.prolific.com/pricing,2026-07-12,0.4283999999999999,0.0,428.3999999999999,0.0,428.3999999999999
rotten_tomatoes,random,1000,4,sentence_transformer_logreg,sentence-transformers/all-MiniLM-L6-v2,0.7419907116656199,0.742,low,Amazon Mechanical Turk,https://www.mturk.com/pricing,2026-07-12,0.04,0.0,40.0,0.0,40.0
rotten_tomatoes,uncertainty_al,50,0,sentence_transformer_logreg,sentence-transformers/all-MiniLM-L6-v2,0.4676874308442238,0.555,base,Prolific,https://www.prolific.com/pricing,2026-07-12,0.0951999999999999,0.002,4.76,0.1,4.859999999999999
rotten_tomatoes,uncertainty_al,50,0,sentence_transformer_logreg,sentence-transformers/all-MiniLM-L6-v2,0.4676874308442238,0.555,high,Prolific,https://www.prolific.com/pricing,2026-07-12,0.4283999999999999,0.002,21.42,0.1,21.52
rotten_tomatoes,uncertainty_al,50,0,sentence_transformer_logreg,sentence-transformers/all-MiniLM-L6-v2,0.4676874308442238,0.555,low,Amazon Mechanical Turk,https://www.mturk.com/pricing,2026-07-12,0.04,0.002,2.0,0.1,2.1
rotten_tomatoes,uncertainty_al,50,1,sentence_transformer_logreg,sentence-transformers/all-MiniLM-L6-v2,0.4215135040054306,0.533,base,Prolific,https://www.prolific.com/pricing,2026-07-12,0.0951999999999999,0.002,4.76,0.1,4.859999999999999
rotten_tomatoes,uncertainty_al,50,1,sentence_transformer_logreg,sentence-transformers/all-MiniLM-L6-v2,0.4215135040054306,0.533,high,Prolific,https://www.prolific.com/pricing,2026-07-12,0.4283999999999999,0.002,21.42,0.1,21.52
rotten_tomatoes,uncertainty_al,50,1,sentence_transformer_logreg,sentence-transformers/all-MiniLM-L6-v2,0.4215135040054306,0.533,low,Amazon Mechanical Turk,https://www.mturk.com/pricing,2026-07-12,0.04,0.002,2.0,0.1,2.1
rotten_tomatoes,uncertainty_al,50,2,sentence_transformer_logreg,sentence-transformers/all-MiniLM-L6-v2,0.3695556208582587,0.513,base,Prolific,https://www.prolific.com/pricing,2026-07-12,0.0951999999999999,0.002,4.76,0.1,4.859999999999999
rotten_tomatoes,uncertainty_al,50,2,sentence_transformer_logreg,sentence-transformers/all-MiniLM-L6-v2,0.3695556208582587,0.513,high,Prolific,https://www.prolific.com/pricing,2026-07-12,0.4283999999999999,0.002,21.42,0.1,21.52
rotten_tomatoes,uncertainty_al,50,2,sentence_transformer_logreg,sentence-transformers/all-MiniLM-L6-v2,0.3695556208582587,0.513,low,Amazon Mechanical Turk,https://www.mturk.com/pricing,2026-07-12,0.04,0.002,2.0,0.1,2.1
rotten_tomatoes,uncertainty_al,50,3,sentence_transformer_logreg,sentence-transformers/all-MiniLM-L6-v2,0.6277806750585817,0.631,base,Prolific,https://www.prolific.com/pricing,2026-07-12,0.0951999999999999,0.002,4.76,0.1,4.859999999999999
rotten_tomatoes,uncertainty_al,50,3,sentence_transformer_logreg,sentence-transformers/all-MiniLM-L6-v2,0.6277806750585817,0.631,high,Prolific,https://www.prolific.com/pricing,2026-07-12,0.4283999999999999,0.002,21.42,0.1,21.52
rotten_tomatoes,uncertainty_al,50,3,sentence_transformer_logreg,sentence-transformers/all-MiniLM-L6-v2,0.6277806750585817,0.631,low,Amazon Mechanical Turk,https://www.mturk.com/pricing,2026-07-12,0.04,0.002,2.0,0.1,2.1
rotten_tomatoes,uncertainty_al,50,4,sentence_transformer_logreg,sentence-transformers/all-MiniLM-L6-v2,0.6421387761146143,0.652,base,Prolific,https://www.prolific.com/pricing,2026-07-12,0.0951999999999999,0.002,4.76,0.1,4.859999999999999
rotten_tomatoes,uncertainty_al,50,4,sentence_transformer_logreg,sentence-transformers/all-MiniLM-L6-v2,0.6421387761146143,0.652,high,Prolific,https://www.prolific.com/pricing,2026-07-12,0.4283999999999999,0.002,21.42,0.1,21.52
rotten_tomatoes,uncertainty_al,50,4,sentence_transformer_logreg,sentence-transformers/all-MiniLM-L6-v2,0.6421387761146143,0.652,low,Amazon Mechanical Turk,https://www.mturk.com/pricing,2026-07-12,0.04,0.002,2.0,0.1,2.1
rotten_tomatoes,uncertainty_al,100,0,sentence_transformer_logreg,sentence-transformers/all-MiniLM-L6-v2,0.6528489563321072,0.663,base,Prolific,https://www.prolific.com/pricing,2026-07-12,0.0951999999999999,0.002,9.52,0.2,9.72
rotten_tomatoes,uncertainty_al,100,0,sentence_transformer_logreg,sentence-transformers/all-MiniLM-L6-v2,0.6528489563321072,0.663,high,Prolific,https://www.prolific.com/pricing,2026-07-12,0.4283999999999999,0.002,42.84,0.2,43.04
rotten_tomatoes,uncertainty_al,100,0,sentence_transformer_logreg,sentence-transformers/all-MiniLM-L6-v2,0.6528489563321072,0.663,low,Amazon Mechanical Turk,https://www.mturk.com/pricing,2026-07-12,0.04,0.002,4.0,0.2,4.2
rotten_tomatoes,uncertainty_al,100,1,sentence_transformer_logreg,sentence-transformers/all-MiniLM-L6-v2,0.5932177124630345,0.622,base,Prolific,https://www.prolific.com/pricing,2026-07-12,0.0951999999999999,0.002,9.52,0.2,9.72
rotten_tomatoes,uncertainty_al,100,1,sentence_transformer_logreg,sentence-transformers/all-MiniLM-L6-v2,0.5932177124630345,0.622,high,Prolific,https://www.prolific.com/pricing,2026-07-12,0.4283999999999999,0.002,42.84,0.2,43.04
rotten_tomatoes,uncertainty_al,100,1,sentence_transformer_logreg,sentence-transformers/all-MiniLM-L6-v2,0.5932177124630345,0.622,low,Amazon Mechanical Turk,https://www.mturk.com/pricing,2026-07-12,0.04,0.002,4.0,0.2,4.2
rotten_tomatoes,uncertainty_al,100,2,sentence_transformer_logreg,sentence-transformers/all-MiniLM-L6-v2,0.3731823260775619,0.517,base,Prolific,https://www.prolific.com/pricing,2026-07-12,0.0951999999999999,0.002,9.52,0.2,9.72
rotten_tomatoes,uncertainty_al,100,2,sentence_transformer_logreg,sentence-transformers/all-MiniLM-L6-v2,0.3731823260775619,0.517,high,Prolific,https://www.prolific.com/pricing,2026-07-12,0.4283999999999999,0.002,42.84,0.2,43.04
rotten_tomatoes,uncertainty_al,100,2,sentence_transformer_logreg,sentence-transformers/all-MiniLM-L6-v2,0.3731823260775619,0.517,low,Amazon Mechanical Turk,https://www.mturk.com/pricing,2026-07-12,0.04,0.002,4.0,0.2,4.2
rotten_tomatoes,uncertainty_al,100,3,sentence_transformer_logreg,sentence-transformers/all-MiniLM-L6-v2,0.6204630350971815,0.639,base,Prolific,https://www.prolific.com/pricing,2026-07-12,0.0951999999999999,0.002,9.52,0.2,9.72
rotten_tomatoes,uncertainty_al,100,3,sentence_transformer_logreg,sentence-transformers/all-MiniLM-L6-v2,0.6204630350971815,0.639,high,Prolific,https://www.prolific.com/pricing,2026-07-12,0.4283999999999999,0.002,42.84,0.2,43.04
rotten_tomatoes,uncertainty_al,100,3,sentence_transformer_logreg,sentence-transformers/all-MiniLM-L6-v2,0.6204630350971815,0.639,low,Amazon Mechanical Turk,https://www.mturk.com/pricing,2026-07-12,0.04,0.002,4.0,0.2,4.2
rotten_tomatoes,uncertainty_al,100,4,sentence_transformer_logreg,sentence-transformers/all-MiniLM-L6-v2,0.6385051135003821,0.639,base,Prolific,https://www.prolific.com/pricing,2026-07-12,0.0951999999999999,0.002,9.52,0.2,9.72
rotten_tomatoes,uncertainty_al,100,4,sentence_transformer_logreg,sentence-transformers/all-MiniLM-L6-v2,0.6385051135003821,0.639,high,Prolific,https://www.prolific.com/pricing,2026-07-12,0.4283999999999999,0.002,42.84,0.2,43.04
rotten_tomatoes,uncertainty_al,100,4,sentence_transformer_logreg,sentence-transformers/all-MiniLM-L6-v2,0.6385051135003821,0.639,low,Amazon Mechanical Turk,https://www.mturk.com/pricing,2026-07-12,0.04,0.002,4.0,0.2,4.2
rotten_tomatoes,uncertainty_al,250,0,sentence_transformer_logreg,sentence-transformers/all-MiniLM-L6-v2,0.6795181888544892,0.682,base,Prolific,https://www.prolific.com/pricing,2026-07-12,0.0951999999999999,0.002,23.799999999999997,0.5,24.299999999999997
rotten_tomatoes,uncertainty_al,250,0,sentence_transformer_logreg,sentence-transformers/all-MiniLM-L6-v2,0.6795181888544892,0.682,high,Prolific,https://www.prolific.com/pricing,2026-07-12,0.4283999999999999,0.002,107.09999999999998,0.5,107.59999999999998
rotten_tomatoes,uncertainty_al,250,0,sentence_transformer_logreg,sentence-transformers/all-MiniLM-L6-v2,0.6795181888544892,0.682,low,Amazon Mechanical Turk,https://www.mturk.com/pricing,2026-07-12,0.04,0.002,10.0,0.5,10.5
rotten_tomatoes,uncertainty_al,250,1,sentence_transformer_logreg,sentence-transformers/all-MiniLM-L6-v2,0.6682755303444958,0.68,base,Prolific,https://www.prolific.com/pricing,2026-07-12,0.0951999999999999,0.002,23.799999999999997,0.5,24.299999999999997
rotten_tomatoes,uncertainty_al,250,1,sentence_transformer_logreg,sentence-transformers/all-MiniLM-L6-v2,0.6682755303444958,0.68,high,Prolific,https://www.prolific.com/pricing,2026-07-12,0.4283999999999999,0.002,107.09999999999998,0.5,107.59999999999998
rotten_tomatoes,uncertainty_al,250,1,sentence_transformer_logreg,sentence-transformers/all-MiniLM-L6-v2,0.6682755303444958,0.68,low,Amazon Mechanical Turk,https://www.mturk.com/pricing,2026-07-12,0.04,0.002,10.0,0.5,10.5
rotten_tomatoes,uncertainty_al,250,2,sentence_transformer_logreg,sentence-transformers/all-MiniLM-L6-v2,0.7177134791813691,0.72,base,Prolific,https://www.prolific.com/pricing,2026-07-12,0.0951999999999999,0.002,23.799999999999997,0.5,24.299999999999997
rotten_tomatoes,uncertainty_al,250,2,sentence_transformer_logreg,sentence-transformers/all-MiniLM-L6-v2,0.7177134791813691,0.72,high,Prolific,https://www.prolific.com/pricing,2026-07-12,0.4283999999999999,0.002,107.09999999999998,0.5,107.59999999999998
rotten_tomatoes,uncertainty_al,250,2,sentence_transformer_logreg,sentence-transformers/all-MiniLM-L6-v2,0.7177134791813691,0.72,low,Amazon Mechanical Turk,https://www.mturk.com/pricing,2026-07-12,0.04,0.002,10.0,0.5,10.5
rotten_tomatoes,uncertainty_al,250,3,sentence_transformer_logreg,sentence-transformers/all-MiniLM-L6-v2,0.7102463507583224,0.711,base,Prolific,https://www.prolific.com/pricing,2026-07-12,0.0951999999999999,0.002,23.799999999999997,0.5,24.299999999999997
rotten_tomatoes,uncertainty_al,250,3,sentence_transformer_logreg,sentence-transformers/all-MiniLM-L6-v2,0.7102463507583224,0.711,high,Prolific,https://www.prolific.com/pricing,2026-07-12,0.4283999999999999,0.002,107.09999999999998,0.5,107.59999999999998
rotten_tomatoes,uncertainty_al,250,3,sentence_transformer_logreg,sentence-transformers/all-MiniLM-L6-v2,0.7102463507583224,0.711,low,Amazon Mechanical Turk,https://www.mturk.com/pricing,2026-07-12,0.04,0.002,10.0,0.5,10.5
rotten_tomatoes,uncertainty_al,250,4,sentence_transformer_logreg,sentence-transformers/all-MiniLM-L6-v2,0.6752815000139165,0.685,base,Prolific,https://www.prolific.com/pricing,2026-07-12,0.0951999999999999,0.002,23.799999999999997,0.5,24.299999999999997
rotten_tomatoes,uncertainty_al,250,4,sentence_transformer_logreg,sentence-transformers/all-MiniLM-L6-v2,0.6752815000139165,0.685,high,Prolific,https://www.prolific.com/pricing,2026-07-12,0.4283999999999999,0.002,107.09999999999998,0.5,107.59999999999998
rotten_tomatoes,uncertainty_al,250,4,sentence_transformer_logreg,sentence-transformers/all-MiniLM-L6-v2,0.6752815000139165,0.685,low,Amazon Mechanical Turk,https://www.mturk.com/pricing,2026-07-12,0.04,0.002,10.0,0.5,10.5
rotten_tomatoes,uncertainty_al,500,0,sentence_transformer_logreg,sentence-transformers/all-MiniLM-L6-v2,0.7370533922119631,0.738,base,Prolific,https://www.prolific.com/pricing,2026-07-12,0.0951999999999999,0.002,47.599999999999994,1.0,48.599999999999994
rotten_tomatoes,uncertainty_al,500,0,sentence_transformer_logreg,sentence-transformers/all-MiniLM-L6-v2,0.7370533922119631,0.738,high,Prolific,https://www.prolific.com/pricing,2026-07-12,0.4283999999999999,0.002,214.19999999999996,1.0,215.19999999999996
rotten_tomatoes,uncertainty_al,500,0,sentence_transformer_logreg,sentence-transformers/all-MiniLM-L6-v2,0.7370533922119631,0.738,low,Amazon Mechanical Turk,https://www.mturk.com/pricing,2026-07-12,0.04,0.002,20.0,1.0,21.0
rotten_tomatoes,uncertainty_al,500,1,sentence_transformer_logreg,sentence-transformers/all-MiniLM-L6-v2,0.7217495746171554,0.722,base,Prolific,https://www.prolific.com/pricing,2026-07-12,0.0951999999999999,0.002,47.599999999999994,1.0,48.599999999999994
rotten_tomatoes,uncertainty_al,500,1,sentence_transformer_logreg,sentence-transformers/all-MiniLM-L6-v2,0.7217495746171554,0.722,high,Prolific,https://www.prolific.com/pricing,2026-07-12,0.4283999999999999,0.002,214.19999999999996,1.0,215.19999999999996
rotten_tomatoes,uncertainty_al,500,1,sentence_transformer_logreg,sentence-transformers/all-MiniLM-L6-v2,0.7217495746171554,0.722,low,Amazon Mechanical Turk,https://www.mturk.com/pricing,2026-07-12,0.04,0.002,20.0,1.0,21.0
rotten_tomatoes,uncertainty_al,500,2,sentence_transformer_logreg,sentence-transformers/all-MiniLM-L6-v2,0.7144362529209953,0.716,base,Prolific,https://www.prolific.com/pricing,2026-07-12,0.0951999999999999,0.002,47.599999999999994,1.0,48.599999999999994
rotten_tomatoes,uncertainty_al,500,2,sentence_transformer_logreg,sentence-transformers/all-MiniLM-L6-v2,0.7144362529209953,0.716,high,Prolific,https://www.prolific.com/pricing,2026-07-12,0.4283999999999999,0.002,214.19999999999996,1.0,215.19999999999996
rotten_tomatoes,uncertainty_al,500,2,sentence_transformer_logreg,sentence-transformers/all-MiniLM-L6-v2,0.7144362529209953,0.716,low,Amazon Mechanical Turk,https://www.mturk.com/pricing,2026-07-12,0.04,0.002,20.0,1.0,21.0
rotten_tomatoes,uncertainty_al,500,3,sentence_transformer_logreg,sentence-transformers/all-MiniLM-L6-v2,0.7197803077612848,0.72,base,Prolific,https://www.prolific.com/pricing,2026-07-12,0.0951999999999999,0.002,47.599999999999994,1.0,48.599999999999994
rotten_tomatoes,uncertainty_al,500,3,sentence_transformer_logreg,sentence-transformers/all-MiniLM-L6-v2,0.7197803077612848,0.72,high,Prolific,https://www.prolific.com/pricing,2026-07-12,0.4283999999999999,0.002,214.19999999999996,1.0,215.19999999999996
rotten_tomatoes,uncertainty_al,500,3,sentence_transformer_logreg,sentence-transformers/all-MiniLM-L6-v2,0.7197803077612848,0.72,low,Amazon Mechanical Turk,https://www.mturk.com/pricing,2026-07-12,0.04,0.002,20.0,1.0,21.0
rotten_tomatoes,uncertainty_al,500,4,sentence_transformer_logreg,sentence-transformers/all-MiniLM-L6-v2,0.6996527986352223,0.7,base,Prolific,https://www.prolific.com/pricing,2026-07-12,0.0951999999999999,0.002,47.599999999999994,1.0,48.599999999999994
rotten_tomatoes,uncertainty_al,500,4,sentence_transformer_logreg,sentence-transformers/all-MiniLM-L6-v2,0.6996527986352223,0.7,high,Prolific,https://www.prolific.com/pricing,2026-07-12,0.4283999999999999,0.002,214.19999999999996,1.0,215.19999999999996
rotten_tomatoes,uncertainty_al,500,4,sentence_transformer_logreg,sentence-transformers/all-MiniLM-L6-v2,0.6996527986352223,0.7,low,Amazon Mechanical Turk,https://www.mturk.com/pricing,2026-07-12,0.04,0.002,20.0,1.0,21.0
rotten_tomatoes,uncertainty_al,1000,0,sentence_transformer_logreg,sentence-transformers/all-MiniLM-L6-v2,0.7371156570703847,0.738,base,Prolific,https://www.prolific.com/pricing,2026-07-12,0.0951999999999999,0.002,95.2,2.0,97.2
rotten_tomatoes,uncertainty_al,1000,0,sentence_transformer_logreg,sentence-transformers/all-MiniLM-L6-v2,0.7371156570703847,0.738,high,Prolific,https://www.prolific.com/pricing,2026-07-12,0.4283999999999999,0.002,428.3999999999999,2.0,430.3999999999999
rotten_tomatoes,uncertainty_al,1000,0,sentence_transformer_logreg,sentence-transformers/all-MiniLM-L6-v2,0.7371156570703847,0.738,low,Amazon Mechanical Turk,https://www.mturk.com/pricing,2026-07-12,0.04,0.002,40.0,2.0,42.0
rotten_tomatoes,uncertainty_al,1000,1,sentence_transformer_logreg,sentence-transformers/all-MiniLM-L6-v2,0.7374444324189986,0.738,base,Prolific,https://www.prolific.com/pricing,2026-07-12,0.0951999999999999,0.002,95.2,2.0,97.2
rotten_tomatoes,uncertainty_al,1000,1,sentence_transformer_logreg,sentence-transformers/all-MiniLM-L6-v2,0.7374444324189986,0.738,high,Prolific,https://www.prolific.com/pricing,2026-07-12,0.4283999999999999,0.002,428.3999999999999,2.0,430.3999999999999
rotten_tomatoes,uncertainty_al,1000,1,sentence_transformer_logreg,sentence-transformers/all-MiniLM-L6-v2,0.7374444324189986,0.738,low,Amazon Mechanical Turk,https://www.mturk.com/pricing,2026-07-12,0.04,0.002,40.0,2.0,42.0
rotten_tomatoes,uncertainty_al,1000,2,sentence_transformer_logreg,sentence-transformers/all-MiniLM-L6-v2,0.7449691412660931,0.745,base,Prolific,https://www.prolific.com/pricing,2026-07-12,0.0951999999999999,0.002,95.2,2.0,97.2
rotten_tomatoes,uncertainty_al,1000,2,sentence_transformer_logreg,sentence-transformers/all-MiniLM-L6-v2,0.7449691412660931,0.745,high,Prolific,https://www.prolific.com/pricing,2026-07-12,0.4283999999999999,0.002,428.3999999999999,2.0,430.3999999999999
rotten_tomatoes,uncertainty_al,1000,2,sentence_transformer_logreg,sentence-transformers/all-MiniLM-L6-v2,0.7449691412660931,0.745,low,Amazon Mechanical Turk,https://www.mturk.com/pricing,2026-07-12,0.04,0.002,40.0,2.0,42.0
rotten_tomatoes,uncertainty_al,1000,3,sentence_transformer_logreg,sentence-transformers/all-MiniLM-L6-v2,0.7359831029185868,0.736,base,Prolific,https://www.prolific.com/pricing,2026-07-12,0.0951999999999999,0.002,95.2,2.0,97.2
rotten_tomatoes,uncertainty_al,1000,3,sentence_transformer_logreg,sentence-transformers/all-MiniLM-L6-v2,0.7359831029185868,0.736,high,Prolific,https://www.prolific.com/pricing,2026-07-12,0.4283999999999999,0.002,428.3999999999999,2.0,430.3999999999999
rotten_tomatoes,uncertainty_al,1000,3,sentence_transformer_logreg,sentence-transformers/all-MiniLM-L6-v2,0.7359831029185868,0.736,low,Amazon Mechanical Turk,https://www.mturk.com/pricing,2026-07-12,0.04,0.002,40.0,2.0,42.0
rotten_tomatoes,uncertainty_al,1000,4,sentence_transformer_logreg,sentence-transformers/all-MiniLM-L6-v2,0.7359831029185868,0.736,base,Prolific,https://www.prolific.com/pricing,2026-07-12,0.0951999999999999,0.002,95.2,2.0,97.2
rotten_tomatoes,uncertainty_al,1000,4,sentence_transformer_logreg,sentence-transformers/all-MiniLM-L6-v2,0.7359831029185868,0.736,high,Prolific,https://www.prolific.com/pricing,2026-07-12,0.4283999999999999,0.002,428.3999999999999,2.0,430.3999999999999
rotten_tomatoes,uncertainty_al,1000,4,sentence_transformer_logreg,sentence-transformers/all-MiniLM-L6-v2,0.7359831029185868,0.736,low,Amazon Mechanical Turk,https://www.mturk.com/pricing,2026-07-12,0.04,0.002,40.0,2.0,42.0
sst2,diversity_al,50,0,sentence_transformer_logreg,sentence-transformers/all-MiniLM-L6-v2,0.6663954784749753,0.69,base,Prolific,https://www.prolific.com/pricing,2026-07-12,0.0951999999999999,0.003,4.76,0.15,4.91
sst2,diversity_al,50,0,sentence_transformer_logreg,sentence-transformers/all-MiniLM-L6-v2,0.6663954784749753,0.69,high,Prolific,https://www.prolific.com/pricing,2026-07-12,0.4283999999999999,0.003,21.42,0.15,21.569999999999997
sst2,diversity_al,50,0,sentence_transformer_logreg,sentence-transformers/all-MiniLM-L6-v2,0.6663954784749753,0.69,low,Amazon Mechanical Turk,https://www.mturk.com/pricing,2026-07-12,0.04,0.003,2.0,0.15,2.15
sst2,diversity_al,50,1,sentence_transformer_logreg,sentence-transformers/all-MiniLM-L6-v2,0.6860327822951312,0.695,base,Prolific,https://www.prolific.com/pricing,2026-07-12,0.0951999999999999,0.003,4.76,0.15,4.91
sst2,diversity_al,50,1,sentence_transformer_logreg,sentence-transformers/all-MiniLM-L6-v2,0.6860327822951312,0.695,high,Prolific,https://www.prolific.com/pricing,2026-07-12,0.4283999999999999,0.003,21.42,0.15,21.569999999999997
sst2,diversity_al,50,1,sentence_transformer_logreg,sentence-transformers/all-MiniLM-L6-v2,0.6860327822951312,0.695,low,Amazon Mechanical Turk,https://www.mturk.com/pricing,2026-07-12,0.04,0.003,2.0,0.15,2.15
sst2,diversity_al,50,2,sentence_transformer_logreg,sentence-transformers/all-MiniLM-L6-v2,0.72729806723763,0.729,base,Prolific,https://www.prolific.com/pricing,2026-07-12,0.0951999999999999,0.003,4.76,0.15,4.91
sst2,diversity_al,50,2,sentence_transformer_logreg,sentence-transformers/all-MiniLM-L6-v2,0.72729806723763,0.729,high,Prolific,https://www.prolific.com/pricing,2026-07-12,0.4283999999999999,0.003,21.42,0.15,21.569999999999997
sst2,diversity_al,50,2,sentence_transformer_logreg,sentence-transformers/all-MiniLM-L6-v2,0.72729806723763,0.729,low,Amazon Mechanical Turk,https://www.mturk.com/pricing,2026-07-12,0.04,0.003,2.0,0.15,2.15
sst2,diversity_al,50,3,sentence_transformer_logreg,sentence-transformers/all-MiniLM-L6-v2,0.6593231887349534,0.682,base,Prolific,https://www.prolific.com/pricing,2026-07-12,0.0951999999999999,0.003,4.76,0.15,4.91
sst2,diversity_al,50,3,sentence_transformer_logreg,sentence-transformers/all-MiniLM-L6-v2,0.6593231887349534,0.682,high,Prolific,https://www.prolific.com/pricing,2026-07-12,0.4283999999999999,0.003,21.42,0.15,21.569999999999997
sst2,diversity_al,50,3,sentence_transformer_logreg,sentence-transformers/all-MiniLM-L6-v2,0.6593231887349534,0.682,low,Amazon Mechanical Turk,https://www.mturk.com/pricing,2026-07-12,0.04,0.003,2.0,0.15,2.15
sst2,diversity_al,50,4,sentence_transformer_logreg,sentence-transformers/all-MiniLM-L6-v2,0.5504221944301397,0.615,base,Prolific,https://www.prolific.com/pricing,2026-07-12,0.0951999999999999,0.003,4.76,0.15,4.91
sst2,diversity_al,50,4,sentence_transformer_logreg,sentence-transformers/all-MiniLM-L6-v2,0.5504221944301397,0.615,high,Prolific,https://www.prolific.com/pricing,2026-07-12,0.4283999999999999,0.003,21.42,0.15,21.569999999999997
sst2,diversity_al,50,4,sentence_transformer_logreg,sentence-transformers/all-MiniLM-L6-v2,0.5504221944301397,0.615,low,Amazon Mechanical Turk,https://www.mturk.com/pricing,2026-07-12,0.04,0.003,2.0,0.15,2.15
sst2,diversity_al,100,0,sentence_transformer_logreg,sentence-transformers/all-MiniLM-L6-v2,0.716716507392669,0.725,base,Prolific,https://www.prolific.com/pricing,2026-07-12,0.0951999999999999,0.003,9.52,0.3,9.82
sst2,diversity_al,100,0,sentence_transformer_logreg,sentence-transformers/all-MiniLM-L6-v2,0.716716507392669,0.725,high,Prolific,https://www.prolific.com/pricing,2026-07-12,0.4283999999999999,0.003,42.84,0.3,43.13999999999999
sst2,diversity_al,100,0,sentence_transformer_logreg,sentence-transformers/all-MiniLM-L6-v2,0.716716507392669,0.725,low,Amazon Mechanical Turk,https://www.mturk.com/pricing,2026-07-12,0.04,0.003,4.0,0.3,4.3
sst2,diversity_al,100,1,sentence_transformer_logreg,sentence-transformers/all-MiniLM-L6-v2,0.712260971078117,0.72,base,Prolific,https://www.prolific.com/pricing,2026-07-12,0.0951999999999999,0.003,9.52,0.3,9.82
sst2,diversity_al,100,1,sentence_transformer_logreg,sentence-transformers/all-MiniLM-L6-v2,0.712260971078117,0.72,high,Prolific,https://www.prolific.com/pricing,2026-07-12,0.4283999999999999,0.003,42.84,0.3,43.13999999999999
sst2,diversity_al,100,1,sentence_transformer_logreg,sentence-transformers/all-MiniLM-L6-v2,0.712260971078117,0.72,low,Amazon Mechanical Turk,https://www.mturk.com/pricing,2026-07-12,0.04,0.003,4.0,0.3,4.3
sst2,diversity_al,100,2,sentence_transformer_logreg,sentence-transformers/all-MiniLM-L6-v2,0.730670070836775,0.731,base,Prolific,https://www.prolific.com/pricing,2026-07-12,0.0951999999999999,0.003,9.52,0.3,9.82
sst2,diversity_al,100,2,sentence_transformer_logreg,sentence-transformers/all-MiniLM-L6-v2,0.730670070836775,0.731,high,Prolific,https://www.prolific.com/pricing,2026-07-12,0.4283999999999999,0.003,42.84,0.3,43.13999999999999
sst2,diversity_al,100,2,sentence_transformer_logreg,sentence-transformers/all-MiniLM-L6-v2,0.730670070836775,0.731,low,Amazon Mechanical Turk,https://www.mturk.com/pricing,2026-07-12,0.04,0.003,4.0,0.3,4.3
sst2,diversity_al,100,3,sentence_transformer_logreg,sentence-transformers/all-MiniLM-L6-v2,0.7294271704691444,0.738,base,Prolific,https://www.prolific.com/pricing,2026-07-12,0.0951999999999999,0.003,9.52,0.3,9.82
sst2,diversity_al,100,3,sentence_transformer_logreg,sentence-transformers/all-MiniLM-L6-v2,0.7294271704691444,0.738,high,Prolific,https://www.prolific.com/pricing,2026-07-12,0.4283999999999999,0.003,42.84,0.3,43.13999999999999
sst2,diversity_al,100,3,sentence_transformer_logreg,sentence-transformers/all-MiniLM-L6-v2,0.7294271704691444,0.738,low,Amazon Mechanical Turk,https://www.mturk.com/pricing,2026-07-12,0.04,0.003,4.0,0.3,4.3
sst2,diversity_al,100,4,sentence_transformer_logreg,sentence-transformers/all-MiniLM-L6-v2,0.7258949222804311,0.733,base,Prolific,https://www.prolific.com/pricing,2026-07-12,0.0951999999999999,0.003,9.52,0.3,9.82
sst2,diversity_al,100,4,sentence_transformer_logreg,sentence-transformers/all-MiniLM-L6-v2,0.7258949222804311,0.733,high,Prolific,https://www.prolific.com/pricing,2026-07-12,0.4283999999999999,0.003,42.84,0.3,43.13999999999999
sst2,diversity_al,100,4,sentence_transformer_logreg,sentence-transformers/all-MiniLM-L6-v2,0.7258949222804311,0.733,low,Amazon Mechanical Turk,https://www.mturk.com/pricing,2026-07-12,0.04,0.003,4.0,0.3,4.3
sst2,diversity_al,250,0,sentence_transformer_logreg,sentence-transformers/all-MiniLM-L6-v2,0.7529542138448493,0.755,base,Prolific,https://www.prolific.com/pricing,2026-07-12,0.0951999999999999,0.003,23.799999999999997,0.75,24.549999999999997
sst2,diversity_al,250,0,sentence_transformer_logreg,sentence-transformers/all-MiniLM-L6-v2,0.7529542138448493,0.755,high,Prolific,https://www.prolific.com/pricing,2026-07-12,0.4283999999999999,0.003,107.09999999999998,0.75,107.84999999999998
sst2,diversity_al,250,0,sentence_transformer_logreg,sentence-transformers/all-MiniLM-L6-v2,0.7529542138448493,0.755,low,Amazon Mechanical Turk,https://www.mturk.com/pricing,2026-07-12,0.04,0.003,10.0,0.75,10.75
sst2,diversity_al,250,1,sentence_transformer_logreg,sentence-transformers/all-MiniLM-L6-v2,0.7718498953223198,0.773,base,Prolific,https://www.prolific.com/pricing,2026-07-12,0.0951999999999999,0.003,23.799999999999997,0.75,24.549999999999997
sst2,diversity_al,250,1,sentence_transformer_logreg,sentence-transformers/all-MiniLM-L6-v2,0.7718498953223198,0.773,high,Prolific,https://www.prolific.com/pricing,2026-07-12,0.4283999999999999,0.003,107.09999999999998,0.75,107.84999999999998
sst2,diversity_al,250,1,sentence_transformer_logreg,sentence-transformers/all-MiniLM-L6-v2,0.7718498953223198,0.773,low,Amazon Mechanical Turk,https://www.mturk.com/pricing,2026-07-12,0.04,0.003,10.0,0.75,10.75
sst2,diversity_al,250,2,sentence_transformer_logreg,sentence-transformers/all-MiniLM-L6-v2,0.7626389738792703,0.763,base,Prolific,https://www.prolific.com/pricing,2026-07-12,0.0951999999999999,0.003,23.799999999999997,0.75,24.549999999999997
sst2,diversity_al,250,2,sentence_transformer_logreg,sentence-transformers/all-MiniLM-L6-v2,0.7626389738792703,0.763,high,Prolific,https://www.prolific.com/pricing,2026-07-12,0.4283999999999999,0.003,107.09999999999998,0.75,107.84999999999998
sst2,diversity_al,250,2,sentence_transformer_logreg,sentence-transformers/all-MiniLM-L6-v2,0.7626389738792703,0.763,low,Amazon Mechanical Turk,https://www.mturk.com/pricing,2026-07-12,0.04,0.003,10.0,0.75,10.75
sst2,diversity_al,250,3,sentence_transformer_logreg,sentence-transformers/all-MiniLM-L6-v2,0.7669941748543714,0.767,base,Prolific,https://www.prolific.com/pricing,2026-07-12,0.0951999999999999,0.003,23.799999999999997,0.75,24.549999999999997
sst2,diversity_al,250,3,sentence_transformer_logreg,sentence-transformers/all-MiniLM-L6-v2,0.7669941748543714,0.767,high,Prolific,https://www.prolific.com/pricing,2026-07-12,0.4283999999999999,0.003,107.09999999999998,0.75,107.84999999999998
sst2,diversity_al,250,3,sentence_transformer_logreg,sentence-transformers/all-MiniLM-L6-v2,0.7669941748543714,0.767,low,Amazon Mechanical Turk,https://www.mturk.com/pricing,2026-07-12,0.04,0.003,10.0,0.75,10.75
sst2,diversity_al,250,4,sentence_transformer_logreg,sentence-transformers/all-MiniLM-L6-v2,0.7623323916882523,0.763,base,Prolific,https://www.prolific.com/pricing,2026-07-12,0.0951999999999999,0.003,23.799999999999997,0.75,24.549999999999997
sst2,diversity_al,250,4,sentence_transformer_logreg,sentence-transformers/all-MiniLM-L6-v2,0.7623323916882523,0.763,high,Prolific,https://www.prolific.com/pricing,2026-07-12,0.4283999999999999,0.003,107.09999999999998,0.75,107.84999999999998
sst2,diversity_al,250,4,sentence_transformer_logreg,sentence-transformers/all-MiniLM-L6-v2,0.7623323916882523,0.763,low,Amazon Mechanical Turk,https://www.mturk.com/pricing,2026-07-12,0.04,0.003,10.0,0.75,10.75
sst2,diversity_al,500,0,sentence_transformer_logreg,sentence-transformers/all-MiniLM-L6-v2,0.7769623066298204,0.777,base,Prolific,https://www.prolific.com/pricing,2026-07-12,0.0951999999999999,0.003,47.599999999999994,1.5,49.099999999999994
sst2,diversity_al,500,0,sentence_transformer_logreg,sentence-transformers/all-MiniLM-L6-v2,0.7769623066298204,0.777,high,Prolific,https://www.prolific.com/pricing,2026-07-12,0.4283999999999999,0.003,214.19999999999996,1.5,215.69999999999996
sst2,diversity_al,500,0,sentence_transformer_logreg,sentence-transformers/all-MiniLM-L6-v2,0.7769623066298204,0.777,low,Amazon Mechanical Turk,https://www.mturk.com/pricing,2026-07-12,0.04,0.003,20.0,1.5,21.5
sst2,diversity_al,500,1,sentence_transformer_logreg,sentence-transformers/all-MiniLM-L6-v2,0.7749727717053763,0.775,base,Prolific,https://www.prolific.com/pricing,2026-07-12,0.0951999999999999,0.003,47.599999999999994,1.5,49.099999999999994
sst2,diversity_al,500,1,sentence_transformer_logreg,sentence-transformers/all-MiniLM-L6-v2,0.7749727717053763,0.775,high,Prolific,https://www.prolific.com/pricing,2026-07-12,0.4283999999999999,0.003,214.19999999999996,1.5,215.69999999999996
sst2,diversity_al,500,1,sentence_transformer_logreg,sentence-transformers/all-MiniLM-L6-v2,0.7749727717053763,0.775,low,Amazon Mechanical Turk,https://www.mturk.com/pricing,2026-07-12,0.04,0.003,20.0,1.5,21.5
sst2,diversity_al,500,2,sentence_transformer_logreg,sentence-transformers/all-MiniLM-L6-v2,0.7827912624031694,0.783,base,Prolific,https://www.prolific.com/pricing,2026-07-12,0.0951999999999999,0.003,47.599999999999994,1.5,49.099999999999994
sst2,diversity_al,500,2,sentence_transformer_logreg,sentence-transformers/all-MiniLM-L6-v2,0.7827912624031694,0.783,high,Prolific,https://www.prolific.com/pricing,2026-07-12,0.4283999999999999,0.003,214.19999999999996,1.5,215.69999999999996
sst2,diversity_al,500,2,sentence_transformer_logreg,sentence-transformers/all-MiniLM-L6-v2,0.7827912624031694,0.783,low,Amazon Mechanical Turk,https://www.mturk.com/pricing,2026-07-12,0.04,0.003,20.0,1.5,21.5
sst2,diversity_al,500,3,sentence_transformer_logreg,sentence-transformers/all-MiniLM-L6-v2,0.7839783978397841,0.784,base,Prolific,https://www.prolific.com/pricing,2026-07-12,0.0951999999999999,0.003,47.599999999999994,1.5,49.099999999999994
sst2,diversity_al,500,3,sentence_transformer_logreg,sentence-transformers/all-MiniLM-L6-v2,0.7839783978397841,0.784,high,Prolific,https://www.prolific.com/pricing,2026-07-12,0.4283999999999999,0.003,214.19999999999996,1.5,215.69999999999996
sst2,diversity_al,500,3,sentence_transformer_logreg,sentence-transformers/all-MiniLM-L6-v2,0.7839783978397841,0.784,low,Amazon Mechanical Turk,https://www.mturk.com/pricing,2026-07-12,0.04,0.003,20.0,1.5,21.5
sst2,diversity_al,500,4,sentence_transformer_logreg,sentence-transformers/all-MiniLM-L6-v2,0.7748358553385418,0.775,base,Prolific,https://www.prolific.com/pricing,2026-07-12,0.0951999999999999,0.003,47.599999999999994,1.5,49.099999999999994
sst2,diversity_al,500,4,sentence_transformer_logreg,sentence-transformers/all-MiniLM-L6-v2,0.7748358553385418,0.775,high,Prolific,https://www.prolific.com/pricing,2026-07-12,0.4283999999999999,0.003,214.19999999999996,1.5,215.69999999999996
sst2,diversity_al,500,4,sentence_transformer_logreg,sentence-transformers/all-MiniLM-L6-v2,0.7748358553385418,0.775,low,Amazon Mechanical Turk,https://www.mturk.com/pricing,2026-07-12,0.04,0.003,20.0,1.5,21.5
sst2,diversity_al,1000,0,sentence_transformer_logreg,sentence-transformers/all-MiniLM-L6-v2,0.7969997969997971,0.797,base,Prolific,https://www.prolific.com/pricing,2026-07-12,0.0951999999999999,0.003,95.2,3.0,98.2
sst2,diversity_al,1000,0,sentence_transformer_logreg,sentence-transformers/all-MiniLM-L6-v2,0.7969997969997971,0.797,high,Prolific,https://www.prolific.com/pricing,2026-07-12,0.4283999999999999,0.003,428.3999999999999,3.0,431.3999999999999
sst2,diversity_al,1000,0,sentence_transformer_logreg,sentence-transformers/all-MiniLM-L6-v2,0.7969997969997971,0.797,low,Amazon Mechanical Turk,https://www.mturk.com/pricing,2026-07-12,0.04,0.003,40.0,3.0,43.0
sst2,diversity_al,1000,1,sentence_transformer_logreg,sentence-transformers/all-MiniLM-L6-v2,0.791996671946751,0.792,base,Prolific,https://www.prolific.com/pricing,2026-07-12,0.0951999999999999,0.003,95.2,3.0,98.2
sst2,diversity_al,1000,1,sentence_transformer_logreg,sentence-transformers/all-MiniLM-L6-v2,0.791996671946751,0.792,high,Prolific,https://www.prolific.com/pricing,2026-07-12,0.4283999999999999,0.003,428.3999999999999,3.0,431.3999999999999
sst2,diversity_al,1000,1,sentence_transformer_logreg,sentence-transformers/all-MiniLM-L6-v2,0.791996671946751,0.792,low,Amazon Mechanical Turk,https://www.mturk.com/pricing,2026-07-12,0.04,0.003,40.0,3.0,43.0
sst2,diversity_al,1000,2,sentence_transformer_logreg,sentence-transformers/all-MiniLM-L6-v2,0.7909646730297419,0.791,base,Prolific,https://www.prolific.com/pricing,2026-07-12,0.0951999999999999,0.003,95.2,3.0,98.2
sst2,diversity_al,1000,2,sentence_transformer_logreg,sentence-transformers/all-MiniLM-L6-v2,0.7909646730297419,0.791,high,Prolific,https://www.prolific.com/pricing,2026-07-12,0.4283999999999999,0.003,428.3999999999999,3.0,431.3999999999999
sst2,diversity_al,1000,2,sentence_transformer_logreg,sentence-transformers/all-MiniLM-L6-v2,0.7909646730297419,0.791,low,Amazon Mechanical Turk,https://www.mturk.com/pricing,2026-07-12,0.04,0.003,40.0,3.0,43.0
sst2,diversity_al,1000,3,sentence_transformer_logreg,sentence-transformers/all-MiniLM-L6-v2,0.793979397939794,0.794,base,Prolific,https://www.prolific.com/pricing,2026-07-12,0.0951999999999999,0.003,95.2,3.0,98.2
sst2,diversity_al,1000,3,sentence_transformer_logreg,sentence-transformers/all-MiniLM-L6-v2,0.793979397939794,0.794,high,Prolific,https://www.prolific.com/pricing,2026-07-12,0.4283999999999999,0.003,428.3999999999999,3.0,431.3999999999999
sst2,diversity_al,1000,3,sentence_transformer_logreg,sentence-transformers/all-MiniLM-L6-v2,0.793979397939794,0.794,low,Amazon Mechanical Turk,https://www.mturk.com/pricing,2026-07-12,0.04,0.003,40.0,3.0,43.0
sst2,diversity_al,1000,4,sentence_transformer_logreg,sentence-transformers/all-MiniLM-L6-v2,0.793979397939794,0.794,base,Prolific,https://www.prolific.com/pricing,2026-07-12,0.0951999999999999,0.003,95.2,3.0,98.2
sst2,diversity_al,1000,4,sentence_transformer_logreg,sentence-transformers/all-MiniLM-L6-v2,0.793979397939794,0.794,high,Prolific,https://www.prolific.com/pricing,2026-07-12,0.4283999999999999,0.003,428.3999999999999,3.0,431.3999999999999
sst2,diversity_al,1000,4,sentence_transformer_logreg,sentence-transformers/all-MiniLM-L6-v2,0.793979397939794,0.794,low,Amazon Mechanical Turk,https://www.mturk.com/pricing,2026-07-12,0.04,0.003,40.0,3.0,43.0
sst2,hybrid_al,50,0,sentence_transformer_logreg,sentence-transformers/all-MiniLM-L6-v2,0.7021633769257845,0.703,base,Prolific,https://www.prolific.com/pricing,2026-07-12,0.0951999999999999,0.004,4.76,0.2,4.96
sst2,hybrid_al,50,0,sentence_transformer_logreg,sentence-transformers/all-MiniLM-L6-v2,0.7021633769257845,0.703,high,Prolific,https://www.prolific.com/pricing,2026-07-12,0.4283999999999999,0.004,21.42,0.2,21.619999999999997
sst2,hybrid_al,50,0,sentence_transformer_logreg,sentence-transformers/all-MiniLM-L6-v2,0.7021633769257845,0.703,low,Amazon Mechanical Turk,https://www.mturk.com/pricing,2026-07-12,0.04,0.004,2.0,0.2,2.2
sst2,hybrid_al,50,1,sentence_transformer_logreg,sentence-transformers/all-MiniLM-L6-v2,0.6249285640405746,0.641,base,Prolific,https://www.prolific.com/pricing,2026-07-12,0.0951999999999999,0.004,4.76,0.2,4.96
sst2,hybrid_al,50,1,sentence_transformer_logreg,sentence-transformers/all-MiniLM-L6-v2,0.6249285640405746,0.641,high,Prolific,https://www.prolific.com/pricing,2026-07-12,0.4283999999999999,0.004,21.42,0.2,21.619999999999997
sst2,hybrid_al,50,1,sentence_transformer_logreg,sentence-transformers/all-MiniLM-L6-v2,0.6249285640405746,0.641,low,Amazon Mechanical Turk,https://www.mturk.com/pricing,2026-07-12,0.04,0.004,2.0,0.2,2.2
sst2,hybrid_al,50,2,sentence_transformer_logreg,sentence-transformers/all-MiniLM-L6-v2,0.7153360661070987,0.72,base,Prolific,https://www.prolific.com/pricing,2026-07-12,0.0951999999999999,0.004,4.76,0.2,4.96
sst2,hybrid_al,50,2,sentence_transformer_logreg,sentence-transformers/all-MiniLM-L6-v2,0.7153360661070987,0.72,high,Prolific,https://www.prolific.com/pricing,2026-07-12,0.4283999999999999,0.004,21.42,0.2,21.619999999999997
sst2,hybrid_al,50,2,sentence_transformer_logreg,sentence-transformers/all-MiniLM-L6-v2,0.7153360661070987,0.72,low,Amazon Mechanical Turk,https://www.mturk.com/pricing,2026-07-12,0.04,0.004,2.0,0.2,2.2
sst2,hybrid_al,50,3,sentence_transformer_logreg,sentence-transformers/all-MiniLM-L6-v2,0.5943541070556214,0.628,base,Prolific,https://www.prolific.com/pricing,2026-07-12,0.0951999999999999,0.004,4.76,0.2,4.96
sst2,hybrid_al,50,3,sentence_transformer_logreg,sentence-transformers/all-MiniLM-L6-v2,0.5943541070556214,0.628,high,Prolific,https://www.prolific.com/pricing,2026-07-12,0.4283999999999999,0.004,21.42,0.2,21.619999999999997
sst2,hybrid_al,50,3,sentence_transformer_logreg,sentence-transformers/all-MiniLM-L6-v2,0.5943541070556214,0.628,low,Amazon Mechanical Turk,https://www.mturk.com/pricing,2026-07-12,0.04,0.004,2.0,0.2,2.2
sst2,hybrid_al,50,4,sentence_transformer_logreg,sentence-transformers/all-MiniLM-L6-v2,0.6704696067985134,0.683,base,Prolific,https://www.prolific.com/pricing,2026-07-12,0.0951999999999999,0.004,4.76,0.2,4.96
sst2,hybrid_al,50,4,sentence_transformer_logreg,sentence-transformers/all-MiniLM-L6-v2,0.6704696067985134,0.683,high,Prolific,https://www.prolific.com/pricing,2026-07-12,0.4283999999999999,0.004,21.42,0.2,21.619999999999997
sst2,hybrid_al,50,4,sentence_transformer_logreg,sentence-transformers/all-MiniLM-L6-v2,0.6704696067985134,0.683,low,Amazon Mechanical Turk,https://www.mturk.com/pricing,2026-07-12,0.04,0.004,2.0,0.2,2.2
sst2,hybrid_al,100,0,sentence_transformer_logreg,sentence-transformers/all-MiniLM-L6-v2,0.7388373117788406,0.741,base,Prolific,https://www.prolific.com/pricing,2026-07-12,0.0951999999999999,0.004,9.52,0.4,9.92
sst2,hybrid_al,100,0,sentence_transformer_logreg,sentence-transformers/all-MiniLM-L6-v2,0.7388373117788406,0.741,high,Prolific,https://www.prolific.com/pricing,2026-07-12,0.4283999999999999,0.004,42.84,0.4,43.239999999999995
sst2,hybrid_al,100,0,sentence_transformer_logreg,sentence-transformers/all-MiniLM-L6-v2,0.7388373117788406,0.741,low,Amazon Mechanical Turk,https://www.mturk.com/pricing,2026-07-12,0.04,0.004,4.0,0.4,4.4
sst2,hybrid_al,100,1,sentence_transformer_logreg,sentence-transformers/all-MiniLM-L6-v2,0.7298586528081143,0.731,base,Prolific,https://www.prolific.com/pricing,2026-07-12,0.0951999999999999,0.004,9.52,0.4,9.92
sst2,hybrid_al,100,1,sentence_transformer_logreg,sentence-transformers/all-MiniLM-L6-v2,0.7298586528081143,0.731,high,Prolific,https://www.prolific.com/pricing,2026-07-12,0.4283999999999999,0.004,42.84,0.4,43.239999999999995
sst2,hybrid_al,100,1,sentence_transformer_logreg,sentence-transformers/all-MiniLM-L6-v2,0.7298586528081143,0.731,low,Amazon Mechanical Turk,https://www.mturk.com/pricing,2026-07-12,0.04,0.004,4.0,0.4,4.4
sst2,hybrid_al,100,2,sentence_transformer_logreg,sentence-transformers/all-MiniLM-L6-v2,0.7586057065610969,0.76,base,Prolific,https://www.prolific.com/pricing,2026-07-12,0.0951999999999999,0.004,9.52,0.4,9.92
sst2,hybrid_al,100,2,sentence_transformer_logreg,sentence-transformers/all-MiniLM-L6-v2,0.7586057065610969,0.76,high,Prolific,https://www.prolific.com/pricing,2026-07-12,0.4283999999999999,0.004,42.84,0.4,43.239999999999995
sst2,hybrid_al,100,2,sentence_transformer_logreg,sentence-transformers/all-MiniLM-L6-v2,0.7586057065610969,0.76,low,Amazon Mechanical Turk,https://www.mturk.com/pricing,2026-07-12,0.04,0.004,4.0,0.4,4.4
sst2,hybrid_al,100,3,sentence_transformer_logreg,sentence-transformers/all-MiniLM-L6-v2,0.6878496783607234,0.699,base,Prolific,https://www.prolific.com/pricing,2026-07-12,0.0951999999999999,0.004,9.52,0.4,9.92
sst2,hybrid_al,100,3,sentence_transformer_logreg,sentence-transformers/all-MiniLM-L6-v2,0.6878496783607234,0.699,high,Prolific,https://www.prolific.com/pricing,2026-07-12,0.4283999999999999,0.004,42.84,0.4,43.239999999999995
sst2,hybrid_al,100,3,sentence_transformer_logreg,sentence-transformers/all-MiniLM-L6-v2,0.6878496783607234,0.699,low,Amazon Mechanical Turk,https://www.mturk.com/pricing,2026-07-12,0.04,0.004,4.0,0.4,4.4
sst2,hybrid_al,100,4,sentence_transformer_logreg,sentence-transformers/all-MiniLM-L6-v2,0.7175426413739867,0.723,base,Prolific,https://www.prolific.com/pricing,2026-07-12,0.0951999999999999,0.004,9.52,0.4,9.92
sst2,hybrid_al,100,4,sentence_transformer_logreg,sentence-transformers/all-MiniLM-L6-v2,0.7175426413739867,0.723,high,Prolific,https://www.prolific.com/pricing,2026-07-12,0.4283999999999999,0.004,42.84,0.4,43.239999999999995
sst2,hybrid_al,100,4,sentence_transformer_logreg,sentence-transformers/all-MiniLM-L6-v2,0.7175426413739867,0.723,low,Amazon Mechanical Turk,https://www.mturk.com/pricing,2026-07-12,0.04,0.004,4.0,0.4,4.4
sst2,hybrid_al,250,0,sentence_transformer_logreg,sentence-transformers/all-MiniLM-L6-v2,0.7587372648814559,0.759,base,Prolific,https://www.prolific.com/pricing,2026-07-12,0.0951999999999999,0.004,23.799999999999997,1.0,24.799999999999997
sst2,hybrid_al,250,0,sentence_transformer_logreg,sentence-transformers/all-MiniLM-L6-v2,0.7587372648814559,0.759,high,Prolific,https://www.prolific.com/pricing,2026-07-12,0.4283999999999999,0.004,107.09999999999998,1.0,108.09999999999998
sst2,hybrid_al,250,0,sentence_transformer_logreg,sentence-transformers/all-MiniLM-L6-v2,0.7587372648814559,0.759,low,Amazon Mechanical Turk,https://www.mturk.com/pricing,2026-07-12,0.04,0.004,10.0,1.0,11.0
sst2,hybrid_al,250,1,sentence_transformer_logreg,sentence-transformers/all-MiniLM-L6-v2,0.78090337838987,0.781,base,Prolific,https://www.prolific.com/pricing,2026-07-12,0.0951999999999999,0.004,23.799999999999997,1.0,24.799999999999997
sst2,hybrid_al,250,1,sentence_transformer_logreg,sentence-transformers/all-MiniLM-L6-v2,0.78090337838987,0.781,high,Prolific,https://www.prolific.com/pricing,2026-07-12,0.4283999999999999,0.004,107.09999999999998,1.0,108.09999999999998
sst2,hybrid_al,250,1,sentence_transformer_logreg,sentence-transformers/all-MiniLM-L6-v2,0.78090337838987,0.781,low,Amazon Mechanical Turk,https://www.mturk.com/pricing,2026-07-12,0.04,0.004,10.0,1.0,11.0
sst2,hybrid_al,250,2,sentence_transformer_logreg,sentence-transformers/all-MiniLM-L6-v2,0.7464698461376202,0.75,base,Prolific,https://www.prolific.com/pricing,2026-07-12,0.0951999999999999,0.004,23.799999999999997,1.0,24.799999999999997
sst2,hybrid_al,250,2,sentence_transformer_logreg,sentence-transformers/all-MiniLM-L6-v2,0.7464698461376202,0.75,high,Prolific,https://www.prolific.com/pricing,2026-07-12,0.4283999999999999,0.004,107.09999999999998,1.0,108.09999999999998
sst2,hybrid_al,250,2,sentence_transformer_logreg,sentence-transformers/all-MiniLM-L6-v2,0.7464698461376202,0.75,low,Amazon Mechanical Turk,https://www.mturk.com/pricing,2026-07-12,0.04,0.004,10.0,1.0,11.0
sst2,hybrid_al,250,3,sentence_transformer_logreg,sentence-transformers/all-MiniLM-L6-v2,0.7759332180511415,0.777,base,Prolific,https://www.prolific.com/pricing,2026-07-12,0.0951999999999999,0.004,23.799999999999997,1.0,24.799999999999997
sst2,hybrid_al,250,3,sentence_transformer_logreg,sentence-transformers/all-MiniLM-L6-v2,0.7759332180511415,0.777,high,Prolific,https://www.prolific.com/pricing,2026-07-12,0.4283999999999999,0.004,107.09999999999998,1.0,108.09999999999998
sst2,hybrid_al,250,3,sentence_transformer_logreg,sentence-transformers/all-MiniLM-L6-v2,0.7759332180511415,0.777,low,Amazon Mechanical Turk,https://www.mturk.com/pricing,2026-07-12,0.04,0.004,10.0,1.0,11.0
sst2,hybrid_al,250,4,sentence_transformer_logreg,sentence-transformers/all-MiniLM-L6-v2,0.7762731113387396,0.777,base,Prolific,https://www.prolific.com/pricing,2026-07-12,0.0951999999999999,0.004,23.799999999999997,1.0,24.799999999999997
sst2,hybrid_al,250,4,sentence_transformer_logreg,sentence-transformers/all-MiniLM-L6-v2,0.7762731113387396,0.777,high,Prolific,https://www.prolific.com/pricing,2026-07-12,0.4283999999999999,0.004,107.09999999999998,1.0,108.09999999999998
sst2,hybrid_al,250,4,sentence_transformer_logreg,sentence-transformers/all-MiniLM-L6-v2,0.7762731113387396,0.777,low,Amazon Mechanical Turk,https://www.mturk.com/pricing,2026-07-12,0.04,0.004,10.0,1.0,11.0
sst2,hybrid_al,500,0,sentence_transformer_logreg,sentence-transformers/all-MiniLM-L6-v2,0.7996794871794872,0.8,base,Prolific,https://www.prolific.com/pricing,2026-07-12,0.0951999999999999,0.004,47.599999999999994,2.0,49.599999999999994
sst2,hybrid_al,500,0,sentence_transformer_logreg,sentence-transformers/all-MiniLM-L6-v2,0.7996794871794872,0.8,high,Prolific,https://www.prolific.com/pricing,2026-07-12,0.4283999999999999,0.004,214.19999999999996,2.0,216.19999999999996
sst2,hybrid_al,500,0,sentence_transformer_logreg,sentence-transformers/all-MiniLM-L6-v2,0.7996794871794872,0.8,low,Amazon Mechanical Turk,https://www.mturk.com/pricing,2026-07-12,0.04,0.004,20.0,2.0,22.0
sst2,hybrid_al,500,1,sentence_transformer_logreg,sentence-transformers/all-MiniLM-L6-v2,0.7919925117304223,0.792,base,Prolific,https://www.prolific.com/pricing,2026-07-12,0.0951999999999999,0.004,47.599999999999994,2.0,49.599999999999994
sst2,hybrid_al,500,1,sentence_transformer_logreg,sentence-transformers/all-MiniLM-L6-v2,0.7919925117304223,0.792,high,Prolific,https://www.prolific.com/pricing,2026-07-12,0.4283999999999999,0.004,214.19999999999996,2.0,216.19999999999996
sst2,hybrid_al,500,1,sentence_transformer_logreg,sentence-transformers/all-MiniLM-L6-v2,0.7919925117304223,0.792,low,Amazon Mechanical Turk,https://www.mturk.com/pricing,2026-07-12,0.04,0.004,20.0,2.0,22.0
sst2,hybrid_al,500,2,sentence_transformer_logreg,sentence-transformers/all-MiniLM-L6-v2,0.7916324396234958,0.792,base,Prolific,https://www.prolific.com/pricing,2026-07-12,0.0951999999999999,0.004,47.599999999999994,2.0,49.599999999999994
sst2,hybrid_al,500,2,sentence_transformer_logreg,sentence-transformers/all-MiniLM-L6-v2,0.7916324396234958,0.792,high,Prolific,https://www.prolific.com/pricing,2026-07-12,0.4283999999999999,0.004,214.19999999999996,2.0,216.19999999999996
sst2,hybrid_al,500,2,sentence_transformer_logreg,sentence-transformers/all-MiniLM-L6-v2,0.7916324396234958,0.792,low,Amazon Mechanical Turk,https://www.mturk.com/pricing,2026-07-12,0.04,0.004,20.0,2.0,22.0
sst2,hybrid_al,500,3,sentence_transformer_logreg,sentence-transformers/all-MiniLM-L6-v2,0.7866054334464425,0.787,base,Prolific,https://www.prolific.com/pricing,2026-07-12,0.0951999999999999,0.004,47.599999999999994,2.0,49.599999999999994
sst2,hybrid_al,500,3,sentence_transformer_logreg,sentence-transformers/all-MiniLM-L6-v2,0.7866054334464425,0.787,high,Prolific,https://www.prolific.com/pricing,2026-07-12,0.4283999999999999,0.004,214.19999999999996,2.0,216.19999999999996
sst2,hybrid_al,500,3,sentence_transformer_logreg,sentence-transformers/all-MiniLM-L6-v2,0.7866054334464425,0.787,low,Amazon Mechanical Turk,https://www.mturk.com/pricing,2026-07-12,0.04,0.004,20.0,2.0,22.0
sst2,hybrid_al,500,4,sentence_transformer_logreg,sentence-transformers/all-MiniLM-L6-v2,0.7799964799436792,0.78,base,Prolific,https://www.prolific.com/pricing,2026-07-12,0.0951999999999999,0.004,47.599999999999994,2.0,49.599999999999994
sst2,hybrid_al,500,4,sentence_transformer_logreg,sentence-transformers/all-MiniLM-L6-v2,0.7799964799436792,0.78,high,Prolific,https://www.prolific.com/pricing,2026-07-12,0.4283999999999999,0.004,214.19999999999996,2.0,216.19999999999996
sst2,hybrid_al,500,4,sentence_transformer_logreg,sentence-transformers/all-MiniLM-L6-v2,0.7799964799436792,0.78,low,Amazon Mechanical Turk,https://www.mturk.com/pricing,2026-07-12,0.04,0.004,20.0,2.0,22.0
sst2,hybrid_al,1000,0,sentence_transformer_logreg,sentence-transformers/all-MiniLM-L6-v2,0.7986938132900141,0.799,base,Prolific,https://www.prolific.com/pricing,2026-07-12,0.0951999999999999,0.004,95.2,4.0,99.2
sst2,hybrid_al,1000,0,sentence_transformer_logreg,sentence-transformers/all-MiniLM-L6-v2,0.7986938132900141,0.799,high,Prolific,https://www.prolific.com/pricing,2026-07-12,0.4283999999999999,0.004,428.3999999999999,4.0,432.3999999999999
sst2,hybrid_al,1000,0,sentence_transformer_logreg,sentence-transformers/all-MiniLM-L6-v2,0.7986938132900141,0.799,low,Amazon Mechanical Turk,https://www.mturk.com/pricing,2026-07-12,0.04,0.004,40.0,4.0,44.0
sst2,hybrid_al,1000,1,sentence_transformer_logreg,sentence-transformers/all-MiniLM-L6-v2,0.806814348588994,0.807,base,Prolific,https://www.prolific.com/pricing,2026-07-12,0.0951999999999999,0.004,95.2,4.0,99.2
sst2,hybrid_al,1000,1,sentence_transformer_logreg,sentence-transformers/all-MiniLM-L6-v2,0.806814348588994,0.807,high,Prolific,https://www.prolific.com/pricing,2026-07-12,0.4283999999999999,0.004,428.3999999999999,4.0,432.3999999999999
sst2,hybrid_al,1000,1,sentence_transformer_logreg,sentence-transformers/all-MiniLM-L6-v2,0.806814348588994,0.807,low,Amazon Mechanical Turk,https://www.mturk.com/pricing,2026-07-12,0.04,0.004,40.0,4.0,44.0
sst2,hybrid_al,1000,2,sentence_transformer_logreg,sentence-transformers/all-MiniLM-L6-v2,0.7968730456535336,0.797,base,Prolific,https://www.prolific.com/pricing,2026-07-12,0.0951999999999999,0.004,95.2,4.0,99.2
sst2,hybrid_al,1000,2,sentence_transformer_logreg,sentence-transformers/all-MiniLM-L6-v2,0.7968730456535336,0.797,high,Prolific,https://www.prolific.com/pricing,2026-07-12,0.4283999999999999,0.004,428.3999999999999,4.0,432.3999999999999
sst2,hybrid_al,1000,2,sentence_transformer_logreg,sentence-transformers/all-MiniLM-L6-v2,0.7968730456535336,0.797,low,Amazon Mechanical Turk,https://www.mturk.com/pricing,2026-07-12,0.04,0.004,40.0,4.0,44.0
sst2,hybrid_al,1000,3,sentence_transformer_logreg,sentence-transformers/all-MiniLM-L6-v2,0.7998647085429751,0.8,base,Prolific,https://www.prolific.com/pricing,2026-07-12,0.0951999999999999,0.004,95.2,4.0,99.2
sst2,hybrid_al,1000,3,sentence_transformer_logreg,sentence-transformers/all-MiniLM-L6-v2,0.7998647085429751,0.8,high,Prolific,https://www.prolific.com/pricing,2026-07-12,0.4283999999999999,0.004,428.3999999999999,4.0,432.3999999999999
sst2,hybrid_al,1000,3,sentence_transformer_logreg,sentence-transformers/all-MiniLM-L6-v2,0.7998647085429751,0.8,low,Amazon Mechanical Turk,https://www.mturk.com/pricing,2026-07-12,0.04,0.004,40.0,4.0,44.0
sst2,hybrid_al,1000,4,sentence_transformer_logreg,sentence-transformers/all-MiniLM-L6-v2,0.8028562822297455,0.803,base,Prolific,https://www.prolific.com/pricing,2026-07-12,0.0951999999999999,0.004,95.2,4.0,99.2
sst2,hybrid_al,1000,4,sentence_transformer_logreg,sentence-transformers/all-MiniLM-L6-v2,0.8028562822297455,0.803,high,Prolific,https://www.prolific.com/pricing,2026-07-12,0.4283999999999999,0.004,428.3999999999999,4.0,432.3999999999999
sst2,hybrid_al,1000,4,sentence_transformer_logreg,sentence-transformers/all-MiniLM-L6-v2,0.8028562822297455,0.803,low,Amazon Mechanical Turk,https://www.mturk.com/pricing,2026-07-12,0.04,0.004,40.0,4.0,44.0
sst2,random,50,0,sentence_transformer_logreg,sentence-transformers/all-MiniLM-L6-v2,0.5656887406201607,0.611,base,Prolific,https://www.prolific.com/pricing,2026-07-12,0.0951999999999999,0.0,4.76,0.0,4.76
sst2,random,50,0,sentence_transformer_logreg,sentence-transformers/all-MiniLM-L6-v2,0.5656887406201607,0.611,high,Prolific,https://www.prolific.com/pricing,2026-07-12,0.4283999999999999,0.0,21.42,0.0,21.42
sst2,random,50,0,sentence_transformer_logreg,sentence-transformers/all-MiniLM-L6-v2,0.5656887406201607,0.611,low,Amazon Mechanical Turk,https://www.mturk.com/pricing,2026-07-12,0.04,0.0,2.0,0.0,2.0
sst2,random,50,1,sentence_transformer_logreg,sentence-transformers/all-MiniLM-L6-v2,0.5501451804190466,0.604,base,Prolific,https://www.prolific.com/pricing,2026-07-12,0.0951999999999999,0.0,4.76,0.0,4.76
sst2,random,50,1,sentence_transformer_logreg,sentence-transformers/all-MiniLM-L6-v2,0.5501451804190466,0.604,high,Prolific,https://www.prolific.com/pricing,2026-07-12,0.4283999999999999,0.0,21.42,0.0,21.42
sst2,random,50,1,sentence_transformer_logreg,sentence-transformers/all-MiniLM-L6-v2,0.5501451804190466,0.604,low,Amazon Mechanical Turk,https://www.mturk.com/pricing,2026-07-12,0.04,0.0,2.0,0.0,2.0
sst2,random,50,2,sentence_transformer_logreg,sentence-transformers/all-MiniLM-L6-v2,0.6009631922944616,0.623,base,Prolific,https://www.prolific.com/pricing,2026-07-12,0.0951999999999999,0.0,4.76,0.0,4.76
sst2,random,50,2,sentence_transformer_logreg,sentence-transformers/all-MiniLM-L6-v2,0.6009631922944616,0.623,high,Prolific,https://www.prolific.com/pricing,2026-07-12,0.4283999999999999,0.0,21.42,0.0,21.42
sst2,random,50,2,sentence_transformer_logreg,sentence-transformers/all-MiniLM-L6-v2,0.6009631922944616,0.623,low,Amazon Mechanical Turk,https://www.mturk.com/pricing,2026-07-12,0.04,0.0,2.0,0.0,2.0
sst2,random,50,3,sentence_transformer_logreg,sentence-transformers/all-MiniLM-L6-v2,0.3934235001103439,0.519,base,Prolific,https://www.prolific.com/pricing,2026-07-12,0.0951999999999999,0.0,4.76,0.0,4.76
sst2,random,50,3,sentence_transformer_logreg,sentence-transformers/all-MiniLM-L6-v2,0.3934235001103439,0.519,high,Prolific,https://www.prolific.com/pricing,2026-07-12,0.4283999999999999,0.0,21.42,0.0,21.42
sst2,random,50,3,sentence_transformer_logreg,sentence-transformers/all-MiniLM-L6-v2,0.3934235001103439,0.519,low,Amazon Mechanical Turk,https://www.mturk.com/pricing,2026-07-12,0.04,0.0,2.0,0.0,2.0
sst2,random,50,4,sentence_transformer_logreg,sentence-transformers/all-MiniLM-L6-v2,0.6821312343903732,0.685,base,Prolific,https://www.prolific.com/pricing,2026-07-12,0.0951999999999999,0.0,4.76,0.0,4.76
sst2,random,50,4,sentence_transformer_logreg,sentence-transformers/all-MiniLM-L6-v2,0.6821312343903732,0.685,high,Prolific,https://www.prolific.com/pricing,2026-07-12,0.4283999999999999,0.0,21.42,0.0,21.42
sst2,random,50,4,sentence_transformer_logreg,sentence-transformers/all-MiniLM-L6-v2,0.6821312343903732,0.685,low,Amazon Mechanical Turk,https://www.mturk.com/pricing,2026-07-12,0.04,0.0,2.0,0.0,2.0
sst2,random,100,0,sentence_transformer_logreg,sentence-transformers/all-MiniLM-L6-v2,0.689442271225901,0.698,base,Prolific,https://www.prolific.com/pricing,2026-07-12,0.0951999999999999,0.0,9.52,0.0,9.52
sst2,random,100,0,sentence_transformer_logreg,sentence-transformers/all-MiniLM-L6-v2,0.689442271225901,0.698,high,Prolific,https://www.prolific.com/pricing,2026-07-12,0.4283999999999999,0.0,42.84,0.0,42.84
sst2,random,100,0,sentence_transformer_logreg,sentence-transformers/all-MiniLM-L6-v2,0.689442271225901,0.698,low,Amazon Mechanical Turk,https://www.mturk.com/pricing,2026-07-12,0.04,0.0,4.0,0.0,4.0
sst2,random,100,1,sentence_transformer_logreg,sentence-transformers/all-MiniLM-L6-v2,0.6909090909090909,0.694,base,Prolific,https://www.prolific.com/pricing,2026-07-12,0.0951999999999999,0.0,9.52,0.0,9.52
sst2,random,100,1,sentence_transformer_logreg,sentence-transformers/all-MiniLM-L6-v2,0.6909090909090909,0.694,high,Prolific,https://www.prolific.com/pricing,2026-07-12,0.4283999999999999,0.0,42.84,0.0,42.84
sst2,random,100,1,sentence_transformer_logreg,sentence-transformers/all-MiniLM-L6-v2,0.6909090909090909,0.694,low,Amazon Mechanical Turk,https://www.mturk.com/pricing,2026-07-12,0.04,0.0,4.0,0.0,4.0
sst2,random,100,2,sentence_transformer_logreg,sentence-transformers/all-MiniLM-L6-v2,0.7429071894954078,0.743,base,Prolific,https://www.prolific.com/pricing,2026-07-12,0.0951999999999999,0.0,9.52,0.0,9.52
sst2,random,100,2,sentence_transformer_logreg,sentence-transformers/all-MiniLM-L6-v2,0.7429071894954078,0.743,high,Prolific,https://www.prolific.com/pricing,2026-07-12,0.4283999999999999,0.0,42.84,0.0,42.84
sst2,random,100,2,sentence_transformer_logreg,sentence-transformers/all-MiniLM-L6-v2,0.7429071894954078,0.743,low,Amazon Mechanical Turk,https://www.mturk.com/pricing,2026-07-12,0.04,0.0,4.0,0.0,4.0
sst2,random,100,3,sentence_transformer_logreg,sentence-transformers/all-MiniLM-L6-v2,0.732939911480083,0.733,base,Prolific,https://www.prolific.com/pricing,2026-07-12,0.0951999999999999,0.0,9.52,0.0,9.52
sst2,random,100,3,sentence_transformer_logreg,sentence-transformers/all-MiniLM-L6-v2,0.732939911480083,0.733,high,Prolific,https://www.prolific.com/pricing,2026-07-12,0.4283999999999999,0.0,42.84,0.0,42.84
sst2,random,100,3,sentence_transformer_logreg,sentence-transformers/all-MiniLM-L6-v2,0.732939911480083,0.733,low,Amazon Mechanical Turk,https://www.mturk.com/pricing,2026-07-12,0.04,0.0,4.0,0.0,4.0
sst2,random,100,4,sentence_transformer_logreg,sentence-transformers/all-MiniLM-L6-v2,0.7508682092827106,0.751,base,Prolific,https://www.prolific.com/pricing,2026-07-12,0.0951999999999999,0.0,9.52,0.0,9.52
sst2,random,100,4,sentence_transformer_logreg,sentence-transformers/all-MiniLM-L6-v2,0.7508682092827106,0.751,high,Prolific,https://www.prolific.com/pricing,2026-07-12,0.4283999999999999,0.0,42.84,0.0,42.84
sst2,random,100,4,sentence_transformer_logreg,sentence-transformers/all-MiniLM-L6-v2,0.7508682092827106,0.751,low,Amazon Mechanical Turk,https://www.mturk.com/pricing,2026-07-12,0.04,0.0,4.0,0.0,4.0
sst2,random,250,0,sentence_transformer_logreg,sentence-transformers/all-MiniLM-L6-v2,0.783830523130134,0.784,base,Prolific,https://www.prolific.com/pricing,2026-07-12,0.0951999999999999,0.0,23.799999999999997,0.0,23.799999999999997
sst2,random,250,0,sentence_transformer_logreg,sentence-transformers/all-MiniLM-L6-v2,0.783830523130134,0.784,high,Prolific,https://www.prolific.com/pricing,2026-07-12,0.4283999999999999,0.0,107.09999999999998,0.0,107.09999999999998
sst2,random,250,0,sentence_transformer_logreg,sentence-transformers/all-MiniLM-L6-v2,0.783830523130134,0.784,low,Amazon Mechanical Turk,https://www.mturk.com/pricing,2026-07-12,0.04,0.0,10.0,0.0,10.0
sst2,random,250,1,sentence_transformer_logreg,sentence-transformers/all-MiniLM-L6-v2,0.7798511793972726,0.78,base,Prolific,https://www.prolific.com/pricing,2026-07-12,0.0951999999999999,0.0,23.799999999999997,0.0,23.799999999999997
sst2,random,250,1,sentence_transformer_logreg,sentence-transformers/all-MiniLM-L6-v2,0.7798511793972726,0.78,high,Prolific,https://www.prolific.com/pricing,2026-07-12,0.4283999999999999,0.0,107.09999999999998,0.0,107.09999999999998
sst2,random,250,1,sentence_transformer_logreg,sentence-transformers/all-MiniLM-L6-v2,0.7798511793972726,0.78,low,Amazon Mechanical Turk,https://www.mturk.com/pricing,2026-07-12,0.04,0.0,10.0,0.0,10.0
sst2,random,250,2,sentence_transformer_logreg,sentence-transformers/all-MiniLM-L6-v2,0.7749817735236554,0.775,base,Prolific,https://www.prolific.com/pricing,2026-07-12,0.0951999999999999,0.0,23.799999999999997,0.0,23.799999999999997
sst2,random,250,2,sentence_transformer_logreg,sentence-transformers/all-MiniLM-L6-v2,0.7749817735236554,0.775,high,Prolific,https://www.prolific.com/pricing,2026-07-12,0.4283999999999999,0.0,107.09999999999998,0.0,107.09999999999998
sst2,random,250,2,sentence_transformer_logreg,sentence-transformers/all-MiniLM-L6-v2,0.7749817735236554,0.775,low,Amazon Mechanical Turk,https://www.mturk.com/pricing,2026-07-12,0.04,0.0,10.0,0.0,10.0
sst2,random,250,3,sentence_transformer_logreg,sentence-transformers/all-MiniLM-L6-v2,0.7512198253723678,0.752,base,Prolific,https://www.prolific.com/pricing,2026-07-12,0.0951999999999999,0.0,23.799999999999997,0.0,23.799999999999997
sst2,random,250,3,sentence_transformer_logreg,sentence-transformers/all-MiniLM-L6-v2,0.7512198253723678,0.752,high,Prolific,https://www.prolific.com/pricing,2026-07-12,0.4283999999999999,0.0,107.09999999999998,0.0,107.09999999999998
sst2,random,250,3,sentence_transformer_logreg,sentence-transformers/all-MiniLM-L6-v2,0.7512198253723678,0.752,low,Amazon Mechanical Turk,https://www.mturk.com/pricing,2026-07-12,0.04,0.0,10.0,0.0,10.0
sst2,random,250,4,sentence_transformer_logreg,sentence-transformers/all-MiniLM-L6-v2,0.7789944748618716,0.779,base,Prolific,https://www.prolific.com/pricing,2026-07-12,0.0951999999999999,0.0,23.799999999999997,0.0,23.799999999999997
sst2,random,250,4,sentence_transformer_logreg,sentence-transformers/all-MiniLM-L6-v2,0.7789944748618716,0.779,high,Prolific,https://www.prolific.com/pricing,2026-07-12,0.4283999999999999,0.0,107.09999999999998,0.0,107.09999999999998
sst2,random,250,4,sentence_transformer_logreg,sentence-transformers/all-MiniLM-L6-v2,0.7789944748618716,0.779,low,Amazon Mechanical Turk,https://www.mturk.com/pricing,2026-07-12,0.04,0.0,10.0,0.0,10.0
sst2,random,500,0,sentence_transformer_logreg,sentence-transformers/all-MiniLM-L6-v2,0.7939332343679353,0.794,base,Prolific,https://www.prolific.com/pricing,2026-07-12,0.0951999999999999,0.0,47.599999999999994,0.0,47.599999999999994
sst2,random,500,0,sentence_transformer_logreg,sentence-transformers/all-MiniLM-L6-v2,0.7939332343679353,0.794,high,Prolific,https://www.prolific.com/pricing,2026-07-12,0.4283999999999999,0.0,214.19999999999996,0.0,214.19999999999996
sst2,random,500,0,sentence_transformer_logreg,sentence-transformers/all-MiniLM-L6-v2,0.7939332343679353,0.794,low,Amazon Mechanical Turk,https://www.mturk.com/pricing,2026-07-12,0.04,0.0,20.0,0.0,20.0
sst2,random,500,1,sentence_transformer_logreg,sentence-transformers/all-MiniLM-L6-v2,0.78,0.78,base,Prolific,https://www.prolific.com/pricing,2026-07-12,0.0951999999999999,0.0,47.599999999999994,0.0,47.599999999999994
sst2,random,500,1,sentence_transformer_logreg,sentence-transformers/all-MiniLM-L6-v2,0.78,0.78,high,Prolific,https://www.prolific.com/pricing,2026-07-12,0.4283999999999999,0.0,214.19999999999996,0.0,214.19999999999996
sst2,random,500,1,sentence_transformer_logreg,sentence-transformers/all-MiniLM-L6-v2,0.78,0.78,low,Amazon Mechanical Turk,https://www.mturk.com/pricing,2026-07-12,0.04,0.0,20.0,0.0,20.0
sst2,random,500,2,sentence_transformer_logreg,sentence-transformers/all-MiniLM-L6-v2,0.7909077903355379,0.791,base,Prolific,https://www.prolific.com/pricing,2026-07-12,0.0951999999999999,0.0,47.599999999999994,0.0,47.599999999999994
sst2,random,500,2,sentence_transformer_logreg,sentence-transformers/all-MiniLM-L6-v2,0.7909077903355379,0.791,high,Prolific,https://www.prolific.com/pricing,2026-07-12,0.4283999999999999,0.0,214.19999999999996,0.0,214.19999999999996
sst2,random,500,2,sentence_transformer_logreg,sentence-transformers/all-MiniLM-L6-v2,0.7909077903355379,0.791,low,Amazon Mechanical Turk,https://www.mturk.com/pricing,2026-07-12,0.04,0.0,20.0,0.0,20.0
sst2,random,500,3,sentence_transformer_logreg,sentence-transformers/all-MiniLM-L6-v2,0.790999790999791,0.791,base,Prolific,https://www.prolific.com/pricing,2026-07-12,0.0951999999999999,0.0,47.599999999999994,0.0,47.599999999999994
sst2,random,500,3,sentence_transformer_logreg,sentence-transformers/all-MiniLM-L6-v2,0.790999790999791,0.791,high,Prolific,https://www.prolific.com/pricing,2026-07-12,0.4283999999999999,0.0,214.19999999999996,0.0,214.19999999999996
sst2,random,500,3,sentence_transformer_logreg,sentence-transformers/all-MiniLM-L6-v2,0.790999790999791,0.791,low,Amazon Mechanical Turk,https://www.mturk.com/pricing,2026-07-12,0.04,0.0,20.0,0.0,20.0
sst2,random,500,4,sentence_transformer_logreg,sentence-transformers/all-MiniLM-L6-v2,0.8069982629843668,0.807,base,Prolific,https://www.prolific.com/pricing,2026-07-12,0.0951999999999999,0.0,47.599999999999994,0.0,47.599999999999994
sst2,random,500,4,sentence_transformer_logreg,sentence-transformers/all-MiniLM-L6-v2,0.8069982629843668,0.807,high,Prolific,https://www.prolific.com/pricing,2026-07-12,0.4283999999999999,0.0,214.19999999999996,0.0,214.19999999999996
sst2,random,500,4,sentence_transformer_logreg,sentence-transformers/all-MiniLM-L6-v2,0.8069982629843668,0.807,low,Amazon Mechanical Turk,https://www.mturk.com/pricing,2026-07-12,0.04,0.0,20.0,0.0,20.0
sst2,random,1000,0,sentence_transformer_logreg,sentence-transformers/all-MiniLM-L6-v2,0.7989901505173753,0.799,base,Prolific,https://www.prolific.com/pricing,2026-07-12,0.0951999999999999,0.0,95.2,0.0,95.2
sst2,random,1000,0,sentence_transformer_logreg,sentence-transformers/all-MiniLM-L6-v2,0.7989901505173753,0.799,high,Prolific,https://www.prolific.com/pricing,2026-07-12,0.4283999999999999,0.0,428.3999999999999,0.0,428.3999999999999
sst2,random,1000,0,sentence_transformer_logreg,sentence-transformers/all-MiniLM-L6-v2,0.7989901505173753,0.799,low,Amazon Mechanical Turk,https://www.mturk.com/pricing,2026-07-12,0.04,0.0,40.0,0.0,40.0
sst2,random,1000,1,sentence_transformer_logreg,sentence-transformers/all-MiniLM-L6-v2,0.7949948748718718,0.795,base,Prolific,https://www.prolific.com/pricing,2026-07-12,0.0951999999999999,0.0,95.2,0.0,95.2
sst2,random,1000,1,sentence_transformer_logreg,sentence-transformers/all-MiniLM-L6-v2,0.7949948748718718,0.795,high,Prolific,https://www.prolific.com/pricing,2026-07-12,0.4283999999999999,0.0,428.3999999999999,0.0,428.3999999999999
sst2,random,1000,1,sentence_transformer_logreg,sentence-transformers/all-MiniLM-L6-v2,0.7949948748718718,0.795,low,Amazon Mechanical Turk,https://www.mturk.com/pricing,2026-07-12,0.04,0.0,40.0,0.0,40.0
sst2,random,1000,2,sentence_transformer_logreg,sentence-transformers/all-MiniLM-L6-v2,0.7989547648220849,0.799,base,Prolific,https://www.prolific.com/pricing,2026-07-12,0.0951999999999999,0.0,95.2,0.0,95.2
sst2,random,1000,2,sentence_transformer_logreg,sentence-transformers/all-MiniLM-L6-v2,0.7989547648220849,0.799,high,Prolific,https://www.prolific.com/pricing,2026-07-12,0.4283999999999999,0.0,428.3999999999999,0.0,428.3999999999999
sst2,random,1000,2,sentence_transformer_logreg,sentence-transformers/all-MiniLM-L6-v2,0.7989547648220849,0.799,low,Amazon Mechanical Turk,https://www.mturk.com/pricing,2026-07-12,0.04,0.0,40.0,0.0,40.0
sst2,random,1000,3,sentence_transformer_logreg,sentence-transformers/all-MiniLM-L6-v2,0.7959477626272327,0.796,base,Prolific,https://www.prolific.com/pricing,2026-07-12,0.0951999999999999,0.0,95.2,0.0,95.2
sst2,random,1000,3,sentence_transformer_logreg,sentence-transformers/all-MiniLM-L6-v2,0.7959477626272327,0.796,high,Prolific,https://www.prolific.com/pricing,2026-07-12,0.4283999999999999,0.0,428.3999999999999,0.0,428.3999999999999
sst2,random,1000,3,sentence_transformer_logreg,sentence-transformers/all-MiniLM-L6-v2,0.7959477626272327,0.796,low,Amazon Mechanical Turk,https://www.mturk.com/pricing,2026-07-12,0.04,0.0,40.0,0.0,40.0
sst2,random,1000,4,sentence_transformer_logreg,sentence-transformers/all-MiniLM-L6-v2,0.7979927277381986,0.798,base,Prolific,https://www.prolific.com/pricing,2026-07-12,0.0951999999999999,0.0,95.2,0.0,95.2
sst2,random,1000,4,sentence_transformer_logreg,sentence-transformers/all-MiniLM-L6-v2,0.7979927277381986,0.798,high,Prolific,https://www.prolific.com/pricing,2026-07-12,0.4283999999999999,0.0,428.3999999999999,0.0,428.3999999999999
sst2,random,1000,4,sentence_transformer_logreg,sentence-transformers/all-MiniLM-L6-v2,0.7979927277381986,0.798,low,Amazon Mechanical Turk,https://www.mturk.com/pricing,2026-07-12,0.04,0.0,40.0,0.0,40.0
sst2,uncertainty_al,50,0,sentence_transformer_logreg,sentence-transformers/all-MiniLM-L6-v2,0.364846025094574,0.523,base,Prolific,https://www.prolific.com/pricing,2026-07-12,0.0951999999999999,0.002,4.76,0.1,4.859999999999999
sst2,uncertainty_al,50,0,sentence_transformer_logreg,sentence-transformers/all-MiniLM-L6-v2,0.364846025094574,0.523,high,Prolific,https://www.prolific.com/pricing,2026-07-12,0.4283999999999999,0.002,21.42,0.1,21.52
sst2,uncertainty_al,50,0,sentence_transformer_logreg,sentence-transformers/all-MiniLM-L6-v2,0.364846025094574,0.523,low,Amazon Mechanical Turk,https://www.mturk.com/pricing,2026-07-12,0.04,0.002,2.0,0.1,2.1
sst2,uncertainty_al,50,1,sentence_transformer_logreg,sentence-transformers/all-MiniLM-L6-v2,0.6811318762538274,0.698,base,Prolific,https://www.prolific.com/pricing,2026-07-12,0.0951999999999999,0.002,4.76,0.1,4.859999999999999
sst2,uncertainty_al,50,1,sentence_transformer_logreg,sentence-transformers/all-MiniLM-L6-v2,0.6811318762538274,0.698,high,Prolific,https://www.prolific.com/pricing,2026-07-12,0.4283999999999999,0.002,21.42,0.1,21.52
sst2,uncertainty_al,50,1,sentence_transformer_logreg,sentence-transformers/all-MiniLM-L6-v2,0.6811318762538274,0.698,low,Amazon Mechanical Turk,https://www.mturk.com/pricing,2026-07-12,0.04,0.002,2.0,0.1,2.1
sst2,uncertainty_al,50,2,sentence_transformer_logreg,sentence-transformers/all-MiniLM-L6-v2,0.4043285458997948,0.541,base,Prolific,https://www.prolific.com/pricing,2026-07-12,0.0951999999999999,0.002,4.76,0.1,4.859999999999999
sst2,uncertainty_al,50,2,sentence_transformer_logreg,sentence-transformers/all-MiniLM-L6-v2,0.4043285458997948,0.541,high,Prolific,https://www.prolific.com/pricing,2026-07-12,0.4283999999999999,0.002,21.42,0.1,21.52
sst2,uncertainty_al,50,2,sentence_transformer_logreg,sentence-transformers/all-MiniLM-L6-v2,0.4043285458997948,0.541,low,Amazon Mechanical Turk,https://www.mturk.com/pricing,2026-07-12,0.04,0.002,2.0,0.1,2.1
sst2,uncertainty_al,50,3,sentence_transformer_logreg,sentence-transformers/all-MiniLM-L6-v2,0.6145295467584624,0.656,base,Prolific,https://www.prolific.com/pricing,2026-07-12,0.0951999999999999,0.002,4.76,0.1,4.859999999999999
sst2,uncertainty_al,50,3,sentence_transformer_logreg,sentence-transformers/all-MiniLM-L6-v2,0.6145295467584624,0.656,high,Prolific,https://www.prolific.com/pricing,2026-07-12,0.4283999999999999,0.002,21.42,0.1,21.52
sst2,uncertainty_al,50,3,sentence_transformer_logreg,sentence-transformers/all-MiniLM-L6-v2,0.6145295467584624,0.656,low,Amazon Mechanical Turk,https://www.mturk.com/pricing,2026-07-12,0.04,0.002,2.0,0.1,2.1
sst2,uncertainty_al,50,4,sentence_transformer_logreg,sentence-transformers/all-MiniLM-L6-v2,0.328408327736736,0.489,base,Prolific,https://www.prolific.com/pricing,2026-07-12,0.0951999999999999,0.002,4.76,0.1,4.859999999999999
sst2,uncertainty_al,50,4,sentence_transformer_logreg,sentence-transformers/all-MiniLM-L6-v2,0.328408327736736,0.489,high,Prolific,https://www.prolific.com/pricing,2026-07-12,0.4283999999999999,0.002,21.42,0.1,21.52
sst2,uncertainty_al,50,4,sentence_transformer_logreg,sentence-transformers/all-MiniLM-L6-v2,0.328408327736736,0.489,low,Amazon Mechanical Turk,https://www.mturk.com/pricing,2026-07-12,0.04,0.002,2.0,0.1,2.1
sst2,uncertainty_al,100,0,sentence_transformer_logreg,sentence-transformers/all-MiniLM-L6-v2,0.7126436781609196,0.72,base,Prolific,https://www.prolific.com/pricing,2026-07-12,0.0951999999999999,0.002,9.52,0.2,9.72
sst2,uncertainty_al,100,0,sentence_transformer_logreg,sentence-transformers/all-MiniLM-L6-v2,0.7126436781609196,0.72,high,Prolific,https://www.prolific.com/pricing,2026-07-12,0.4283999999999999,0.002,42.84,0.2,43.04
sst2,uncertainty_al,100,0,sentence_transformer_logreg,sentence-transformers/all-MiniLM-L6-v2,0.7126436781609196,0.72,low,Amazon Mechanical Turk,https://www.mturk.com/pricing,2026-07-12,0.04,0.002,4.0,0.2,4.2
sst2,uncertainty_al,100,1,sentence_transformer_logreg,sentence-transformers/all-MiniLM-L6-v2,0.7264293036541818,0.735,base,Prolific,https://www.prolific.com/pricing,2026-07-12,0.0951999999999999,0.002,9.52,0.2,9.72
sst2,uncertainty_al,100,1,sentence_transformer_logreg,sentence-transformers/all-MiniLM-L6-v2,0.7264293036541818,0.735,high,Prolific,https://www.prolific.com/pricing,2026-07-12,0.4283999999999999,0.002,42.84,0.2,43.04
sst2,uncertainty_al,100,1,sentence_transformer_logreg,sentence-transformers/all-MiniLM-L6-v2,0.7264293036541818,0.735,low,Amazon Mechanical Turk,https://www.mturk.com/pricing,2026-07-12,0.04,0.002,4.0,0.2,4.2
sst2,uncertainty_al,100,2,sentence_transformer_logreg,sentence-transformers/all-MiniLM-L6-v2,0.670009198493592,0.68,base,Prolific,https://www.prolific.com/pricing,2026-07-12,0.0951999999999999,0.002,9.52,0.2,9.72
sst2,uncertainty_al,100,2,sentence_transformer_logreg,sentence-transformers/all-MiniLM-L6-v2,0.670009198493592,0.68,high,Prolific,https://www.prolific.com/pricing,2026-07-12,0.4283999999999999,0.002,42.84,0.2,43.04
sst2,uncertainty_al,100,2,sentence_transformer_logreg,sentence-transformers/all-MiniLM-L6-v2,0.670009198493592,0.68,low,Amazon Mechanical Turk,https://www.mturk.com/pricing,2026-07-12,0.04,0.002,4.0,0.2,4.2
sst2,uncertainty_al,100,3,sentence_transformer_logreg,sentence-transformers/all-MiniLM-L6-v2,0.7245369466072468,0.725,base,Prolific,https://www.prolific.com/pricing,2026-07-12,0.0951999999999999,0.002,9.52,0.2,9.72
sst2,uncertainty_al,100,3,sentence_transformer_logreg,sentence-transformers/all-MiniLM-L6-v2,0.7245369466072468,0.725,high,Prolific,https://www.prolific.com/pricing,2026-07-12,0.4283999999999999,0.002,42.84,0.2,43.04
sst2,uncertainty_al,100,3,sentence_transformer_logreg,sentence-transformers/all-MiniLM-L6-v2,0.7245369466072468,0.725,low,Amazon Mechanical Turk,https://www.mturk.com/pricing,2026-07-12,0.04,0.002,4.0,0.2,4.2
sst2,uncertainty_al,100,4,sentence_transformer_logreg,sentence-transformers/all-MiniLM-L6-v2,0.7400022749800939,0.744,base,Prolific,https://www.prolific.com/pricing,2026-07-12,0.0951999999999999,0.002,9.52,0.2,9.72
sst2,uncertainty_al,100,4,sentence_transformer_logreg,sentence-transformers/all-MiniLM-L6-v2,0.7400022749800939,0.744,high,Prolific,https://www.prolific.com/pricing,2026-07-12,0.4283999999999999,0.002,42.84,0.2,43.04
sst2,uncertainty_al,100,4,sentence_transformer_logreg,sentence-transformers/all-MiniLM-L6-v2,0.7400022749800939,0.744,low,Amazon Mechanical Turk,https://www.mturk.com/pricing,2026-07-12,0.04,0.002,4.0,0.2,4.2
sst2,uncertainty_al,250,0,sentence_transformer_logreg,sentence-transformers/all-MiniLM-L6-v2,0.775942641316177,0.776,base,Prolific,https://www.prolific.com/pricing,2026-07-12,0.0951999999999999,0.002,23.799999999999997,0.5,24.299999999999997
sst2,uncertainty_al,250,0,sentence_transformer_logreg,sentence-transformers/all-MiniLM-L6-v2,0.775942641316177,0.776,high,Prolific,https://www.prolific.com/pricing,2026-07-12,0.4283999999999999,0.002,107.09999999999998,0.5,107.59999999999998
sst2,uncertainty_al,250,0,sentence_transformer_logreg,sentence-transformers/all-MiniLM-L6-v2,0.775942641316177,0.776,low,Amazon Mechanical Turk,https://www.mturk.com/pricing,2026-07-12,0.04,0.002,10.0,0.5,10.5
sst2,uncertainty_al,250,1,sentence_transformer_logreg,sentence-transformers/all-MiniLM-L6-v2,0.7801273253543313,0.781,base,Prolific,https://www.prolific.com/pricing,2026-07-12,0.0951999999999999,0.002,23.799999999999997,0.5,24.299999999999997
sst2,uncertainty_al,250,1,sentence_transformer_logreg,sentence-transformers/all-MiniLM-L6-v2,0.7801273253543313,0.781,high,Prolific,https://www.prolific.com/pricing,2026-07-12,0.4283999999999999,0.002,107.09999999999998,0.5,107.59999999999998
sst2,uncertainty_al,250,1,sentence_transformer_logreg,sentence-transformers/all-MiniLM-L6-v2,0.7801273253543313,0.781,low,Amazon Mechanical Turk,https://www.mturk.com/pricing,2026-07-12,0.04,0.002,10.0,0.5,10.5
sst2,uncertainty_al,250,2,sentence_transformer_logreg,sentence-transformers/all-MiniLM-L6-v2,0.7599039615846338,0.76,base,Prolific,https://www.prolific.com/pricing,2026-07-12,0.0951999999999999,0.002,23.799999999999997,0.5,24.299999999999997
sst2,uncertainty_al,250,2,sentence_transformer_logreg,sentence-transformers/all-MiniLM-L6-v2,0.7599039615846338,0.76,high,Prolific,https://www.prolific.com/pricing,2026-07-12,0.4283999999999999,0.002,107.09999999999998,0.5,107.59999999999998
sst2,uncertainty_al,250,2,sentence_transformer_logreg,sentence-transformers/all-MiniLM-L6-v2,0.7599039615846338,0.76,low,Amazon Mechanical Turk,https://www.mturk.com/pricing,2026-07-12,0.04,0.002,10.0,0.5,10.5
sst2,uncertainty_al,250,3,sentence_transformer_logreg,sentence-transformers/all-MiniLM-L6-v2,0.7771979124849459,0.778,base,Prolific,https://www.prolific.com/pricing,2026-07-12,0.0951999999999999,0.002,23.799999999999997,0.5,24.299999999999997
sst2,uncertainty_al,250,3,sentence_transformer_logreg,sentence-transformers/all-MiniLM-L6-v2,0.7771979124849459,0.778,high,Prolific,https://www.prolific.com/pricing,2026-07-12,0.4283999999999999,0.002,107.09999999999998,0.5,107.59999999999998
sst2,uncertainty_al,250,3,sentence_transformer_logreg,sentence-transformers/all-MiniLM-L6-v2,0.7771979124849459,0.778,low,Amazon Mechanical Turk,https://www.mturk.com/pricing,2026-07-12,0.04,0.002,10.0,0.5,10.5
sst2,uncertainty_al,250,4,sentence_transformer_logreg,sentence-transformers/all-MiniLM-L6-v2,0.7452009501797638,0.746,base,Prolific,https://www.prolific.com/pricing,2026-07-12,0.0951999999999999,0.002,23.799999999999997,0.5,24.299999999999997
sst2,uncertainty_al,250,4,sentence_transformer_logreg,sentence-transformers/all-MiniLM-L6-v2,0.7452009501797638,0.746,high,Prolific,https://www.prolific.com/pricing,2026-07-12,0.4283999999999999,0.002,107.09999999999998,0.5,107.59999999999998
sst2,uncertainty_al,250,4,sentence_transformer_logreg,sentence-transformers/all-MiniLM-L6-v2,0.7452009501797638,0.746,low,Amazon Mechanical Turk,https://www.mturk.com/pricing,2026-07-12,0.04,0.002,10.0,0.5,10.5
sst2,uncertainty_al,500,0,sentence_transformer_logreg,sentence-transformers/all-MiniLM-L6-v2,0.7936698717948718,0.794,base,Prolific,https://www.prolific.com/pricing,2026-07-12,0.0951999999999999,0.002,47.599999999999994,1.0,48.599999999999994
sst2,uncertainty_al,500,0,sentence_transformer_logreg,sentence-transformers/all-MiniLM-L6-v2,0.7936698717948718,0.794,high,Prolific,https://www.prolific.com/pricing,2026-07-12,0.4283999999999999,0.002,214.19999999999996,1.0,215.19999999999996
sst2,uncertainty_al,500,0,sentence_transformer_logreg,sentence-transformers/all-MiniLM-L6-v2,0.7936698717948718,0.794,low,Amazon Mechanical Turk,https://www.mturk.com/pricing,2026-07-12,0.04,0.002,20.0,1.0,21.0
sst2,uncertainty_al,500,1,sentence_transformer_logreg,sentence-transformers/all-MiniLM-L6-v2,0.7839248139128188,0.786,base,Prolific,https://www.prolific.com/pricing,2026-07-12,0.0951999999999999,0.002,47.599999999999994,1.0,48.599999999999994
sst2,uncertainty_al,500,1,sentence_transformer_logreg,sentence-transformers/all-MiniLM-L6-v2,0.7839248139128188,0.786,high,Prolific,https://www.prolific.com/pricing,2026-07-12,0.4283999999999999,0.002,214.19999999999996,1.0,215.19999999999996
sst2,uncertainty_al,500,1,sentence_transformer_logreg,sentence-transformers/all-MiniLM-L6-v2,0.7839248139128188,0.786,low,Amazon Mechanical Turk,https://www.mturk.com/pricing,2026-07-12,0.04,0.002,20.0,1.0,21.0
sst2,uncertainty_al,500,2,sentence_transformer_logreg,sentence-transformers/all-MiniLM-L6-v2,0.79098306962864,0.791,base,Prolific,https://www.prolific.com/pricing,2026-07-12,0.0951999999999999,0.002,47.599999999999994,1.0,48.599999999999994
sst2,uncertainty_al,500,2,sentence_transformer_logreg,sentence-transformers/all-MiniLM-L6-v2,0.79098306962864,0.791,high,Prolific,https://www.prolific.com/pricing,2026-07-12,0.4283999999999999,0.002,214.19999999999996,1.0,215.19999999999996
sst2,uncertainty_al,500,2,sentence_transformer_logreg,sentence-transformers/all-MiniLM-L6-v2,0.79098306962864,0.791,low,Amazon Mechanical Turk,https://www.mturk.com/pricing,2026-07-12,0.04,0.002,20.0,1.0,21.0
sst2,uncertainty_al,500,3,sentence_transformer_logreg,sentence-transformers/all-MiniLM-L6-v2,0.7881047425372197,0.789,base,Prolific,https://www.prolific.com/pricing,2026-07-12,0.0951999999999999,0.002,47.599999999999994,1.0,48.599999999999994
sst2,uncertainty_al,500,3,sentence_transformer_logreg,sentence-transformers/all-MiniLM-L6-v2,0.7881047425372197,0.789,high,Prolific,https://www.prolific.com/pricing,2026-07-12,0.4283999999999999,0.002,214.19999999999996,1.0,215.19999999999996
sst2,uncertainty_al,500,3,sentence_transformer_logreg,sentence-transformers/all-MiniLM-L6-v2,0.7881047425372197,0.789,low,Amazon Mechanical Turk,https://www.mturk.com/pricing,2026-07-12,0.04,0.002,20.0,1.0,21.0
sst2,uncertainty_al,500,4,sentence_transformer_logreg,sentence-transformers/all-MiniLM-L6-v2,0.7848190328065904,0.785,base,Prolific,https://www.prolific.com/pricing,2026-07-12,0.0951999999999999,0.002,47.599999999999994,1.0,48.599999999999994
sst2,uncertainty_al,500,4,sentence_transformer_logreg,sentence-transformers/all-MiniLM-L6-v2,0.7848190328065904,0.785,high,Prolific,https://www.prolific.com/pricing,2026-07-12,0.4283999999999999,0.002,214.19999999999996,1.0,215.19999999999996
sst2,uncertainty_al,500,4,sentence_transformer_logreg,sentence-transformers/all-MiniLM-L6-v2,0.7848190328065904,0.785,low,Amazon Mechanical Turk,https://www.mturk.com/pricing,2026-07-12,0.04,0.002,20.0,1.0,21.0
sst2,uncertainty_al,1000,0,sentence_transformer_logreg,sentence-transformers/all-MiniLM-L6-v2,0.8019492990205492,0.802,base,Prolific,https://www.prolific.com/pricing,2026-07-12,0.0951999999999999,0.002,95.2,2.0,97.2
sst2,uncertainty_al,1000,0,sentence_transformer_logreg,sentence-transformers/all-MiniLM-L6-v2,0.8019492990205492,0.802,high,Prolific,https://www.prolific.com/pricing,2026-07-12,0.4283999999999999,0.002,428.3999999999999,2.0,430.3999999999999
sst2,uncertainty_al,1000,0,sentence_transformer_logreg,sentence-transformers/all-MiniLM-L6-v2,0.8019492990205492,0.802,low,Amazon Mechanical Turk,https://www.mturk.com/pricing,2026-07-12,0.04,0.002,40.0,2.0,42.0
sst2,uncertainty_al,1000,1,sentence_transformer_logreg,sentence-transformers/all-MiniLM-L6-v2,0.7969104375029388,0.797,base,Prolific,https://www.prolific.com/pricing,2026-07-12,0.0951999999999999,0.002,95.2,2.0,97.2
sst2,uncertainty_al,1000,1,sentence_transformer_logreg,sentence-transformers/all-MiniLM-L6-v2,0.7969104375029388,0.797,high,Prolific,https://www.prolific.com/pricing,2026-07-12,0.4283999999999999,0.002,428.3999999999999,2.0,430.3999999999999
sst2,uncertainty_al,1000,1,sentence_transformer_logreg,sentence-transformers/all-MiniLM-L6-v2,0.7969104375029388,0.797,low,Amazon Mechanical Turk,https://www.mturk.com/pricing,2026-07-12,0.04,0.002,40.0,2.0,42.0
sst2,uncertainty_al,1000,2,sentence_transformer_logreg,sentence-transformers/all-MiniLM-L6-v2,0.7959477626272327,0.796,base,Prolific,https://www.prolific.com/pricing,2026-07-12,0.0951999999999999,0.002,95.2,2.0,97.2
sst2,uncertainty_al,1000,2,sentence_transformer_logreg,sentence-transformers/all-MiniLM-L6-v2,0.7959477626272327,0.796,high,Prolific,https://www.prolific.com/pricing,2026-07-12,0.4283999999999999,0.002,428.3999999999999,2.0,430.3999999999999
sst2,uncertainty_al,1000,2,sentence_transformer_logreg,sentence-transformers/all-MiniLM-L6-v2,0.7959477626272327,0.796,low,Amazon Mechanical Turk,https://www.mturk.com/pricing,2026-07-12,0.04,0.002,40.0,2.0,42.0
sst2,uncertainty_al,1000,3,sentence_transformer_logreg,sentence-transformers/all-MiniLM-L6-v2,0.7989901505173753,0.799,base,Prolific,https://www.prolific.com/pricing,2026-07-12,0.0951999999999999,0.002,95.2,2.0,97.2
sst2,uncertainty_al,1000,3,sentence_transformer_logreg,sentence-transformers/all-MiniLM-L6-v2,0.7989901505173753,0.799,high,Prolific,https://www.prolific.com/pricing,2026-07-12,0.4283999999999999,0.002,428.3999999999999,2.0,430.3999999999999
sst2,uncertainty_al,1000,3,sentence_transformer_logreg,sentence-transformers/all-MiniLM-L6-v2,0.7989901505173753,0.799,low,Amazon Mechanical Turk,https://www.mturk.com/pricing,2026-07-12,0.04,0.002,40.0,2.0,42.0
sst2,uncertainty_al,1000,4,sentence_transformer_logreg,sentence-transformers/all-MiniLM-L6-v2,0.7989981909837188,0.799,base,Prolific,https://www.prolific.com/pricing,2026-07-12,0.0951999999999999,0.002,95.2,2.0,97.2
sst2,uncertainty_al,1000,4,sentence_transformer_logreg,sentence-transformers/all-MiniLM-L6-v2,0.7989981909837188,0.799,high,Prolific,https://www.prolific.com/pricing,2026-07-12,0.4283999999999999,0.002,428.3999999999999,2.0,430.3999999999999
sst2,uncertainty_al,1000,4,sentence_transformer_logreg,sentence-transformers/all-MiniLM-L6-v2,0.7989981909837188,0.799,low,Amazon Mechanical Turk,https://www.mturk.com/pricing,2026-07-12,0.04,0.002,40.0,2.0,42.0
trec,diversity_al,50,0,sentence_transformer_logreg,sentence-transformers/all-MiniLM-L6-v2,0.1644953909612463,0.266,base,Prolific,https://www.prolific.com/pricing,2026-07-12,0.0951999999999999,0.003,4.76,0.15,4.91
trec,diversity_al,50,0,sentence_transformer_logreg,sentence-transformers/all-MiniLM-L6-v2,0.1644953909612463,0.266,high,Prolific,https://www.prolific.com/pricing,2026-07-12,0.4283999999999999,0.003,21.42,0.15,21.569999999999997
trec,diversity_al,50,0,sentence_transformer_logreg,sentence-transformers/all-MiniLM-L6-v2,0.1644953909612463,0.266,low,Amazon Mechanical Turk,https://www.mturk.com/pricing,2026-07-12,0.04,0.003,2.0,0.15,2.15
trec,diversity_al,50,1,sentence_transformer_logreg,sentence-transformers/all-MiniLM-L6-v2,0.1729062906268933,0.278,base,Prolific,https://www.prolific.com/pricing,2026-07-12,0.0951999999999999,0.003,4.76,0.15,4.91
trec,diversity_al,50,1,sentence_transformer_logreg,sentence-transformers/all-MiniLM-L6-v2,0.1729062906268933,0.278,high,Prolific,https://www.prolific.com/pricing,2026-07-12,0.4283999999999999,0.003,21.42,0.15,21.569999999999997
trec,diversity_al,50,1,sentence_transformer_logreg,sentence-transformers/all-MiniLM-L6-v2,0.1729062906268933,0.278,low,Amazon Mechanical Turk,https://www.mturk.com/pricing,2026-07-12,0.04,0.003,2.0,0.15,2.15
trec,diversity_al,50,2,sentence_transformer_logreg,sentence-transformers/all-MiniLM-L6-v2,0.2329594729851908,0.386,base,Prolific,https://www.prolific.com/pricing,2026-07-12,0.0951999999999999,0.003,4.76,0.15,4.91
trec,diversity_al,50,2,sentence_transformer_logreg,sentence-transformers/all-MiniLM-L6-v2,0.2329594729851908,0.386,high,Prolific,https://www.prolific.com/pricing,2026-07-12,0.4283999999999999,0.003,21.42,0.15,21.569999999999997
trec,diversity_al,50,2,sentence_transformer_logreg,sentence-transformers/all-MiniLM-L6-v2,0.2329594729851908,0.386,low,Amazon Mechanical Turk,https://www.mturk.com/pricing,2026-07-12,0.04,0.003,2.0,0.15,2.15
trec,diversity_al,50,3,sentence_transformer_logreg,sentence-transformers/all-MiniLM-L6-v2,0.1382078853046595,0.254,base,Prolific,https://www.prolific.com/pricing,2026-07-12,0.0951999999999999,0.003,4.76,0.15,4.91
trec,diversity_al,50,3,sentence_transformer_logreg,sentence-transformers/all-MiniLM-L6-v2,0.1382078853046595,0.254,high,Prolific,https://www.prolific.com/pricing,2026-07-12,0.4283999999999999,0.003,21.42,0.15,21.569999999999997
trec,diversity_al,50,3,sentence_transformer_logreg,sentence-transformers/all-MiniLM-L6-v2,0.1382078853046595,0.254,low,Amazon Mechanical Turk,https://www.mturk.com/pricing,2026-07-12,0.04,0.003,2.0,0.15,2.15
trec,diversity_al,50,4,sentence_transformer_logreg,sentence-transformers/all-MiniLM-L6-v2,0.2318241433764283,0.36,base,Prolific,https://www.prolific.com/pricing,2026-07-12,0.0951999999999999,0.003,4.76,0.15,4.91
trec,diversity_al,50,4,sentence_transformer_logreg,sentence-transformers/all-MiniLM-L6-v2,0.2318241433764283,0.36,high,Prolific,https://www.prolific.com/pricing,2026-07-12,0.4283999999999999,0.003,21.42,0.15,21.569999999999997
trec,diversity_al,50,4,sentence_transformer_logreg,sentence-transformers/all-MiniLM-L6-v2,0.2318241433764283,0.36,low,Amazon Mechanical Turk,https://www.mturk.com/pricing,2026-07-12,0.04,0.003,2.0,0.15,2.15
trec,diversity_al,100,0,sentence_transformer_logreg,sentence-transformers/all-MiniLM-L6-v2,0.345831821755158,0.456,base,Prolific,https://www.prolific.com/pricing,2026-07-12,0.0951999999999999,0.003,9.52,0.3,9.82
trec,diversity_al,100,0,sentence_transformer_logreg,sentence-transformers/all-MiniLM-L6-v2,0.345831821755158,0.456,high,Prolific,https://www.prolific.com/pricing,2026-07-12,0.4283999999999999,0.003,42.84,0.3,43.13999999999999
trec,diversity_al,100,0,sentence_transformer_logreg,sentence-transformers/all-MiniLM-L6-v2,0.345831821755158,0.456,low,Amazon Mechanical Turk,https://www.mturk.com/pricing,2026-07-12,0.04,0.003,4.0,0.3,4.3
trec,diversity_al,100,1,sentence_transformer_logreg,sentence-transformers/all-MiniLM-L6-v2,0.3239453973068963,0.406,base,Prolific,https://www.prolific.com/pricing,2026-07-12,0.0951999999999999,0.003,9.52,0.3,9.82
trec,diversity_al,100,1,sentence_transformer_logreg,sentence-transformers/all-MiniLM-L6-v2,0.3239453973068963,0.406,high,Prolific,https://www.prolific.com/pricing,2026-07-12,0.4283999999999999,0.003,42.84,0.3,43.13999999999999
trec,diversity_al,100,1,sentence_transformer_logreg,sentence-transformers/all-MiniLM-L6-v2,0.3239453973068963,0.406,low,Amazon Mechanical Turk,https://www.mturk.com/pricing,2026-07-12,0.04,0.003,4.0,0.3,4.3
trec,diversity_al,100,2,sentence_transformer_logreg,sentence-transformers/all-MiniLM-L6-v2,0.3007939312678915,0.422,base,Prolific,https://www.prolific.com/pricing,2026-07-12,0.0951999999999999,0.003,9.52,0.3,9.82
trec,diversity_al,100,2,sentence_transformer_logreg,sentence-transformers/all-MiniLM-L6-v2,0.3007939312678915,0.422,high,Prolific,https://www.prolific.com/pricing,2026-07-12,0.4283999999999999,0.003,42.84,0.3,43.13999999999999
trec,diversity_al,100,2,sentence_transformer_logreg,sentence-transformers/all-MiniLM-L6-v2,0.3007939312678915,0.422,low,Amazon Mechanical Turk,https://www.mturk.com/pricing,2026-07-12,0.04,0.003,4.0,0.3,4.3
trec,diversity_al,100,3,sentence_transformer_logreg,sentence-transformers/all-MiniLM-L6-v2,0.3525990113670234,0.472,base,Prolific,https://www.prolific.com/pricing,2026-07-12,0.0951999999999999,0.003,9.52,0.3,9.82
trec,diversity_al,100,3,sentence_transformer_logreg,sentence-transformers/all-MiniLM-L6-v2,0.3525990113670234,0.472,high,Prolific,https://www.prolific.com/pricing,2026-07-12,0.4283999999999999,0.003,42.84,0.3,43.13999999999999
trec,diversity_al,100,3,sentence_transformer_logreg,sentence-transformers/all-MiniLM-L6-v2,0.3525990113670234,0.472,low,Amazon Mechanical Turk,https://www.mturk.com/pricing,2026-07-12,0.04,0.003,4.0,0.3,4.3
trec,diversity_al,100,4,sentence_transformer_logreg,sentence-transformers/all-MiniLM-L6-v2,0.3187153295761852,0.418,base,Prolific,https://www.prolific.com/pricing,2026-07-12,0.0951999999999999,0.003,9.52,0.3,9.82
trec,diversity_al,100,4,sentence_transformer_logreg,sentence-transformers/all-MiniLM-L6-v2,0.3187153295761852,0.418,high,Prolific,https://www.prolific.com/pricing,2026-07-12,0.4283999999999999,0.003,42.84,0.3,43.13999999999999
trec,diversity_al,100,4,sentence_transformer_logreg,sentence-transformers/all-MiniLM-L6-v2,0.3187153295761852,0.418,low,Amazon Mechanical Turk,https://www.mturk.com/pricing,2026-07-12,0.04,0.003,4.0,0.3,4.3
trec,diversity_al,250,0,sentence_transformer_logreg,sentence-transformers/all-MiniLM-L6-v2,0.5557996457114397,0.678,base,Prolific,https://www.prolific.com/pricing,2026-07-12,0.0951999999999999,0.003,23.799999999999997,0.75,24.549999999999997
trec,diversity_al,250,0,sentence_transformer_logreg,sentence-transformers/all-MiniLM-L6-v2,0.5557996457114397,0.678,high,Prolific,https://www.prolific.com/pricing,2026-07-12,0.4283999999999999,0.003,107.09999999999998,0.75,107.84999999999998
trec,diversity_al,250,0,sentence_transformer_logreg,sentence-transformers/all-MiniLM-L6-v2,0.5557996457114397,0.678,low,Amazon Mechanical Turk,https://www.mturk.com/pricing,2026-07-12,0.04,0.003,10.0,0.75,10.75
trec,diversity_al,250,1,sentence_transformer_logreg,sentence-transformers/all-MiniLM-L6-v2,0.5309193111506765,0.652,base,Prolific,https://www.prolific.com/pricing,2026-07-12,0.0951999999999999,0.003,23.799999999999997,0.75,24.549999999999997
trec,diversity_al,250,1,sentence_transformer_logreg,sentence-transformers/all-MiniLM-L6-v2,0.5309193111506765,0.652,high,Prolific,https://www.prolific.com/pricing,2026-07-12,0.4283999999999999,0.003,107.09999999999998,0.75,107.84999999999998
trec,diversity_al,250,1,sentence_transformer_logreg,sentence-transformers/all-MiniLM-L6-v2,0.5309193111506765,0.652,low,Amazon Mechanical Turk,https://www.mturk.com/pricing,2026-07-12,0.04,0.003,10.0,0.75,10.75
trec,diversity_al,250,2,sentence_transformer_logreg,sentence-transformers/all-MiniLM-L6-v2,0.559785570242319,0.68,base,Prolific,https://www.prolific.com/pricing,2026-07-12,0.0951999999999999,0.003,23.799999999999997,0.75,24.549999999999997
trec,diversity_al,250,2,sentence_transformer_logreg,sentence-transformers/all-MiniLM-L6-v2,0.559785570242319,0.68,high,Prolific,https://www.prolific.com/pricing,2026-07-12,0.4283999999999999,0.003,107.09999999999998,0.75,107.84999999999998
trec,diversity_al,250,2,sentence_transformer_logreg,sentence-transformers/all-MiniLM-L6-v2,0.559785570242319,0.68,low,Amazon Mechanical Turk,https://www.mturk.com/pricing,2026-07-12,0.04,0.003,10.0,0.75,10.75
trec,diversity_al,250,3,sentence_transformer_logreg,sentence-transformers/all-MiniLM-L6-v2,0.5638229950723209,0.678,base,Prolific,https://www.prolific.com/pricing,2026-07-12,0.0951999999999999,0.003,23.799999999999997,0.75,24.549999999999997
trec,diversity_al,250,3,sentence_transformer_logreg,sentence-transformers/all-MiniLM-L6-v2,0.5638229950723209,0.678,high,Prolific,https://www.prolific.com/pricing,2026-07-12,0.4283999999999999,0.003,107.09999999999998,0.75,107.84999999999998
trec,diversity_al,250,3,sentence_transformer_logreg,sentence-transformers/all-MiniLM-L6-v2,0.5638229950723209,0.678,low,Amazon Mechanical Turk,https://www.mturk.com/pricing,2026-07-12,0.04,0.003,10.0,0.75,10.75
trec,diversity_al,250,4,sentence_transformer_logreg,sentence-transformers/all-MiniLM-L6-v2,0.5615859389579815,0.68,base,Prolific,https://www.prolific.com/pricing,2026-07-12,0.0951999999999999,0.003,23.799999999999997,0.75,24.549999999999997
trec,diversity_al,250,4,sentence_transformer_logreg,sentence-transformers/all-MiniLM-L6-v2,0.5615859389579815,0.68,high,Prolific,https://www.prolific.com/pricing,2026-07-12,0.4283999999999999,0.003,107.09999999999998,0.75,107.84999999999998
trec,diversity_al,250,4,sentence_transformer_logreg,sentence-transformers/all-MiniLM-L6-v2,0.5615859389579815,0.68,low,Amazon Mechanical Turk,https://www.mturk.com/pricing,2026-07-12,0.04,0.003,10.0,0.75,10.75
trec,diversity_al,500,0,sentence_transformer_logreg,sentence-transformers/all-MiniLM-L6-v2,0.6572876102561754,0.794,base,Prolific,https://www.prolific.com/pricing,2026-07-12,0.0951999999999999,0.003,47.599999999999994,1.5,49.099999999999994
trec,diversity_al,500,0,sentence_transformer_logreg,sentence-transformers/all-MiniLM-L6-v2,0.6572876102561754,0.794,high,Prolific,https://www.prolific.com/pricing,2026-07-12,0.4283999999999999,0.003,214.19999999999996,1.5,215.69999999999996
trec,diversity_al,500,0,sentence_transformer_logreg,sentence-transformers/all-MiniLM-L6-v2,0.6572876102561754,0.794,low,Amazon Mechanical Turk,https://www.mturk.com/pricing,2026-07-12,0.04,0.003,20.0,1.5,21.5
trec,diversity_al,500,1,sentence_transformer_logreg,sentence-transformers/all-MiniLM-L6-v2,0.6372379993116991,0.77,base,Prolific,https://www.prolific.com/pricing,2026-07-12,0.0951999999999999,0.003,47.599999999999994,1.5,49.099999999999994
trec,diversity_al,500,1,sentence_transformer_logreg,sentence-transformers/all-MiniLM-L6-v2,0.6372379993116991,0.77,high,Prolific,https://www.prolific.com/pricing,2026-07-12,0.4283999999999999,0.003,214.19999999999996,1.5,215.69999999999996
trec,diversity_al,500,1,sentence_transformer_logreg,sentence-transformers/all-MiniLM-L6-v2,0.6372379993116991,0.77,low,Amazon Mechanical Turk,https://www.mturk.com/pricing,2026-07-12,0.04,0.003,20.0,1.5,21.5
trec,diversity_al,500,2,sentence_transformer_logreg,sentence-transformers/all-MiniLM-L6-v2,0.6395671628566365,0.774,base,Prolific,https://www.prolific.com/pricing,2026-07-12,0.0951999999999999,0.003,47.599999999999994,1.5,49.099999999999994
trec,diversity_al,500,2,sentence_transformer_logreg,sentence-transformers/all-MiniLM-L6-v2,0.6395671628566365,0.774,high,Prolific,https://www.prolific.com/pricing,2026-07-12,0.4283999999999999,0.003,214.19999999999996,1.5,215.69999999999996
trec,diversity_al,500,2,sentence_transformer_logreg,sentence-transformers/all-MiniLM-L6-v2,0.6395671628566365,0.774,low,Amazon Mechanical Turk,https://www.mturk.com/pricing,2026-07-12,0.04,0.003,20.0,1.5,21.5
trec,diversity_al,500,3,sentence_transformer_logreg,sentence-transformers/all-MiniLM-L6-v2,0.67255049923277,0.812,base,Prolific,https://www.prolific.com/pricing,2026-07-12,0.0951999999999999,0.003,47.599999999999994,1.5,49.099999999999994
trec,diversity_al,500,3,sentence_transformer_logreg,sentence-transformers/all-MiniLM-L6-v2,0.67255049923277,0.812,high,Prolific,https://www.prolific.com/pricing,2026-07-12,0.4283999999999999,0.003,214.19999999999996,1.5,215.69999999999996
trec,diversity_al,500,3,sentence_transformer_logreg,sentence-transformers/all-MiniLM-L6-v2,0.67255049923277,0.812,low,Amazon Mechanical Turk,https://www.mturk.com/pricing,2026-07-12,0.04,0.003,20.0,1.5,21.5
trec,diversity_al,500,4,sentence_transformer_logreg,sentence-transformers/all-MiniLM-L6-v2,0.6586870583121461,0.79,base,Prolific,https://www.prolific.com/pricing,2026-07-12,0.0951999999999999,0.003,47.599999999999994,1.5,49.099999999999994
trec,diversity_al,500,4,sentence_transformer_logreg,sentence-transformers/all-MiniLM-L6-v2,0.6586870583121461,0.79,high,Prolific,https://www.prolific.com/pricing,2026-07-12,0.4283999999999999,0.003,214.19999999999996,1.5,215.69999999999996
trec,diversity_al,500,4,sentence_transformer_logreg,sentence-transformers/all-MiniLM-L6-v2,0.6586870583121461,0.79,low,Amazon Mechanical Turk,https://www.mturk.com/pricing,2026-07-12,0.04,0.003,20.0,1.5,21.5
trec,diversity_al,1000,0,sentence_transformer_logreg,sentence-transformers/all-MiniLM-L6-v2,0.7038243341142029,0.844,base,Prolific,https://www.prolific.com/pricing,2026-07-12,0.0951999999999999,0.003,95.2,3.0,98.2
trec,diversity_al,1000,0,sentence_transformer_logreg,sentence-transformers/all-MiniLM-L6-v2,0.7038243341142029,0.844,high,Prolific,https://www.prolific.com/pricing,2026-07-12,0.4283999999999999,0.003,428.3999999999999,3.0,431.3999999999999
trec,diversity_al,1000,0,sentence_transformer_logreg,sentence-transformers/all-MiniLM-L6-v2,0.7038243341142029,0.844,low,Amazon Mechanical Turk,https://www.mturk.com/pricing,2026-07-12,0.04,0.003,40.0,3.0,43.0
trec,diversity_al,1000,1,sentence_transformer_logreg,sentence-transformers/all-MiniLM-L6-v2,0.7023798590414089,0.844,base,Prolific,https://www.prolific.com/pricing,2026-07-12,0.0951999999999999,0.003,95.2,3.0,98.2
trec,diversity_al,1000,1,sentence_transformer_logreg,sentence-transformers/all-MiniLM-L6-v2,0.7023798590414089,0.844,high,Prolific,https://www.prolific.com/pricing,2026-07-12,0.4283999999999999,0.003,428.3999999999999,3.0,431.3999999999999
trec,diversity_al,1000,1,sentence_transformer_logreg,sentence-transformers/all-MiniLM-L6-v2,0.7023798590414089,0.844,low,Amazon Mechanical Turk,https://www.mturk.com/pricing,2026-07-12,0.04,0.003,40.0,3.0,43.0
trec,diversity_al,1000,2,sentence_transformer_logreg,sentence-transformers/all-MiniLM-L6-v2,0.6958356514247925,0.836,base,Prolific,https://www.prolific.com/pricing,2026-07-12,0.0951999999999999,0.003,95.2,3.0,98.2
trec,diversity_al,1000,2,sentence_transformer_logreg,sentence-transformers/all-MiniLM-L6-v2,0.6958356514247925,0.836,high,Prolific,https://www.prolific.com/pricing,2026-07-12,0.4283999999999999,0.003,428.3999999999999,3.0,431.3999999999999
trec,diversity_al,1000,2,sentence_transformer_logreg,sentence-transformers/all-MiniLM-L6-v2,0.6958356514247925,0.836,low,Amazon Mechanical Turk,https://www.mturk.com/pricing,2026-07-12,0.04,0.003,40.0,3.0,43.0
trec,diversity_al,1000,3,sentence_transformer_logreg,sentence-transformers/all-MiniLM-L6-v2,0.7019988879990039,0.844,base,Prolific,https://www.prolific.com/pricing,2026-07-12,0.0951999999999999,0.003,95.2,3.0,98.2
trec,diversity_al,1000,3,sentence_transformer_logreg,sentence-transformers/all-MiniLM-L6-v2,0.7019988879990039,0.844,high,Prolific,https://www.prolific.com/pricing,2026-07-12,0.4283999999999999,0.003,428.3999999999999,3.0,431.3999999999999
trec,diversity_al,1000,3,sentence_transformer_logreg,sentence-transformers/all-MiniLM-L6-v2,0.7019988879990039,0.844,low,Amazon Mechanical Turk,https://www.mturk.com/pricing,2026-07-12,0.04,0.003,40.0,3.0,43.0
trec,diversity_al,1000,4,sentence_transformer_logreg,sentence-transformers/all-MiniLM-L6-v2,0.6964370509345362,0.836,base,Prolific,https://www.prolific.com/pricing,2026-07-12,0.0951999999999999,0.003,95.2,3.0,98.2
trec,diversity_al,1000,4,sentence_transformer_logreg,sentence-transformers/all-MiniLM-L6-v2,0.6964370509345362,0.836,high,Prolific,https://www.prolific.com/pricing,2026-07-12,0.4283999999999999,0.003,428.3999999999999,3.0,431.3999999999999
trec,diversity_al,1000,4,sentence_transformer_logreg,sentence-transformers/all-MiniLM-L6-v2,0.6964370509345362,0.836,low,Amazon Mechanical Turk,https://www.mturk.com/pricing,2026-07-12,0.04,0.003,40.0,3.0,43.0
trec,hybrid_al,50,0,sentence_transformer_logreg,sentence-transformers/all-MiniLM-L6-v2,0.097950956263139,0.25,base,Prolific,https://www.prolific.com/pricing,2026-07-12,0.0951999999999999,0.004,4.76,0.2,4.96
trec,hybrid_al,50,0,sentence_transformer_logreg,sentence-transformers/all-MiniLM-L6-v2,0.097950956263139,0.25,high,Prolific,https://www.prolific.com/pricing,2026-07-12,0.4283999999999999,0.004,21.42,0.2,21.619999999999997
trec,hybrid_al,50,0,sentence_transformer_logreg,sentence-transformers/all-MiniLM-L6-v2,0.097950956263139,0.25,low,Amazon Mechanical Turk,https://www.mturk.com/pricing,2026-07-12,0.04,0.004,2.0,0.2,2.2
trec,hybrid_al,50,1,sentence_transformer_logreg,sentence-transformers/all-MiniLM-L6-v2,0.0994547492714658,0.246,base,Prolific,https://www.prolific.com/pricing,2026-07-12,0.0951999999999999,0.004,4.76,0.2,4.96
trec,hybrid_al,50,1,sentence_transformer_logreg,sentence-transformers/all-MiniLM-L6-v2,0.0994547492714658,0.246,high,Prolific,https://www.prolific.com/pricing,2026-07-12,0.4283999999999999,0.004,21.42,0.2,21.619999999999997
trec,hybrid_al,50,1,sentence_transformer_logreg,sentence-transformers/all-MiniLM-L6-v2,0.0994547492714658,0.246,low,Amazon Mechanical Turk,https://www.mturk.com/pricing,2026-07-12,0.04,0.004,2.0,0.2,2.2
trec,hybrid_al,50,2,sentence_transformer_logreg,sentence-transformers/all-MiniLM-L6-v2,0.2001462259146838,0.268,base,Prolific,https://www.prolific.com/pricing,2026-07-12,0.0951999999999999,0.004,4.76,0.2,4.96
trec,hybrid_al,50,2,sentence_transformer_logreg,sentence-transformers/all-MiniLM-L6-v2,0.2001462259146838,0.268,high,Prolific,https://www.prolific.com/pricing,2026-07-12,0.4283999999999999,0.004,21.42,0.2,21.619999999999997
trec,hybrid_al,50,2,sentence_transformer_logreg,sentence-transformers/all-MiniLM-L6-v2,0.2001462259146838,0.268,low,Amazon Mechanical Turk,https://www.mturk.com/pricing,2026-07-12,0.04,0.004,2.0,0.2,2.2
trec,hybrid_al,50,3,sentence_transformer_logreg,sentence-transformers/all-MiniLM-L6-v2,0.1459419676566229,0.304,base,Prolific,https://www.prolific.com/pricing,2026-07-12,0.0951999999999999,0.004,4.76,0.2,4.96
trec,hybrid_al,50,3,sentence_transformer_logreg,sentence-transformers/all-MiniLM-L6-v2,0.1459419676566229,0.304,high,Prolific,https://www.prolific.com/pricing,2026-07-12,0.4283999999999999,0.004,21.42,0.2,21.619999999999997
trec,hybrid_al,50,3,sentence_transformer_logreg,sentence-transformers/all-MiniLM-L6-v2,0.1459419676566229,0.304,low,Amazon Mechanical Turk,https://www.mturk.com/pricing,2026-07-12,0.04,0.004,2.0,0.2,2.2
trec,hybrid_al,50,4,sentence_transformer_logreg,sentence-transformers/all-MiniLM-L6-v2,0.0813774880818788,0.234,base,Prolific,https://www.prolific.com/pricing,2026-07-12,0.0951999999999999,0.004,4.76,0.2,4.96
trec,hybrid_al,50,4,sentence_transformer_logreg,sentence-transformers/all-MiniLM-L6-v2,0.0813774880818788,0.234,high,Prolific,https://www.prolific.com/pricing,2026-07-12,0.4283999999999999,0.004,21.42,0.2,21.619999999999997
trec,hybrid_al,50,4,sentence_transformer_logreg,sentence-transformers/all-MiniLM-L6-v2,0.0813774880818788,0.234,low,Amazon Mechanical Turk,https://www.mturk.com/pricing,2026-07-12,0.04,0.004,2.0,0.2,2.2
trec,hybrid_al,100,0,sentence_transformer_logreg,sentence-transformers/all-MiniLM-L6-v2,0.445423892568315,0.556,base,Prolific,https://www.prolific.com/pricing,2026-07-12,0.0951999999999999,0.004,9.52,0.4,9.92
trec,hybrid_al,100,0,sentence_transformer_logreg,sentence-transformers/all-MiniLM-L6-v2,0.445423892568315,0.556,high,Prolific,https://www.prolific.com/pricing,2026-07-12,0.4283999999999999,0.004,42.84,0.4,43.239999999999995
trec,hybrid_al,100,0,sentence_transformer_logreg,sentence-transformers/all-MiniLM-L6-v2,0.445423892568315,0.556,low,Amazon Mechanical Turk,https://www.mturk.com/pricing,2026-07-12,0.04,0.004,4.0,0.4,4.4
trec,hybrid_al,100,1,sentence_transformer_logreg,sentence-transformers/all-MiniLM-L6-v2,0.2954296365629075,0.412,base,Prolific,https://www.prolific.com/pricing,2026-07-12,0.0951999999999999,0.004,9.52,0.4,9.92
trec,hybrid_al,100,1,sentence_transformer_logreg,sentence-transformers/all-MiniLM-L6-v2,0.2954296365629075,0.412,high,Prolific,https://www.prolific.com/pricing,2026-07-12,0.4283999999999999,0.004,42.84,0.4,43.239999999999995
trec,hybrid_al,100,1,sentence_transformer_logreg,sentence-transformers/all-MiniLM-L6-v2,0.2954296365629075,0.412,low,Amazon Mechanical Turk,https://www.mturk.com/pricing,2026-07-12,0.04,0.004,4.0,0.4,4.4
trec,hybrid_al,100,2,sentence_transformer_logreg,sentence-transformers/all-MiniLM-L6-v2,0.3365526690366975,0.416,base,Prolific,https://www.prolific.com/pricing,2026-07-12,0.0951999999999999,0.004,9.52,0.4,9.92
trec,hybrid_al,100,2,sentence_transformer_logreg,sentence-transformers/all-MiniLM-L6-v2,0.3365526690366975,0.416,high,Prolific,https://www.prolific.com/pricing,2026-07-12,0.4283999999999999,0.004,42.84,0.4,43.239999999999995
trec,hybrid_al,100,2,sentence_transformer_logreg,sentence-transformers/all-MiniLM-L6-v2,0.3365526690366975,0.416,low,Amazon Mechanical Turk,https://www.mturk.com/pricing,2026-07-12,0.04,0.004,4.0,0.4,4.4
trec,hybrid_al,100,3,sentence_transformer_logreg,sentence-transformers/all-MiniLM-L6-v2,0.3337962918296544,0.514,base,Prolific,https://www.prolific.com/pricing,2026-07-12,0.0951999999999999,0.004,9.52,0.4,9.92
trec,hybrid_al,100,3,sentence_transformer_logreg,sentence-transformers/all-MiniLM-L6-v2,0.3337962918296544,0.514,high,Prolific,https://www.prolific.com/pricing,2026-07-12,0.4283999999999999,0.004,42.84,0.4,43.239999999999995
trec,hybrid_al,100,3,sentence_transformer_logreg,sentence-transformers/all-MiniLM-L6-v2,0.3337962918296544,0.514,low,Amazon Mechanical Turk,https://www.mturk.com/pricing,2026-07-12,0.04,0.004,4.0,0.4,4.4
trec,hybrid_al,100,4,sentence_transformer_logreg,sentence-transformers/all-MiniLM-L6-v2,0.2698570697780122,0.372,base,Prolific,https://www.prolific.com/pricing,2026-07-12,0.0951999999999999,0.004,9.52,0.4,9.92
trec,hybrid_al,100,4,sentence_transformer_logreg,sentence-transformers/all-MiniLM-L6-v2,0.2698570697780122,0.372,high,Prolific,https://www.prolific.com/pricing,2026-07-12,0.4283999999999999,0.004,42.84,0.4,43.239999999999995
trec,hybrid_al,100,4,sentence_transformer_logreg,sentence-transformers/all-MiniLM-L6-v2,0.2698570697780122,0.372,low,Amazon Mechanical Turk,https://www.mturk.com/pricing,2026-07-12,0.04,0.004,4.0,0.4,4.4
trec,hybrid_al,250,0,sentence_transformer_logreg,sentence-transformers/all-MiniLM-L6-v2,0.5809548676126709,0.738,base,Prolific,https://www.prolific.com/pricing,2026-07-12,0.0951999999999999,0.004,23.799999999999997,1.0,24.799999999999997
trec,hybrid_al,250,0,sentence_transformer_logreg,sentence-transformers/all-MiniLM-L6-v2,0.5809548676126709,0.738,high,Prolific,https://www.prolific.com/pricing,2026-07-12,0.4283999999999999,0.004,107.09999999999998,1.0,108.09999999999998
trec,hybrid_al,250,0,sentence_transformer_logreg,sentence-transformers/all-MiniLM-L6-v2,0.5809548676126709,0.738,low,Amazon Mechanical Turk,https://www.mturk.com/pricing,2026-07-12,0.04,0.004,10.0,1.0,11.0
trec,hybrid_al,250,1,sentence_transformer_logreg,sentence-transformers/all-MiniLM-L6-v2,0.5451949796576332,0.706,base,Prolific,https://www.prolific.com/pricing,2026-07-12,0.0951999999999999,0.004,23.799999999999997,1.0,24.799999999999997
trec,hybrid_al,250,1,sentence_transformer_logreg,sentence-transformers/all-MiniLM-L6-v2,0.5451949796576332,0.706,high,Prolific,https://www.prolific.com/pricing,2026-07-12,0.4283999999999999,0.004,107.09999999999998,1.0,108.09999999999998
trec,hybrid_al,250,1,sentence_transformer_logreg,sentence-transformers/all-MiniLM-L6-v2,0.5451949796576332,0.706,low,Amazon Mechanical Turk,https://www.mturk.com/pricing,2026-07-12,0.04,0.004,10.0,1.0,11.0
trec,hybrid_al,250,2,sentence_transformer_logreg,sentence-transformers/all-MiniLM-L6-v2,0.5747560381999384,0.726,base,Prolific,https://www.prolific.com/pricing,2026-07-12,0.0951999999999999,0.004,23.799999999999997,1.0,24.799999999999997
trec,hybrid_al,250,2,sentence_transformer_logreg,sentence-transformers/all-MiniLM-L6-v2,0.5747560381999384,0.726,high,Prolific,https://www.prolific.com/pricing,2026-07-12,0.4283999999999999,0.004,107.09999999999998,1.0,108.09999999999998
trec,hybrid_al,250,2,sentence_transformer_logreg,sentence-transformers/all-MiniLM-L6-v2,0.5747560381999384,0.726,low,Amazon Mechanical Turk,https://www.mturk.com/pricing,2026-07-12,0.04,0.004,10.0,1.0,11.0
trec,hybrid_al,250,3,sentence_transformer_logreg,sentence-transformers/all-MiniLM-L6-v2,0.5774201318284105,0.738,base,Prolific,https://www.prolific.com/pricing,2026-07-12,0.0951999999999999,0.004,23.799999999999997,1.0,24.799999999999997
trec,hybrid_al,250,3,sentence_transformer_logreg,sentence-transformers/all-MiniLM-L6-v2,0.5774201318284105,0.738,high,Prolific,https://www.prolific.com/pricing,2026-07-12,0.4283999999999999,0.004,107.09999999999998,1.0,108.09999999999998
trec,hybrid_al,250,3,sentence_transformer_logreg,sentence-transformers/all-MiniLM-L6-v2,0.5774201318284105,0.738,low,Amazon Mechanical Turk,https://www.mturk.com/pricing,2026-07-12,0.04,0.004,10.0,1.0,11.0
trec,hybrid_al,250,4,sentence_transformer_logreg,sentence-transformers/all-MiniLM-L6-v2,0.5559306352849278,0.722,base,Prolific,https://www.prolific.com/pricing,2026-07-12,0.0951999999999999,0.004,23.799999999999997,1.0,24.799999999999997
trec,hybrid_al,250,4,sentence_transformer_logreg,sentence-transformers/all-MiniLM-L6-v2,0.5559306352849278,0.722,high,Prolific,https://www.prolific.com/pricing,2026-07-12,0.4283999999999999,0.004,107.09999999999998,1.0,108.09999999999998
trec,hybrid_al,250,4,sentence_transformer_logreg,sentence-transformers/all-MiniLM-L6-v2,0.5559306352849278,0.722,low,Amazon Mechanical Turk,https://www.mturk.com/pricing,2026-07-12,0.04,0.004,10.0,1.0,11.0
trec,hybrid_al,500,0,sentence_transformer_logreg,sentence-transformers/all-MiniLM-L6-v2,0.6414913195976913,0.79,base,Prolific,https://www.prolific.com/pricing,2026-07-12,0.0951999999999999,0.004,47.599999999999994,2.0,49.599999999999994
trec,hybrid_al,500,0,sentence_transformer_logreg,sentence-transformers/all-MiniLM-L6-v2,0.6414913195976913,0.79,high,Prolific,https://www.prolific.com/pricing,2026-07-12,0.4283999999999999,0.004,214.19999999999996,2.0,216.19999999999996
trec,hybrid_al,500,0,sentence_transformer_logreg,sentence-transformers/all-MiniLM-L6-v2,0.6414913195976913,0.79,low,Amazon Mechanical Turk,https://www.mturk.com/pricing,2026-07-12,0.04,0.004,20.0,2.0,22.0
trec,hybrid_al,500,1,sentence_transformer_logreg,sentence-transformers/all-MiniLM-L6-v2,0.6124379374036992,0.766,base,Prolific,https://www.prolific.com/pricing,2026-07-12,0.0951999999999999,0.004,47.599999999999994,2.0,49.599999999999994
trec,hybrid_al,500,1,sentence_transformer_logreg,sentence-transformers/all-MiniLM-L6-v2,0.6124379374036992,0.766,high,Prolific,https://www.prolific.com/pricing,2026-07-12,0.4283999999999999,0.004,214.19999999999996,2.0,216.19999999999996
trec,hybrid_al,500,1,sentence_transformer_logreg,sentence-transformers/all-MiniLM-L6-v2,0.6124379374036992,0.766,low,Amazon Mechanical Turk,https://www.mturk.com/pricing,2026-07-12,0.04,0.004,20.0,2.0,22.0
trec,hybrid_al,500,2,sentence_transformer_logreg,sentence-transformers/all-MiniLM-L6-v2,0.6236201142999268,0.774,base,Prolific,https://www.prolific.com/pricing,2026-07-12,0.0951999999999999,0.004,47.599999999999994,2.0,49.599999999999994
trec,hybrid_al,500,2,sentence_transformer_logreg,sentence-transformers/all-MiniLM-L6-v2,0.6236201142999268,0.774,high,Prolific,https://www.prolific.com/pricing,2026-07-12,0.4283999999999999,0.004,214.19999999999996,2.0,216.19999999999996
trec,hybrid_al,500,2,sentence_transformer_logreg,sentence-transformers/all-MiniLM-L6-v2,0.6236201142999268,0.774,low,Amazon Mechanical Turk,https://www.mturk.com/pricing,2026-07-12,0.04,0.004,20.0,2.0,22.0
trec,hybrid_al,500,3,sentence_transformer_logreg,sentence-transformers/all-MiniLM-L6-v2,0.6162896077417023,0.766,base,Prolific,https://www.prolific.com/pricing,2026-07-12,0.0951999999999999,0.004,47.599999999999994,2.0,49.599999999999994
trec,hybrid_al,500,3,sentence_transformer_logreg,sentence-transformers/all-MiniLM-L6-v2,0.6162896077417023,0.766,high,Prolific,https://www.prolific.com/pricing,2026-07-12,0.4283999999999999,0.004,214.19999999999996,2.0,216.19999999999996
trec,hybrid_al,500,3,sentence_transformer_logreg,sentence-transformers/all-MiniLM-L6-v2,0.6162896077417023,0.766,low,Amazon Mechanical Turk,https://www.mturk.com/pricing,2026-07-12,0.04,0.004,20.0,2.0,22.0
trec,hybrid_al,500,4,sentence_transformer_logreg,sentence-transformers/all-MiniLM-L6-v2,0.6327712943611171,0.782,base,Prolific,https://www.prolific.com/pricing,2026-07-12,0.0951999999999999,0.004,47.599999999999994,2.0,49.599999999999994
trec,hybrid_al,500,4,sentence_transformer_logreg,sentence-transformers/all-MiniLM-L6-v2,0.6327712943611171,0.782,high,Prolific,https://www.prolific.com/pricing,2026-07-12,0.4283999999999999,0.004,214.19999999999996,2.0,216.19999999999996
trec,hybrid_al,500,4,sentence_transformer_logreg,sentence-transformers/all-MiniLM-L6-v2,0.6327712943611171,0.782,low,Amazon Mechanical Turk,https://www.mturk.com/pricing,2026-07-12,0.04,0.004,20.0,2.0,22.0
trec,hybrid_al,1000,0,sentence_transformer_logreg,sentence-transformers/all-MiniLM-L6-v2,0.729316742361655,0.84,base,Prolific,https://www.prolific.com/pricing,2026-07-12,0.0951999999999999,0.004,95.2,4.0,99.2
trec,hybrid_al,1000,0,sentence_transformer_logreg,sentence-transformers/all-MiniLM-L6-v2,0.729316742361655,0.84,high,Prolific,https://www.prolific.com/pricing,2026-07-12,0.4283999999999999,0.004,428.3999999999999,4.0,432.3999999999999
trec,hybrid_al,1000,0,sentence_transformer_logreg,sentence-transformers/all-MiniLM-L6-v2,0.729316742361655,0.84,low,Amazon Mechanical Turk,https://www.mturk.com/pricing,2026-07-12,0.04,0.004,40.0,4.0,44.0
trec,hybrid_al,1000,1,sentence_transformer_logreg,sentence-transformers/all-MiniLM-L6-v2,0.7150742828926973,0.826,base,Prolific,https://www.prolific.com/pricing,2026-07-12,0.0951999999999999,0.004,95.2,4.0,99.2
trec,hybrid_al,1000,1,sentence_transformer_logreg,sentence-transformers/all-MiniLM-L6-v2,0.7150742828926973,0.826,high,Prolific,https://www.prolific.com/pricing,2026-07-12,0.4283999999999999,0.004,428.3999999999999,4.0,432.3999999999999
trec,hybrid_al,1000,1,sentence_transformer_logreg,sentence-transformers/all-MiniLM-L6-v2,0.7150742828926973,0.826,low,Amazon Mechanical Turk,https://www.mturk.com/pricing,2026-07-12,0.04,0.004,40.0,4.0,44.0
trec,hybrid_al,1000,2,sentence_transformer_logreg,sentence-transformers/all-MiniLM-L6-v2,0.7256586128212424,0.836,base,Prolific,https://www.prolific.com/pricing,2026-07-12,0.0951999999999999,0.004,95.2,4.0,99.2
trec,hybrid_al,1000,2,sentence_transformer_logreg,sentence-transformers/all-MiniLM-L6-v2,0.7256586128212424,0.836,high,Prolific,https://www.prolific.com/pricing,2026-07-12,0.4283999999999999,0.004,428.3999999999999,4.0,432.3999999999999
trec,hybrid_al,1000,2,sentence_transformer_logreg,sentence-transformers/all-MiniLM-L6-v2,0.7256586128212424,0.836,low,Amazon Mechanical Turk,https://www.mturk.com/pricing,2026-07-12,0.04,0.004,40.0,4.0,44.0
trec,hybrid_al,1000,3,sentence_transformer_logreg,sentence-transformers/all-MiniLM-L6-v2,0.7198448552001523,0.826,base,Prolific,https://www.prolific.com/pricing,2026-07-12,0.0951999999999999,0.004,95.2,4.0,99.2
trec,hybrid_al,1000,3,sentence_transformer_logreg,sentence-transformers/all-MiniLM-L6-v2,0.7198448552001523,0.826,high,Prolific,https://www.prolific.com/pricing,2026-07-12,0.4283999999999999,0.004,428.3999999999999,4.0,432.3999999999999
trec,hybrid_al,1000,3,sentence_transformer_logreg,sentence-transformers/all-MiniLM-L6-v2,0.7198448552001523,0.826,low,Amazon Mechanical Turk,https://www.mturk.com/pricing,2026-07-12,0.04,0.004,40.0,4.0,44.0
trec,hybrid_al,1000,4,sentence_transformer_logreg,sentence-transformers/all-MiniLM-L6-v2,0.7138959932493053,0.82,base,Prolific,https://www.prolific.com/pricing,2026-07-12,0.0951999999999999,0.004,95.2,4.0,99.2
trec,hybrid_al,1000,4,sentence_transformer_logreg,sentence-transformers/all-MiniLM-L6-v2,0.7138959932493053,0.82,high,Prolific,https://www.prolific.com/pricing,2026-07-12,0.4283999999999999,0.004,428.3999999999999,4.0,432.3999999999999
trec,hybrid_al,1000,4,sentence_transformer_logreg,sentence-transformers/all-MiniLM-L6-v2,0.7138959932493053,0.82,low,Amazon Mechanical Turk,https://www.mturk.com/pricing,2026-07-12,0.04,0.004,40.0,4.0,44.0
trec,random,50,0,sentence_transformer_logreg,sentence-transformers/all-MiniLM-L6-v2,0.2089552023535385,0.37,base,Prolific,https://www.prolific.com/pricing,2026-07-12,0.0951999999999999,0.0,4.76,0.0,4.76
trec,random,50,0,sentence_transformer_logreg,sentence-transformers/all-MiniLM-L6-v2,0.2089552023535385,0.37,high,Prolific,https://www.prolific.com/pricing,2026-07-12,0.4283999999999999,0.0,21.42,0.0,21.42
trec,random,50,0,sentence_transformer_logreg,sentence-transformers/all-MiniLM-L6-v2,0.2089552023535385,0.37,low,Amazon Mechanical Turk,https://www.mturk.com/pricing,2026-07-12,0.04,0.0,2.0,0.0,2.0
trec,random,50,1,sentence_transformer_logreg,sentence-transformers/all-MiniLM-L6-v2,0.232377863876062,0.396,base,Prolific,https://www.prolific.com/pricing,2026-07-12,0.0951999999999999,0.0,4.76,0.0,4.76
trec,random,50,1,sentence_transformer_logreg,sentence-transformers/all-MiniLM-L6-v2,0.232377863876062,0.396,high,Prolific,https://www.prolific.com/pricing,2026-07-12,0.4283999999999999,0.0,21.42,0.0,21.42
trec,random,50,1,sentence_transformer_logreg,sentence-transformers/all-MiniLM-L6-v2,0.232377863876062,0.396,low,Amazon Mechanical Turk,https://www.mturk.com/pricing,2026-07-12,0.04,0.0,2.0,0.0,2.0
trec,random,50,2,sentence_transformer_logreg,sentence-transformers/all-MiniLM-L6-v2,0.2354255357210246,0.338,base,Prolific,https://www.prolific.com/pricing,2026-07-12,0.0951999999999999,0.0,4.76,0.0,4.76
trec,random,50,2,sentence_transformer_logreg,sentence-transformers/all-MiniLM-L6-v2,0.2354255357210246,0.338,high,Prolific,https://www.prolific.com/pricing,2026-07-12,0.4283999999999999,0.0,21.42,0.0,21.42
trec,random,50,2,sentence_transformer_logreg,sentence-transformers/all-MiniLM-L6-v2,0.2354255357210246,0.338,low,Amazon Mechanical Turk,https://www.mturk.com/pricing,2026-07-12,0.04,0.0,2.0,0.0,2.0
trec,random,50,3,sentence_transformer_logreg,sentence-transformers/all-MiniLM-L6-v2,0.2323555047408766,0.414,base,Prolific,https://www.prolific.com/pricing,2026-07-12,0.0951999999999999,0.0,4.76,0.0,4.76
trec,random,50,3,sentence_transformer_logreg,sentence-transformers/all-MiniLM-L6-v2,0.2323555047408766,0.414,high,Prolific,https://www.prolific.com/pricing,2026-07-12,0.4283999999999999,0.0,21.42,0.0,21.42
trec,random,50,3,sentence_transformer_logreg,sentence-transformers/all-MiniLM-L6-v2,0.2323555047408766,0.414,low,Amazon Mechanical Turk,https://www.mturk.com/pricing,2026-07-12,0.04,0.0,2.0,0.0,2.0
trec,random,50,4,sentence_transformer_logreg,sentence-transformers/all-MiniLM-L6-v2,0.4162950688585273,0.49,base,Prolific,https://www.prolific.com/pricing,2026-07-12,0.0951999999999999,0.0,4.76,0.0,4.76
trec,random,50,4,sentence_transformer_logreg,sentence-transformers/all-MiniLM-L6-v2,0.4162950688585273,0.49,high,Prolific,https://www.prolific.com/pricing,2026-07-12,0.4283999999999999,0.0,21.42,0.0,21.42
trec,random,50,4,sentence_transformer_logreg,sentence-transformers/all-MiniLM-L6-v2,0.4162950688585273,0.49,low,Amazon Mechanical Turk,https://www.mturk.com/pricing,2026-07-12,0.04,0.0,2.0,0.0,2.0
trec,random,100,0,sentence_transformer_logreg,sentence-transformers/all-MiniLM-L6-v2,0.5850866728231514,0.72,base,Prolific,https://www.prolific.com/pricing,2026-07-12,0.0951999999999999,0.0,9.52,0.0,9.52
trec,random,100,0,sentence_transformer_logreg,sentence-transformers/all-MiniLM-L6-v2,0.5850866728231514,0.72,high,Prolific,https://www.prolific.com/pricing,2026-07-12,0.4283999999999999,0.0,42.84,0.0,42.84
trec,random,100,0,sentence_transformer_logreg,sentence-transformers/all-MiniLM-L6-v2,0.5850866728231514,0.72,low,Amazon Mechanical Turk,https://www.mturk.com/pricing,2026-07-12,0.04,0.0,4.0,0.0,4.0
trec,random,100,1,sentence_transformer_logreg,sentence-transformers/all-MiniLM-L6-v2,0.4185570591419268,0.56,base,Prolific,https://www.prolific.com/pricing,2026-07-12,0.0951999999999999,0.0,9.52,0.0,9.52
trec,random,100,1,sentence_transformer_logreg,sentence-transformers/all-MiniLM-L6-v2,0.4185570591419268,0.56,high,Prolific,https://www.prolific.com/pricing,2026-07-12,0.4283999999999999,0.0,42.84,0.0,42.84
trec,random,100,1,sentence_transformer_logreg,sentence-transformers/all-MiniLM-L6-v2,0.4185570591419268,0.56,low,Amazon Mechanical Turk,https://www.mturk.com/pricing,2026-07-12,0.04,0.0,4.0,0.0,4.0
trec,random,100,2,sentence_transformer_logreg,sentence-transformers/all-MiniLM-L6-v2,0.4480480857375666,0.536,base,Prolific,https://www.prolific.com/pricing,2026-07-12,0.0951999999999999,0.0,9.52,0.0,9.52
trec,random,100,2,sentence_transformer_logreg,sentence-transformers/all-MiniLM-L6-v2,0.4480480857375666,0.536,high,Prolific,https://www.prolific.com/pricing,2026-07-12,0.4283999999999999,0.0,42.84,0.0,42.84
trec,random,100,2,sentence_transformer_logreg,sentence-transformers/all-MiniLM-L6-v2,0.4480480857375666,0.536,low,Amazon Mechanical Turk,https://www.mturk.com/pricing,2026-07-12,0.04,0.0,4.0,0.0,4.0
trec,random,100,3,sentence_transformer_logreg,sentence-transformers/all-MiniLM-L6-v2,0.3990792504711395,0.534,base,Prolific,https://www.prolific.com/pricing,2026-07-12,0.0951999999999999,0.0,9.52,0.0,9.52
trec,random,100,3,sentence_transformer_logreg,sentence-transformers/all-MiniLM-L6-v2,0.3990792504711395,0.534,high,Prolific,https://www.prolific.com/pricing,2026-07-12,0.4283999999999999,0.0,42.84,0.0,42.84
trec,random,100,3,sentence_transformer_logreg,sentence-transformers/all-MiniLM-L6-v2,0.3990792504711395,0.534,low,Amazon Mechanical Turk,https://www.mturk.com/pricing,2026-07-12,0.04,0.0,4.0,0.0,4.0
trec,random,100,4,sentence_transformer_logreg,sentence-transformers/all-MiniLM-L6-v2,0.4827239887055085,0.566,base,Prolific,https://www.prolific.com/pricing,2026-07-12,0.0951999999999999,0.0,9.52,0.0,9.52
trec,random,100,4,sentence_transformer_logreg,sentence-transformers/all-MiniLM-L6-v2,0.4827239887055085,0.566,high,Prolific,https://www.prolific.com/pricing,2026-07-12,0.4283999999999999,0.0,42.84,0.0,42.84
trec,random,100,4,sentence_transformer_logreg,sentence-transformers/all-MiniLM-L6-v2,0.4827239887055085,0.566,low,Amazon Mechanical Turk,https://www.mturk.com/pricing,2026-07-12,0.04,0.0,4.0,0.0,4.0
trec,random,250,0,sentence_transformer_logreg,sentence-transformers/all-MiniLM-L6-v2,0.536597927086398,0.634,base,Prolific,https://www.prolific.com/pricing,2026-07-12,0.0951999999999999,0.0,23.799999999999997,0.0,23.799999999999997
trec,random,250,0,sentence_transformer_logreg,sentence-transformers/all-MiniLM-L6-v2,0.536597927086398,0.634,high,Prolific,https://www.prolific.com/pricing,2026-07-12,0.4283999999999999,0.0,107.09999999999998,0.0,107.09999999999998
trec,random,250,0,sentence_transformer_logreg,sentence-transformers/all-MiniLM-L6-v2,0.536597927086398,0.634,low,Amazon Mechanical Turk,https://www.mturk.com/pricing,2026-07-12,0.04,0.0,10.0,0.0,10.0
trec,random,250,1,sentence_transformer_logreg,sentence-transformers/all-MiniLM-L6-v2,0.6338543374552137,0.768,base,Prolific,https://www.prolific.com/pricing,2026-07-12,0.0951999999999999,0.0,23.799999999999997,0.0,23.799999999999997
trec,random,250,1,sentence_transformer_logreg,sentence-transformers/all-MiniLM-L6-v2,0.6338543374552137,0.768,high,Prolific,https://www.prolific.com/pricing,2026-07-12,0.4283999999999999,0.0,107.09999999999998,0.0,107.09999999999998
trec,random,250,1,sentence_transformer_logreg,sentence-transformers/all-MiniLM-L6-v2,0.6338543374552137,0.768,low,Amazon Mechanical Turk,https://www.mturk.com/pricing,2026-07-12,0.04,0.0,10.0,0.0,10.0
trec,random,250,2,sentence_transformer_logreg,sentence-transformers/all-MiniLM-L6-v2,0.6317437289447291,0.774,base,Prolific,https://www.prolific.com/pricing,2026-07-12,0.0951999999999999,0.0,23.799999999999997,0.0,23.799999999999997
trec,random,250,2,sentence_transformer_logreg,sentence-transformers/all-MiniLM-L6-v2,0.6317437289447291,0.774,high,Prolific,https://www.prolific.com/pricing,2026-07-12,0.4283999999999999,0.0,107.09999999999998,0.0,107.09999999999998
trec,random,250,2,sentence_transformer_logreg,sentence-transformers/all-MiniLM-L6-v2,0.6317437289447291,0.774,low,Amazon Mechanical Turk,https://www.mturk.com/pricing,2026-07-12,0.04,0.0,10.0,0.0,10.0
trec,random,250,3,sentence_transformer_logreg,sentence-transformers/all-MiniLM-L6-v2,0.617983619856279,0.736,base,Prolific,https://www.prolific.com/pricing,2026-07-12,0.0951999999999999,0.0,23.799999999999997,0.0,23.799999999999997
trec,random,250,3,sentence_transformer_logreg,sentence-transformers/all-MiniLM-L6-v2,0.617983619856279,0.736,high,Prolific,https://www.prolific.com/pricing,2026-07-12,0.4283999999999999,0.0,107.09999999999998,0.0,107.09999999999998
trec,random,250,3,sentence_transformer_logreg,sentence-transformers/all-MiniLM-L6-v2,0.617983619856279,0.736,low,Amazon Mechanical Turk,https://www.mturk.com/pricing,2026-07-12,0.04,0.0,10.0,0.0,10.0
trec,random,250,4,sentence_transformer_logreg,sentence-transformers/all-MiniLM-L6-v2,0.6508095858619131,0.784,base,Prolific,https://www.prolific.com/pricing,2026-07-12,0.0951999999999999,0.0,23.799999999999997,0.0,23.799999999999997
trec,random,250,4,sentence_transformer_logreg,sentence-transformers/all-MiniLM-L6-v2,0.6508095858619131,0.784,high,Prolific,https://www.prolific.com/pricing,2026-07-12,0.4283999999999999,0.0,107.09999999999998,0.0,107.09999999999998
trec,random,250,4,sentence_transformer_logreg,sentence-transformers/all-MiniLM-L6-v2,0.6508095858619131,0.784,low,Amazon Mechanical Turk,https://www.mturk.com/pricing,2026-07-12,0.04,0.0,10.0,0.0,10.0
trec,random,500,0,sentence_transformer_logreg,sentence-transformers/all-MiniLM-L6-v2,0.6747684380792434,0.808,base,Prolific,https://www.prolific.com/pricing,2026-07-12,0.0951999999999999,0.0,47.599999999999994,0.0,47.599999999999994
trec,random,500,0,sentence_transformer_logreg,sentence-transformers/all-MiniLM-L6-v2,0.6747684380792434,0.808,high,Prolific,https://www.prolific.com/pricing,2026-07-12,0.4283999999999999,0.0,214.19999999999996,0.0,214.19999999999996
trec,random,500,0,sentence_transformer_logreg,sentence-transformers/all-MiniLM-L6-v2,0.6747684380792434,0.808,low,Amazon Mechanical Turk,https://www.mturk.com/pricing,2026-07-12,0.04,0.0,20.0,0.0,20.0
trec,random,500,1,sentence_transformer_logreg,sentence-transformers/all-MiniLM-L6-v2,0.6700607709980212,0.806,base,Prolific,https://www.prolific.com/pricing,2026-07-12,0.0951999999999999,0.0,47.599999999999994,0.0,47.599999999999994
trec,random,500,1,sentence_transformer_logreg,sentence-transformers/all-MiniLM-L6-v2,0.6700607709980212,0.806,high,Prolific,https://www.prolific.com/pricing,2026-07-12,0.4283999999999999,0.0,214.19999999999996,0.0,214.19999999999996
trec,random,500,1,sentence_transformer_logreg,sentence-transformers/all-MiniLM-L6-v2,0.6700607709980212,0.806,low,Amazon Mechanical Turk,https://www.mturk.com/pricing,2026-07-12,0.04,0.0,20.0,0.0,20.0
trec,random,500,2,sentence_transformer_logreg,sentence-transformers/all-MiniLM-L6-v2,0.6617335964598436,0.798,base,Prolific,https://www.prolific.com/pricing,2026-07-12,0.0951999999999999,0.0,47.599999999999994,0.0,47.599999999999994
trec,random,500,2,sentence_transformer_logreg,sentence-transformers/all-MiniLM-L6-v2,0.6617335964598436,0.798,high,Prolific,https://www.prolific.com/pricing,2026-07-12,0.4283999999999999,0.0,214.19999999999996,0.0,214.19999999999996
trec,random,500,2,sentence_transformer_logreg,sentence-transformers/all-MiniLM-L6-v2,0.6617335964598436,0.798,low,Amazon Mechanical Turk,https://www.mturk.com/pricing,2026-07-12,0.04,0.0,20.0,0.0,20.0
trec,random,500,3,sentence_transformer_logreg,sentence-transformers/all-MiniLM-L6-v2,0.6793811458644394,0.816,base,Prolific,https://www.prolific.com/pricing,2026-07-12,0.0951999999999999,0.0,47.599999999999994,0.0,47.599999999999994
trec,random,500,3,sentence_transformer_logreg,sentence-transformers/all-MiniLM-L6-v2,0.6793811458644394,0.816,high,Prolific,https://www.prolific.com/pricing,2026-07-12,0.4283999999999999,0.0,214.19999999999996,0.0,214.19999999999996
trec,random,500,3,sentence_transformer_logreg,sentence-transformers/all-MiniLM-L6-v2,0.6793811458644394,0.816,low,Amazon Mechanical Turk,https://www.mturk.com/pricing,2026-07-12,0.04,0.0,20.0,0.0,20.0
trec,random,500,4,sentence_transformer_logreg,sentence-transformers/all-MiniLM-L6-v2,0.6751941280703905,0.812,base,Prolific,https://www.prolific.com/pricing,2026-07-12,0.0951999999999999,0.0,47.599999999999994,0.0,47.599999999999994
trec,random,500,4,sentence_transformer_logreg,sentence-transformers/all-MiniLM-L6-v2,0.6751941280703905,0.812,high,Prolific,https://www.prolific.com/pricing,2026-07-12,0.4283999999999999,0.0,214.19999999999996,0.0,214.19999999999996
trec,random,500,4,sentence_transformer_logreg,sentence-transformers/all-MiniLM-L6-v2,0.6751941280703905,0.812,low,Amazon Mechanical Turk,https://www.mturk.com/pricing,2026-07-12,0.04,0.0,20.0,0.0,20.0
trec,random,1000,0,sentence_transformer_logreg,sentence-transformers/all-MiniLM-L6-v2,0.695724454668956,0.834,base,Prolific,https://www.prolific.com/pricing,2026-07-12,0.0951999999999999,0.0,95.2,0.0,95.2
trec,random,1000,0,sentence_transformer_logreg,sentence-transformers/all-MiniLM-L6-v2,0.695724454668956,0.834,high,Prolific,https://www.prolific.com/pricing,2026-07-12,0.4283999999999999,0.0,428.3999999999999,0.0,428.3999999999999
trec,random,1000,0,sentence_transformer_logreg,sentence-transformers/all-MiniLM-L6-v2,0.695724454668956,0.834,low,Amazon Mechanical Turk,https://www.mturk.com/pricing,2026-07-12,0.04,0.0,40.0,0.0,40.0
trec,random,1000,1,sentence_transformer_logreg,sentence-transformers/all-MiniLM-L6-v2,0.6926571757648289,0.83,base,Prolific,https://www.prolific.com/pricing,2026-07-12,0.0951999999999999,0.0,95.2,0.0,95.2
trec,random,1000,1,sentence_transformer_logreg,sentence-transformers/all-MiniLM-L6-v2,0.6926571757648289,0.83,high,Prolific,https://www.prolific.com/pricing,2026-07-12,0.4283999999999999,0.0,428.3999999999999,0.0,428.3999999999999
trec,random,1000,1,sentence_transformer_logreg,sentence-transformers/all-MiniLM-L6-v2,0.6926571757648289,0.83,low,Amazon Mechanical Turk,https://www.mturk.com/pricing,2026-07-12,0.04,0.0,40.0,0.0,40.0
trec,random,1000,2,sentence_transformer_logreg,sentence-transformers/all-MiniLM-L6-v2,0.6933964707701182,0.834,base,Prolific,https://www.prolific.com/pricing,2026-07-12,0.0951999999999999,0.0,95.2,0.0,95.2
trec,random,1000,2,sentence_transformer_logreg,sentence-transformers/all-MiniLM-L6-v2,0.6933964707701182,0.834,high,Prolific,https://www.prolific.com/pricing,2026-07-12,0.4283999999999999,0.0,428.3999999999999,0.0,428.3999999999999
trec,random,1000,2,sentence_transformer_logreg,sentence-transformers/all-MiniLM-L6-v2,0.6933964707701182,0.834,low,Amazon Mechanical Turk,https://www.mturk.com/pricing,2026-07-12,0.04,0.0,40.0,0.0,40.0
trec,random,1000,3,sentence_transformer_logreg,sentence-transformers/all-MiniLM-L6-v2,0.7150165620726989,0.858,base,Prolific,https://www.prolific.com/pricing,2026-07-12,0.0951999999999999,0.0,95.2,0.0,95.2
trec,random,1000,3,sentence_transformer_logreg,sentence-transformers/all-MiniLM-L6-v2,0.7150165620726989,0.858,high,Prolific,https://www.prolific.com/pricing,2026-07-12,0.4283999999999999,0.0,428.3999999999999,0.0,428.3999999999999
trec,random,1000,3,sentence_transformer_logreg,sentence-transformers/all-MiniLM-L6-v2,0.7150165620726989,0.858,low,Amazon Mechanical Turk,https://www.mturk.com/pricing,2026-07-12,0.04,0.0,40.0,0.0,40.0
trec,random,1000,4,sentence_transformer_logreg,sentence-transformers/all-MiniLM-L6-v2,0.6868001196438055,0.826,base,Prolific,https://www.prolific.com/pricing,2026-07-12,0.0951999999999999,0.0,95.2,0.0,95.2
trec,random,1000,4,sentence_transformer_logreg,sentence-transformers/all-MiniLM-L6-v2,0.6868001196438055,0.826,high,Prolific,https://www.prolific.com/pricing,2026-07-12,0.4283999999999999,0.0,428.3999999999999,0.0,428.3999999999999
trec,random,1000,4,sentence_transformer_logreg,sentence-transformers/all-MiniLM-L6-v2,0.6868001196438055,0.826,low,Amazon Mechanical Turk,https://www.mturk.com/pricing,2026-07-12,0.04,0.0,40.0,0.0,40.0
trec,uncertainty_al,50,0,sentence_transformer_logreg,sentence-transformers/all-MiniLM-L6-v2,0.1379262131421782,0.212,base,Prolific,https://www.prolific.com/pricing,2026-07-12,0.0951999999999999,0.002,4.76,0.1,4.859999999999999
trec,uncertainty_al,50,0,sentence_transformer_logreg,sentence-transformers/all-MiniLM-L6-v2,0.1379262131421782,0.212,high,Prolific,https://www.prolific.com/pricing,2026-07-12,0.4283999999999999,0.002,21.42,0.1,21.52
trec,uncertainty_al,50,0,sentence_transformer_logreg,sentence-transformers/all-MiniLM-L6-v2,0.1379262131421782,0.212,low,Amazon Mechanical Turk,https://www.mturk.com/pricing,2026-07-12,0.04,0.002,2.0,0.1,2.1
trec,uncertainty_al,50,1,sentence_transformer_logreg,sentence-transformers/all-MiniLM-L6-v2,0.1072403292917161,0.214,base,Prolific,https://www.prolific.com/pricing,2026-07-12,0.0951999999999999,0.002,4.76,0.1,4.859999999999999
trec,uncertainty_al,50,1,sentence_transformer_logreg,sentence-transformers/all-MiniLM-L6-v2,0.1072403292917161,0.214,high,Prolific,https://www.prolific.com/pricing,2026-07-12,0.4283999999999999,0.002,21.42,0.1,21.52
trec,uncertainty_al,50,1,sentence_transformer_logreg,sentence-transformers/all-MiniLM-L6-v2,0.1072403292917161,0.214,low,Amazon Mechanical Turk,https://www.mturk.com/pricing,2026-07-12,0.04,0.002,2.0,0.1,2.1
trec,uncertainty_al,50,2,sentence_transformer_logreg,sentence-transformers/all-MiniLM-L6-v2,0.060719255841207,0.146,base,Prolific,https://www.prolific.com/pricing,2026-07-12,0.0951999999999999,0.002,4.76,0.1,4.859999999999999
trec,uncertainty_al,50,2,sentence_transformer_logreg,sentence-transformers/all-MiniLM-L6-v2,0.060719255841207,0.146,high,Prolific,https://www.prolific.com/pricing,2026-07-12,0.4283999999999999,0.002,21.42,0.1,21.52
trec,uncertainty_al,50,2,sentence_transformer_logreg,sentence-transformers/all-MiniLM-L6-v2,0.060719255841207,0.146,low,Amazon Mechanical Turk,https://www.mturk.com/pricing,2026-07-12,0.04,0.002,2.0,0.1,2.1
trec,uncertainty_al,50,3,sentence_transformer_logreg,sentence-transformers/all-MiniLM-L6-v2,0.2164523346129202,0.354,base,Prolific,https://www.prolific.com/pricing,2026-07-12,0.0951999999999999,0.002,4.76,0.1,4.859999999999999
trec,uncertainty_al,50,3,sentence_transformer_logreg,sentence-transformers/all-MiniLM-L6-v2,0.2164523346129202,0.354,high,Prolific,https://www.prolific.com/pricing,2026-07-12,0.4283999999999999,0.002,21.42,0.1,21.52
trec,uncertainty_al,50,3,sentence_transformer_logreg,sentence-transformers/all-MiniLM-L6-v2,0.2164523346129202,0.354,low,Amazon Mechanical Turk,https://www.mturk.com/pricing,2026-07-12,0.04,0.002,2.0,0.1,2.1
trec,uncertainty_al,50,4,sentence_transformer_logreg,sentence-transformers/all-MiniLM-L6-v2,0.3387580409591925,0.496,base,Prolific,https://www.prolific.com/pricing,2026-07-12,0.0951999999999999,0.002,4.76,0.1,4.859999999999999
trec,uncertainty_al,50,4,sentence_transformer_logreg,sentence-transformers/all-MiniLM-L6-v2,0.3387580409591925,0.496,high,Prolific,https://www.prolific.com/pricing,2026-07-12,0.4283999999999999,0.002,21.42,0.1,21.52
trec,uncertainty_al,50,4,sentence_transformer_logreg,sentence-transformers/all-MiniLM-L6-v2,0.3387580409591925,0.496,low,Amazon Mechanical Turk,https://www.mturk.com/pricing,2026-07-12,0.04,0.002,2.0,0.1,2.1
trec,uncertainty_al,100,0,sentence_transformer_logreg,sentence-transformers/all-MiniLM-L6-v2,0.0826885339462738,0.236,base,Prolific,https://www.prolific.com/pricing,2026-07-12,0.0951999999999999,0.002,9.52,0.2,9.72
trec,uncertainty_al,100,0,sentence_transformer_logreg,sentence-transformers/all-MiniLM-L6-v2,0.0826885339462738,0.236,high,Prolific,https://www.prolific.com/pricing,2026-07-12,0.4283999999999999,0.002,42.84,0.2,43.04
trec,uncertainty_al,100,0,sentence_transformer_logreg,sentence-transformers/all-MiniLM-L6-v2,0.0826885339462738,0.236,low,Amazon Mechanical Turk,https://www.mturk.com/pricing,2026-07-12,0.04,0.002,4.0,0.2,4.2
trec,uncertainty_al,100,1,sentence_transformer_logreg,sentence-transformers/all-MiniLM-L6-v2,0.3051329117769803,0.498,base,Prolific,https://www.prolific.com/pricing,2026-07-12,0.0951999999999999,0.002,9.52,0.2,9.72
trec,uncertainty_al,100,1,sentence_transformer_logreg,sentence-transformers/all-MiniLM-L6-v2,0.3051329117769803,0.498,high,Prolific,https://www.prolific.com/pricing,2026-07-12,0.4283999999999999,0.002,42.84,0.2,43.04
trec,uncertainty_al,100,1,sentence_transformer_logreg,sentence-transformers/all-MiniLM-L6-v2,0.3051329117769803,0.498,low,Amazon Mechanical Turk,https://www.mturk.com/pricing,2026-07-12,0.04,0.002,4.0,0.2,4.2
trec,uncertainty_al,100,2,sentence_transformer_logreg,sentence-transformers/all-MiniLM-L6-v2,0.2928374893080775,0.442,base,Prolific,https://www.prolific.com/pricing,2026-07-12,0.0951999999999999,0.002,9.52,0.2,9.72
trec,uncertainty_al,100,2,sentence_transformer_logreg,sentence-transformers/all-MiniLM-L6-v2,0.2928374893080775,0.442,high,Prolific,https://www.prolific.com/pricing,2026-07-12,0.4283999999999999,0.002,42.84,0.2,43.04
trec,uncertainty_al,100,2,sentence_transformer_logreg,sentence-transformers/all-MiniLM-L6-v2,0.2928374893080775,0.442,low,Amazon Mechanical Turk,https://www.mturk.com/pricing,2026-07-12,0.04,0.002,4.0,0.2,4.2
trec,uncertainty_al,100,3,sentence_transformer_logreg,sentence-transformers/all-MiniLM-L6-v2,0.2955689426311313,0.39,base,Prolific,https://www.prolific.com/pricing,2026-07-12,0.0951999999999999,0.002,9.52,0.2,9.72
trec,uncertainty_al,100,3,sentence_transformer_logreg,sentence-transformers/all-MiniLM-L6-v2,0.2955689426311313,0.39,high,Prolific,https://www.prolific.com/pricing,2026-07-12,0.4283999999999999,0.002,42.84,0.2,43.04
trec,uncertainty_al,100,3,sentence_transformer_logreg,sentence-transformers/all-MiniLM-L6-v2,0.2955689426311313,0.39,low,Amazon Mechanical Turk,https://www.mturk.com/pricing,2026-07-12,0.04,0.002,4.0,0.2,4.2
trec,uncertainty_al,100,4,sentence_transformer_logreg,sentence-transformers/all-MiniLM-L6-v2,0.2221651572581811,0.486,base,Prolific,https://www.prolific.com/pricing,2026-07-12,0.0951999999999999,0.002,9.52,0.2,9.72
trec,uncertainty_al,100,4,sentence_transformer_logreg,sentence-transformers/all-MiniLM-L6-v2,0.2221651572581811,0.486,high,Prolific,https://www.prolific.com/pricing,2026-07-12,0.4283999999999999,0.002,42.84,0.2,43.04
trec,uncertainty_al,100,4,sentence_transformer_logreg,sentence-transformers/all-MiniLM-L6-v2,0.2221651572581811,0.486,low,Amazon Mechanical Turk,https://www.mturk.com/pricing,2026-07-12,0.04,0.002,4.0,0.2,4.2
trec,uncertainty_al,250,0,sentence_transformer_logreg,sentence-transformers/all-MiniLM-L6-v2,0.5015968179821416,0.606,base,Prolific,https://www.prolific.com/pricing,2026-07-12,0.0951999999999999,0.002,23.799999999999997,0.5,24.299999999999997
trec,uncertainty_al,250,0,sentence_transformer_logreg,sentence-transformers/all-MiniLM-L6-v2,0.5015968179821416,0.606,high,Prolific,https://www.prolific.com/pricing,2026-07-12,0.4283999999999999,0.002,107.09999999999998,0.5,107.59999999999998
trec,uncertainty_al,250,0,sentence_transformer_logreg,sentence-transformers/all-MiniLM-L6-v2,0.5015968179821416,0.606,low,Amazon Mechanical Turk,https://www.mturk.com/pricing,2026-07-12,0.04,0.002,10.0,0.5,10.5
trec,uncertainty_al,250,1,sentence_transformer_logreg,sentence-transformers/all-MiniLM-L6-v2,0.5898868932064993,0.73,base,Prolific,https://www.prolific.com/pricing,2026-07-12,0.0951999999999999,0.002,23.799999999999997,0.5,24.299999999999997
trec,uncertainty_al,250,1,sentence_transformer_logreg,sentence-transformers/all-MiniLM-L6-v2,0.5898868932064993,0.73,high,Prolific,https://www.prolific.com/pricing,2026-07-12,0.4283999999999999,0.002,107.09999999999998,0.5,107.59999999999998
trec,uncertainty_al,250,1,sentence_transformer_logreg,sentence-transformers/all-MiniLM-L6-v2,0.5898868932064993,0.73,low,Amazon Mechanical Turk,https://www.mturk.com/pricing,2026-07-12,0.04,0.002,10.0,0.5,10.5
trec,uncertainty_al,250,2,sentence_transformer_logreg,sentence-transformers/all-MiniLM-L6-v2,0.4819421079205003,0.576,base,Prolific,https://www.prolific.com/pricing,2026-07-12,0.0951999999999999,0.002,23.799999999999997,0.5,24.299999999999997
trec,uncertainty_al,250,2,sentence_transformer_logreg,sentence-transformers/all-MiniLM-L6-v2,0.4819421079205003,0.576,high,Prolific,https://www.prolific.com/pricing,2026-07-12,0.4283999999999999,0.002,107.09999999999998,0.5,107.59999999999998
trec,uncertainty_al,250,2,sentence_transformer_logreg,sentence-transformers/all-MiniLM-L6-v2,0.4819421079205003,0.576,low,Amazon Mechanical Turk,https://www.mturk.com/pricing,2026-07-12,0.04,0.002,10.0,0.5,10.5
trec,uncertainty_al,250,3,sentence_transformer_logreg,sentence-transformers/all-MiniLM-L6-v2,0.4715053705982001,0.62,base,Prolific,https://www.prolific.com/pricing,2026-07-12,0.0951999999999999,0.002,23.799999999999997,0.5,24.299999999999997
trec,uncertainty_al,250,3,sentence_transformer_logreg,sentence-transformers/all-MiniLM-L6-v2,0.4715053705982001,0.62,high,Prolific,https://www.prolific.com/pricing,2026-07-12,0.4283999999999999,0.002,107.09999999999998,0.5,107.59999999999998
trec,uncertainty_al,250,3,sentence_transformer_logreg,sentence-transformers/all-MiniLM-L6-v2,0.4715053705982001,0.62,low,Amazon Mechanical Turk,https://www.mturk.com/pricing,2026-07-12,0.04,0.002,10.0,0.5,10.5
trec,uncertainty_al,250,4,sentence_transformer_logreg,sentence-transformers/all-MiniLM-L6-v2,0.4877895577664515,0.532,base,Prolific,https://www.prolific.com/pricing,2026-07-12,0.0951999999999999,0.002,23.799999999999997,0.5,24.299999999999997
trec,uncertainty_al,250,4,sentence_transformer_logreg,sentence-transformers/all-MiniLM-L6-v2,0.4877895577664515,0.532,high,Prolific,https://www.prolific.com/pricing,2026-07-12,0.4283999999999999,0.002,107.09999999999998,0.5,107.59999999999998
trec,uncertainty_al,250,4,sentence_transformer_logreg,sentence-transformers/all-MiniLM-L6-v2,0.4877895577664515,0.532,low,Amazon Mechanical Turk,https://www.mturk.com/pricing,2026-07-12,0.04,0.002,10.0,0.5,10.5
trec,uncertainty_al,500,0,sentence_transformer_logreg,sentence-transformers/all-MiniLM-L6-v2,0.6037261535572939,0.724,base,Prolific,https://www.prolific.com/pricing,2026-07-12,0.0951999999999999,0.002,47.599999999999994,1.0,48.599999999999994
trec,uncertainty_al,500,0,sentence_transformer_logreg,sentence-transformers/all-MiniLM-L6-v2,0.6037261535572939,0.724,high,Prolific,https://www.prolific.com/pricing,2026-07-12,0.4283999999999999,0.002,214.19999999999996,1.0,215.19999999999996
trec,uncertainty_al,500,0,sentence_transformer_logreg,sentence-transformers/all-MiniLM-L6-v2,0.6037261535572939,0.724,low,Amazon Mechanical Turk,https://www.mturk.com/pricing,2026-07-12,0.04,0.002,20.0,1.0,21.0
trec,uncertainty_al,500,1,sentence_transformer_logreg,sentence-transformers/all-MiniLM-L6-v2,0.669211762398395,0.762,base,Prolific,https://www.prolific.com/pricing,2026-07-12,0.0951999999999999,0.002,47.599999999999994,1.0,48.599999999999994
trec,uncertainty_al,500,1,sentence_transformer_logreg,sentence-transformers/all-MiniLM-L6-v2,0.669211762398395,0.762,high,Prolific,https://www.prolific.com/pricing,2026-07-12,0.4283999999999999,0.002,214.19999999999996,1.0,215.19999999999996
trec,uncertainty_al,500,1,sentence_transformer_logreg,sentence-transformers/all-MiniLM-L6-v2,0.669211762398395,0.762,low,Amazon Mechanical Turk,https://www.mturk.com/pricing,2026-07-12,0.04,0.002,20.0,1.0,21.0
trec,uncertainty_al,500,2,sentence_transformer_logreg,sentence-transformers/all-MiniLM-L6-v2,0.6002437708291314,0.724,base,Prolific,https://www.prolific.com/pricing,2026-07-12,0.0951999999999999,0.002,47.599999999999994,1.0,48.599999999999994
trec,uncertainty_al,500,2,sentence_transformer_logreg,sentence-transformers/all-MiniLM-L6-v2,0.6002437708291314,0.724,high,Prolific,https://www.prolific.com/pricing,2026-07-12,0.4283999999999999,0.002,214.19999999999996,1.0,215.19999999999996
trec,uncertainty_al,500,2,sentence_transformer_logreg,sentence-transformers/all-MiniLM-L6-v2,0.6002437708291314,0.724,low,Amazon Mechanical Turk,https://www.mturk.com/pricing,2026-07-12,0.04,0.002,20.0,1.0,21.0
trec,uncertainty_al,500,3,sentence_transformer_logreg,sentence-transformers/all-MiniLM-L6-v2,0.6694910584510505,0.748,base,Prolific,https://www.prolific.com/pricing,2026-07-12,0.0951999999999999,0.002,47.599999999999994,1.0,48.599999999999994
trec,uncertainty_al,500,3,sentence_transformer_logreg,sentence-transformers/all-MiniLM-L6-v2,0.6694910584510505,0.748,high,Prolific,https://www.prolific.com/pricing,2026-07-12,0.4283999999999999,0.002,214.19999999999996,1.0,215.19999999999996
trec,uncertainty_al,500,3,sentence_transformer_logreg,sentence-transformers/all-MiniLM-L6-v2,0.6694910584510505,0.748,low,Amazon Mechanical Turk,https://www.mturk.com/pricing,2026-07-12,0.04,0.002,20.0,1.0,21.0
trec,uncertainty_al,500,4,sentence_transformer_logreg,sentence-transformers/all-MiniLM-L6-v2,0.6722513211041207,0.81,base,Prolific,https://www.prolific.com/pricing,2026-07-12,0.0951999999999999,0.002,47.599999999999994,1.0,48.599999999999994
trec,uncertainty_al,500,4,sentence_transformer_logreg,sentence-transformers/all-MiniLM-L6-v2,0.6722513211041207,0.81,high,Prolific,https://www.prolific.com/pricing,2026-07-12,0.4283999999999999,0.002,214.19999999999996,1.0,215.19999999999996
trec,uncertainty_al,500,4,sentence_transformer_logreg,sentence-transformers/all-MiniLM-L6-v2,0.6722513211041207,0.81,low,Amazon Mechanical Turk,https://www.mturk.com/pricing,2026-07-12,0.04,0.002,20.0,1.0,21.0
trec,uncertainty_al,1000,0,sentence_transformer_logreg,sentence-transformers/all-MiniLM-L6-v2,0.7011016206157352,0.792,base,Prolific,https://www.prolific.com/pricing,2026-07-12,0.0951999999999999,0.002,95.2,2.0,97.2
trec,uncertainty_al,1000,0,sentence_transformer_logreg,sentence-transformers/all-MiniLM-L6-v2,0.7011016206157352,0.792,high,Prolific,https://www.prolific.com/pricing,2026-07-12,0.4283999999999999,0.002,428.3999999999999,2.0,430.3999999999999
trec,uncertainty_al,1000,0,sentence_transformer_logreg,sentence-transformers/all-MiniLM-L6-v2,0.7011016206157352,0.792,low,Amazon Mechanical Turk,https://www.mturk.com/pricing,2026-07-12,0.04,0.002,40.0,2.0,42.0
trec,uncertainty_al,1000,1,sentence_transformer_logreg,sentence-transformers/all-MiniLM-L6-v2,0.7293585464709021,0.838,base,Prolific,https://www.prolific.com/pricing,2026-07-12,0.0951999999999999,0.002,95.2,2.0,97.2
trec,uncertainty_al,1000,1,sentence_transformer_logreg,sentence-transformers/all-MiniLM-L6-v2,0.7293585464709021,0.838,high,Prolific,https://www.prolific.com/pricing,2026-07-12,0.4283999999999999,0.002,428.3999999999999,2.0,430.3999999999999
trec,uncertainty_al,1000,1,sentence_transformer_logreg,sentence-transformers/all-MiniLM-L6-v2,0.7293585464709021,0.838,low,Amazon Mechanical Turk,https://www.mturk.com/pricing,2026-07-12,0.04,0.002,40.0,2.0,42.0
trec,uncertainty_al,1000,2,sentence_transformer_logreg,sentence-transformers/all-MiniLM-L6-v2,0.7156652347778519,0.816,base,Prolific,https://www.prolific.com/pricing,2026-07-12,0.0951999999999999,0.002,95.2,2.0,97.2
trec,uncertainty_al,1000,2,sentence_transformer_logreg,sentence-transformers/all-MiniLM-L6-v2,0.7156652347778519,0.816,high,Prolific,https://www.prolific.com/pricing,2026-07-12,0.4283999999999999,0.002,428.3999999999999,2.0,430.3999999999999
trec,uncertainty_al,1000,2,sentence_transformer_logreg,sentence-transformers/all-MiniLM-L6-v2,0.7156652347778519,0.816,low,Amazon Mechanical Turk,https://www.mturk.com/pricing,2026-07-12,0.04,0.002,40.0,2.0,42.0
trec,uncertainty_al,1000,3,sentence_transformer_logreg,sentence-transformers/all-MiniLM-L6-v2,0.7052446392944586,0.8,base,Prolific,https://www.prolific.com/pricing,2026-07-12,0.0951999999999999,0.002,95.2,2.0,97.2
trec,uncertainty_al,1000,3,sentence_transformer_logreg,sentence-transformers/all-MiniLM-L6-v2,0.7052446392944586,0.8,high,Prolific,https://www.prolific.com/pricing,2026-07-12,0.4283999999999999,0.002,428.3999999999999,2.0,430.3999999999999
trec,uncertainty_al,1000,3,sentence_transformer_logreg,sentence-transformers/all-MiniLM-L6-v2,0.7052446392944586,0.8,low,Amazon Mechanical Turk,https://www.mturk.com/pricing,2026-07-12,0.04,0.002,40.0,2.0,42.0
trec,uncertainty_al,1000,4,sentence_transformer_logreg,sentence-transformers/all-MiniLM-L6-v2,0.729211370394138,0.838,base,Prolific,https://www.prolific.com/pricing,2026-07-12,0.0951999999999999,0.002,95.2,2.0,97.2
trec,uncertainty_al,1000,4,sentence_transformer_logreg,sentence-transformers/all-MiniLM-L6-v2,0.729211370394138,0.838,high,Prolific,https://www.prolific.com/pricing,2026-07-12,0.4283999999999999,0.002,428.3999999999999,2.0,430.3999999999999
trec,uncertainty_al,1000,4,sentence_transformer_logreg,sentence-transformers/all-MiniLM-L6-v2,0.729211370394138,0.838,low,Amazon Mechanical Turk,https://www.mturk.com/pricing,2026-07-12,0.04,0.002,40.0,2.0,42.0
tweet_eval_sentiment,diversity_al,50,0,sentence_transformer_logreg,sentence-transformers/all-MiniLM-L6-v2,0.3299776566522999,0.462,base,Prolific,https://www.prolific.com/pricing,2026-07-12,0.0951999999999999,0.003,4.76,0.15,4.91
tweet_eval_sentiment,diversity_al,50,0,sentence_transformer_logreg,sentence-transformers/all-MiniLM-L6-v2,0.3299776566522999,0.462,high,Prolific,https://www.prolific.com/pricing,2026-07-12,0.4283999999999999,0.003,21.42,0.15,21.569999999999997
tweet_eval_sentiment,diversity_al,50,0,sentence_transformer_logreg,sentence-transformers/all-MiniLM-L6-v2,0.3299776566522999,0.462,low,Amazon Mechanical Turk,https://www.mturk.com/pricing,2026-07-12,0.04,0.003,2.0,0.15,2.15
tweet_eval_sentiment,diversity_al,50,1,sentence_transformer_logreg,sentence-transformers/all-MiniLM-L6-v2,0.2298163709928415,0.456,base,Prolific,https://www.prolific.com/pricing,2026-07-12,0.0951999999999999,0.003,4.76,0.15,4.91
tweet_eval_sentiment,diversity_al,50,1,sentence_transformer_logreg,sentence-transformers/all-MiniLM-L6-v2,0.2298163709928415,0.456,high,Prolific,https://www.prolific.com/pricing,2026-07-12,0.4283999999999999,0.003,21.42,0.15,21.569999999999997
tweet_eval_sentiment,diversity_al,50,1,sentence_transformer_logreg,sentence-transformers/all-MiniLM-L6-v2,0.2298163709928415,0.456,low,Amazon Mechanical Turk,https://www.mturk.com/pricing,2026-07-12,0.04,0.003,2.0,0.15,2.15
tweet_eval_sentiment,diversity_al,50,2,sentence_transformer_logreg,sentence-transformers/all-MiniLM-L6-v2,0.354126261348624,0.468,base,Prolific,https://www.prolific.com/pricing,2026-07-12,0.0951999999999999,0.003,4.76,0.15,4.91
tweet_eval_sentiment,diversity_al,50,2,sentence_transformer_logreg,sentence-transformers/all-MiniLM-L6-v2,0.354126261348624,0.468,high,Prolific,https://www.prolific.com/pricing,2026-07-12,0.4283999999999999,0.003,21.42,0.15,21.569999999999997
tweet_eval_sentiment,diversity_al,50,2,sentence_transformer_logreg,sentence-transformers/all-MiniLM-L6-v2,0.354126261348624,0.468,low,Amazon Mechanical Turk,https://www.mturk.com/pricing,2026-07-12,0.04,0.003,2.0,0.15,2.15
tweet_eval_sentiment,diversity_al,50,3,sentence_transformer_logreg,sentence-transformers/all-MiniLM-L6-v2,0.2829281649232987,0.468,base,Prolific,https://www.prolific.com/pricing,2026-07-12,0.0951999999999999,0.003,4.76,0.15,4.91
tweet_eval_sentiment,diversity_al,50,3,sentence_transformer_logreg,sentence-transformers/all-MiniLM-L6-v2,0.2829281649232987,0.468,high,Prolific,https://www.prolific.com/pricing,2026-07-12,0.4283999999999999,0.003,21.42,0.15,21.569999999999997
tweet_eval_sentiment,diversity_al,50,3,sentence_transformer_logreg,sentence-transformers/all-MiniLM-L6-v2,0.2829281649232987,0.468,low,Amazon Mechanical Turk,https://www.mturk.com/pricing,2026-07-12,0.04,0.003,2.0,0.15,2.15
tweet_eval_sentiment,diversity_al,50,4,sentence_transformer_logreg,sentence-transformers/all-MiniLM-L6-v2,0.2078458362009635,0.453,base,Prolific,https://www.prolific.com/pricing,2026-07-12,0.0951999999999999,0.003,4.76,0.15,4.91
tweet_eval_sentiment,diversity_al,50,4,sentence_transformer_logreg,sentence-transformers/all-MiniLM-L6-v2,0.2078458362009635,0.453,high,Prolific,https://www.prolific.com/pricing,2026-07-12,0.4283999999999999,0.003,21.42,0.15,21.569999999999997
tweet_eval_sentiment,diversity_al,50,4,sentence_transformer_logreg,sentence-transformers/all-MiniLM-L6-v2,0.2078458362009635,0.453,low,Amazon Mechanical Turk,https://www.mturk.com/pricing,2026-07-12,0.04,0.003,2.0,0.15,2.15
tweet_eval_sentiment,diversity_al,100,0,sentence_transformer_logreg,sentence-transformers/all-MiniLM-L6-v2,0.4103166151089474,0.504,base,Prolific,https://www.prolific.com/pricing,2026-07-12,0.0951999999999999,0.003,9.52,0.3,9.82
tweet_eval_sentiment,diversity_al,100,0,sentence_transformer_logreg,sentence-transformers/all-MiniLM-L6-v2,0.4103166151089474,0.504,high,Prolific,https://www.prolific.com/pricing,2026-07-12,0.4283999999999999,0.003,42.84,0.3,43.13999999999999
tweet_eval_sentiment,diversity_al,100,0,sentence_transformer_logreg,sentence-transformers/all-MiniLM-L6-v2,0.4103166151089474,0.504,low,Amazon Mechanical Turk,https://www.mturk.com/pricing,2026-07-12,0.04,0.003,4.0,0.3,4.3
tweet_eval_sentiment,diversity_al,100,1,sentence_transformer_logreg,sentence-transformers/all-MiniLM-L6-v2,0.3687303550593603,0.5,base,Prolific,https://www.prolific.com/pricing,2026-07-12,0.0951999999999999,0.003,9.52,0.3,9.82
tweet_eval_sentiment,diversity_al,100,1,sentence_transformer_logreg,sentence-transformers/all-MiniLM-L6-v2,0.3687303550593603,0.5,high,Prolific,https://www.prolific.com/pricing,2026-07-12,0.4283999999999999,0.003,42.84,0.3,43.13999999999999
tweet_eval_sentiment,diversity_al,100,1,sentence_transformer_logreg,sentence-transformers/all-MiniLM-L6-v2,0.3687303550593603,0.5,low,Amazon Mechanical Turk,https://www.mturk.com/pricing,2026-07-12,0.04,0.003,4.0,0.3,4.3
tweet_eval_sentiment,diversity_al,100,2,sentence_transformer_logreg,sentence-transformers/all-MiniLM-L6-v2,0.4352838267427953,0.494,base,Prolific,https://www.prolific.com/pricing,2026-07-12,0.0951999999999999,0.003,9.52,0.3,9.82
tweet_eval_sentiment,diversity_al,100,2,sentence_transformer_logreg,sentence-transformers/all-MiniLM-L6-v2,0.4352838267427953,0.494,high,Prolific,https://www.prolific.com/pricing,2026-07-12,0.4283999999999999,0.003,42.84,0.3,43.13999999999999
tweet_eval_sentiment,diversity_al,100,2,sentence_transformer_logreg,sentence-transformers/all-MiniLM-L6-v2,0.4352838267427953,0.494,low,Amazon Mechanical Turk,https://www.mturk.com/pricing,2026-07-12,0.04,0.003,4.0,0.3,4.3
tweet_eval_sentiment,diversity_al,100,3,sentence_transformer_logreg,sentence-transformers/all-MiniLM-L6-v2,0.3560416191995139,0.465,base,Prolific,https://www.prolific.com/pricing,2026-07-12,0.0951999999999999,0.003,9.52,0.3,9.82
tweet_eval_sentiment,diversity_al,100,3,sentence_transformer_logreg,sentence-transformers/all-MiniLM-L6-v2,0.3560416191995139,0.465,high,Prolific,https://www.prolific.com/pricing,2026-07-12,0.4283999999999999,0.003,42.84,0.3,43.13999999999999
tweet_eval_sentiment,diversity_al,100,3,sentence_transformer_logreg,sentence-transformers/all-MiniLM-L6-v2,0.3560416191995139,0.465,low,Amazon Mechanical Turk,https://www.mturk.com/pricing,2026-07-12,0.04,0.003,4.0,0.3,4.3
tweet_eval_sentiment,diversity_al,100,4,sentence_transformer_logreg,sentence-transformers/all-MiniLM-L6-v2,0.3716643846036817,0.493,base,Prolific,https://www.prolific.com/pricing,2026-07-12,0.0951999999999999,0.003,9.52,0.3,9.82
tweet_eval_sentiment,diversity_al,100,4,sentence_transformer_logreg,sentence-transformers/all-MiniLM-L6-v2,0.3716643846036817,0.493,high,Prolific,https://www.prolific.com/pricing,2026-07-12,0.4283999999999999,0.003,42.84,0.3,43.13999999999999
tweet_eval_sentiment,diversity_al,100,4,sentence_transformer_logreg,sentence-transformers/all-MiniLM-L6-v2,0.3716643846036817,0.493,low,Amazon Mechanical Turk,https://www.mturk.com/pricing,2026-07-12,0.04,0.003,4.0,0.3,4.3
tweet_eval_sentiment,diversity_al,250,0,sentence_transformer_logreg,sentence-transformers/all-MiniLM-L6-v2,0.4989244277559468,0.545,base,Prolific,https://www.prolific.com/pricing,2026-07-12,0.0951999999999999,0.003,23.799999999999997,0.75,24.549999999999997
tweet_eval_sentiment,diversity_al,250,0,sentence_transformer_logreg,sentence-transformers/all-MiniLM-L6-v2,0.4989244277559468,0.545,high,Prolific,https://www.prolific.com/pricing,2026-07-12,0.4283999999999999,0.003,107.09999999999998,0.75,107.84999999999998
tweet_eval_sentiment,diversity_al,250,0,sentence_transformer_logreg,sentence-transformers/all-MiniLM-L6-v2,0.4989244277559468,0.545,low,Amazon Mechanical Turk,https://www.mturk.com/pricing,2026-07-12,0.04,0.003,10.0,0.75,10.75
tweet_eval_sentiment,diversity_al,250,1,sentence_transformer_logreg,sentence-transformers/all-MiniLM-L6-v2,0.5396366274922242,0.566,base,Prolific,https://www.prolific.com/pricing,2026-07-12,0.0951999999999999,0.003,23.799999999999997,0.75,24.549999999999997
tweet_eval_sentiment,diversity_al,250,1,sentence_transformer_logreg,sentence-transformers/all-MiniLM-L6-v2,0.5396366274922242,0.566,high,Prolific,https://www.prolific.com/pricing,2026-07-12,0.4283999999999999,0.003,107.09999999999998,0.75,107.84999999999998
tweet_eval_sentiment,diversity_al,250,1,sentence_transformer_logreg,sentence-transformers/all-MiniLM-L6-v2,0.5396366274922242,0.566,low,Amazon Mechanical Turk,https://www.mturk.com/pricing,2026-07-12,0.04,0.003,10.0,0.75,10.75
tweet_eval_sentiment,diversity_al,250,2,sentence_transformer_logreg,sentence-transformers/all-MiniLM-L6-v2,0.5484355233336546,0.566,base,Prolific,https://www.prolific.com/pricing,2026-07-12,0.0951999999999999,0.003,23.799999999999997,0.75,24.549999999999997
tweet_eval_sentiment,diversity_al,250,2,sentence_transformer_logreg,sentence-transformers/all-MiniLM-L6-v2,0.5484355233336546,0.566,high,Prolific,https://www.prolific.com/pricing,2026-07-12,0.4283999999999999,0.003,107.09999999999998,0.75,107.84999999999998
tweet_eval_sentiment,diversity_al,250,2,sentence_transformer_logreg,sentence-transformers/all-MiniLM-L6-v2,0.5484355233336546,0.566,low,Amazon Mechanical Turk,https://www.mturk.com/pricing,2026-07-12,0.04,0.003,10.0,0.75,10.75
tweet_eval_sentiment,diversity_al,250,3,sentence_transformer_logreg,sentence-transformers/all-MiniLM-L6-v2,0.4610107561048873,0.523,base,Prolific,https://www.prolific.com/pricing,2026-07-12,0.0951999999999999,0.003,23.799999999999997,0.75,24.549999999999997
tweet_eval_sentiment,diversity_al,250,3,sentence_transformer_logreg,sentence-transformers/all-MiniLM-L6-v2,0.4610107561048873,0.523,high,Prolific,https://www.prolific.com/pricing,2026-07-12,0.4283999999999999,0.003,107.09999999999998,0.75,107.84999999999998
tweet_eval_sentiment,diversity_al,250,3,sentence_transformer_logreg,sentence-transformers/all-MiniLM-L6-v2,0.4610107561048873,0.523,low,Amazon Mechanical Turk,https://www.mturk.com/pricing,2026-07-12,0.04,0.003,10.0,0.75,10.75
tweet_eval_sentiment,diversity_al,250,4,sentence_transformer_logreg,sentence-transformers/all-MiniLM-L6-v2,0.4994504043164406,0.542,base,Prolific,https://www.prolific.com/pricing,2026-07-12,0.0951999999999999,0.003,23.799999999999997,0.75,24.549999999999997
tweet_eval_sentiment,diversity_al,250,4,sentence_transformer_logreg,sentence-transformers/all-MiniLM-L6-v2,0.4994504043164406,0.542,high,Prolific,https://www.prolific.com/pricing,2026-07-12,0.4283999999999999,0.003,107.09999999999998,0.75,107.84999999999998
tweet_eval_sentiment,diversity_al,250,4,sentence_transformer_logreg,sentence-transformers/all-MiniLM-L6-v2,0.4994504043164406,0.542,low,Amazon Mechanical Turk,https://www.mturk.com/pricing,2026-07-12,0.04,0.003,10.0,0.75,10.75
tweet_eval_sentiment,diversity_al,500,0,sentence_transformer_logreg,sentence-transformers/all-MiniLM-L6-v2,0.5725010095571409,0.576,base,Prolific,https://www.prolific.com/pricing,2026-07-12,0.0951999999999999,0.003,47.599999999999994,1.5,49.099999999999994
tweet_eval_sentiment,diversity_al,500,0,sentence_transformer_logreg,sentence-transformers/all-MiniLM-L6-v2,0.5725010095571409,0.576,high,Prolific,https://www.prolific.com/pricing,2026-07-12,0.4283999999999999,0.003,214.19999999999996,1.5,215.69999999999996
tweet_eval_sentiment,diversity_al,500,0,sentence_transformer_logreg,sentence-transformers/all-MiniLM-L6-v2,0.5725010095571409,0.576,low,Amazon Mechanical Turk,https://www.mturk.com/pricing,2026-07-12,0.04,0.003,20.0,1.5,21.5
tweet_eval_sentiment,diversity_al,500,1,sentence_transformer_logreg,sentence-transformers/all-MiniLM-L6-v2,0.5660753300788078,0.586,base,Prolific,https://www.prolific.com/pricing,2026-07-12,0.0951999999999999,0.003,47.599999999999994,1.5,49.099999999999994
tweet_eval_sentiment,diversity_al,500,1,sentence_transformer_logreg,sentence-transformers/all-MiniLM-L6-v2,0.5660753300788078,0.586,high,Prolific,https://www.prolific.com/pricing,2026-07-12,0.4283999999999999,0.003,214.19999999999996,1.5,215.69999999999996
tweet_eval_sentiment,diversity_al,500,1,sentence_transformer_logreg,sentence-transformers/all-MiniLM-L6-v2,0.5660753300788078,0.586,low,Amazon Mechanical Turk,https://www.mturk.com/pricing,2026-07-12,0.04,0.003,20.0,1.5,21.5
tweet_eval_sentiment,diversity_al,500,2,sentence_transformer_logreg,sentence-transformers/all-MiniLM-L6-v2,0.5814551625458018,0.585,base,Prolific,https://www.prolific.com/pricing,2026-07-12,0.0951999999999999,0.003,47.599999999999994,1.5,49.099999999999994
tweet_eval_sentiment,diversity_al,500,2,sentence_transformer_logreg,sentence-transformers/all-MiniLM-L6-v2,0.5814551625458018,0.585,high,Prolific,https://www.prolific.com/pricing,2026-07-12,0.4283999999999999,0.003,214.19999999999996,1.5,215.69999999999996
tweet_eval_sentiment,diversity_al,500,2,sentence_transformer_logreg,sentence-transformers/all-MiniLM-L6-v2,0.5814551625458018,0.585,low,Amazon Mechanical Turk,https://www.mturk.com/pricing,2026-07-12,0.04,0.003,20.0,1.5,21.5
tweet_eval_sentiment,diversity_al,500,3,sentence_transformer_logreg,sentence-transformers/all-MiniLM-L6-v2,0.5772803308234159,0.581,base,Prolific,https://www.prolific.com/pricing,2026-07-12,0.0951999999999999,0.003,47.599999999999994,1.5,49.099999999999994
tweet_eval_sentiment,diversity_al,500,3,sentence_transformer_logreg,sentence-transformers/all-MiniLM-L6-v2,0.5772803308234159,0.581,high,Prolific,https://www.prolific.com/pricing,2026-07-12,0.4283999999999999,0.003,214.19999999999996,1.5,215.69999999999996
tweet_eval_sentiment,diversity_al,500,3,sentence_transformer_logreg,sentence-transformers/all-MiniLM-L6-v2,0.5772803308234159,0.581,low,Amazon Mechanical Turk,https://www.mturk.com/pricing,2026-07-12,0.04,0.003,20.0,1.5,21.5
tweet_eval_sentiment,diversity_al,500,4,sentence_transformer_logreg,sentence-transformers/all-MiniLM-L6-v2,0.583259006516721,0.591,base,Prolific,https://www.prolific.com/pricing,2026-07-12,0.0951999999999999,0.003,47.599999999999994,1.5,49.099999999999994
tweet_eval_sentiment,diversity_al,500,4,sentence_transformer_logreg,sentence-transformers/all-MiniLM-L6-v2,0.583259006516721,0.591,high,Prolific,https://www.prolific.com/pricing,2026-07-12,0.4283999999999999,0.003,214.19999999999996,1.5,215.69999999999996
tweet_eval_sentiment,diversity_al,500,4,sentence_transformer_logreg,sentence-transformers/all-MiniLM-L6-v2,0.583259006516721,0.591,low,Amazon Mechanical Turk,https://www.mturk.com/pricing,2026-07-12,0.04,0.003,20.0,1.5,21.5
tweet_eval_sentiment,diversity_al,1000,0,sentence_transformer_logreg,sentence-transformers/all-MiniLM-L6-v2,0.5646250450520913,0.567,base,Prolific,https://www.prolific.com/pricing,2026-07-12,0.0951999999999999,0.003,95.2,3.0,98.2
tweet_eval_sentiment,diversity_al,1000,0,sentence_transformer_logreg,sentence-transformers/all-MiniLM-L6-v2,0.5646250450520913,0.567,high,Prolific,https://www.prolific.com/pricing,2026-07-12,0.4283999999999999,0.003,428.3999999999999,3.0,431.3999999999999
tweet_eval_sentiment,diversity_al,1000,0,sentence_transformer_logreg,sentence-transformers/all-MiniLM-L6-v2,0.5646250450520913,0.567,low,Amazon Mechanical Turk,https://www.mturk.com/pricing,2026-07-12,0.04,0.003,40.0,3.0,43.0
tweet_eval_sentiment,diversity_al,1000,1,sentence_transformer_logreg,sentence-transformers/all-MiniLM-L6-v2,0.584051946340082,0.584,base,Prolific,https://www.prolific.com/pricing,2026-07-12,0.0951999999999999,0.003,95.2,3.0,98.2
tweet_eval_sentiment,diversity_al,1000,1,sentence_transformer_logreg,sentence-transformers/all-MiniLM-L6-v2,0.584051946340082,0.584,high,Prolific,https://www.prolific.com/pricing,2026-07-12,0.4283999999999999,0.003,428.3999999999999,3.0,431.3999999999999
tweet_eval_sentiment,diversity_al,1000,1,sentence_transformer_logreg,sentence-transformers/all-MiniLM-L6-v2,0.584051946340082,0.584,low,Amazon Mechanical Turk,https://www.mturk.com/pricing,2026-07-12,0.04,0.003,40.0,3.0,43.0
tweet_eval_sentiment,diversity_al,1000,2,sentence_transformer_logreg,sentence-transformers/all-MiniLM-L6-v2,0.5731007522943007,0.576,base,Prolific,https://www.prolific.com/pricing,2026-07-12,0.0951999999999999,0.003,95.2,3.0,98.2
tweet_eval_sentiment,diversity_al,1000,2,sentence_transformer_logreg,sentence-transformers/all-MiniLM-L6-v2,0.5731007522943007,0.576,high,Prolific,https://www.prolific.com/pricing,2026-07-12,0.4283999999999999,0.003,428.3999999999999,3.0,431.3999999999999
tweet_eval_sentiment,diversity_al,1000,2,sentence_transformer_logreg,sentence-transformers/all-MiniLM-L6-v2,0.5731007522943007,0.576,low,Amazon Mechanical Turk,https://www.mturk.com/pricing,2026-07-12,0.04,0.003,40.0,3.0,43.0
tweet_eval_sentiment,diversity_al,1000,3,sentence_transformer_logreg,sentence-transformers/all-MiniLM-L6-v2,0.569960771483347,0.569,base,Prolific,https://www.prolific.com/pricing,2026-07-12,0.0951999999999999,0.003,95.2,3.0,98.2
tweet_eval_sentiment,diversity_al,1000,3,sentence_transformer_logreg,sentence-transformers/all-MiniLM-L6-v2,0.569960771483347,0.569,high,Prolific,https://www.prolific.com/pricing,2026-07-12,0.4283999999999999,0.003,428.3999999999999,3.0,431.3999999999999
tweet_eval_sentiment,diversity_al,1000,3,sentence_transformer_logreg,sentence-transformers/all-MiniLM-L6-v2,0.569960771483347,0.569,low,Amazon Mechanical Turk,https://www.mturk.com/pricing,2026-07-12,0.04,0.003,40.0,3.0,43.0
tweet_eval_sentiment,diversity_al,1000,4,sentence_transformer_logreg,sentence-transformers/all-MiniLM-L6-v2,0.5664168788527899,0.572,base,Prolific,https://www.prolific.com/pricing,2026-07-12,0.0951999999999999,0.003,95.2,3.0,98.2
tweet_eval_sentiment,diversity_al,1000,4,sentence_transformer_logreg,sentence-transformers/all-MiniLM-L6-v2,0.5664168788527899,0.572,high,Prolific,https://www.prolific.com/pricing,2026-07-12,0.4283999999999999,0.003,428.3999999999999,3.0,431.3999999999999
tweet_eval_sentiment,diversity_al,1000,4,sentence_transformer_logreg,sentence-transformers/all-MiniLM-L6-v2,0.5664168788527899,0.572,low,Amazon Mechanical Turk,https://www.mturk.com/pricing,2026-07-12,0.04,0.003,40.0,3.0,43.0
tweet_eval_sentiment,hybrid_al,50,0,sentence_transformer_logreg,sentence-transformers/all-MiniLM-L6-v2,0.3323292581136152,0.457,base,Prolific,https://www.prolific.com/pricing,2026-07-12,0.0951999999999999,0.004,4.76,0.2,4.96
tweet_eval_sentiment,hybrid_al,50,0,sentence_transformer_logreg,sentence-transformers/all-MiniLM-L6-v2,0.3323292581136152,0.457,high,Prolific,https://www.prolific.com/pricing,2026-07-12,0.4283999999999999,0.004,21.42,0.2,21.619999999999997
tweet_eval_sentiment,hybrid_al,50,0,sentence_transformer_logreg,sentence-transformers/all-MiniLM-L6-v2,0.3323292581136152,0.457,low,Amazon Mechanical Turk,https://www.mturk.com/pricing,2026-07-12,0.04,0.004,2.0,0.2,2.2
tweet_eval_sentiment,hybrid_al,50,1,sentence_transformer_logreg,sentence-transformers/all-MiniLM-L6-v2,0.2844476697306886,0.455,base,Prolific,https://www.prolific.com/pricing,2026-07-12,0.0951999999999999,0.004,4.76,0.2,4.96
tweet_eval_sentiment,hybrid_al,50,1,sentence_transformer_logreg,sentence-transformers/all-MiniLM-L6-v2,0.2844476697306886,0.455,high,Prolific,https://www.prolific.com/pricing,2026-07-12,0.4283999999999999,0.004,21.42,0.2,21.619999999999997
tweet_eval_sentiment,hybrid_al,50,1,sentence_transformer_logreg,sentence-transformers/all-MiniLM-L6-v2,0.2844476697306886,0.455,low,Amazon Mechanical Turk,https://www.mturk.com/pricing,2026-07-12,0.04,0.004,2.0,0.2,2.2
tweet_eval_sentiment,hybrid_al,50,2,sentence_transformer_logreg,sentence-transformers/all-MiniLM-L6-v2,0.328464045027031,0.458,base,Prolific,https://www.prolific.com/pricing,2026-07-12,0.0951999999999999,0.004,4.76,0.2,4.96
tweet_eval_sentiment,hybrid_al,50,2,sentence_transformer_logreg,sentence-transformers/all-MiniLM-L6-v2,0.328464045027031,0.458,high,Prolific,https://www.prolific.com/pricing,2026-07-12,0.4283999999999999,0.004,21.42,0.2,21.619999999999997
tweet_eval_sentiment,hybrid_al,50,2,sentence_transformer_logreg,sentence-transformers/all-MiniLM-L6-v2,0.328464045027031,0.458,low,Amazon Mechanical Turk,https://www.mturk.com/pricing,2026-07-12,0.04,0.004,2.0,0.2,2.2
tweet_eval_sentiment,hybrid_al,50,3,sentence_transformer_logreg,sentence-transformers/all-MiniLM-L6-v2,0.3182042210450991,0.46,base,Prolific,https://www.prolific.com/pricing,2026-07-12,0.0951999999999999,0.004,4.76,0.2,4.96
tweet_eval_sentiment,hybrid_al,50,3,sentence_transformer_logreg,sentence-transformers/all-MiniLM-L6-v2,0.3182042210450991,0.46,high,Prolific,https://www.prolific.com/pricing,2026-07-12,0.4283999999999999,0.004,21.42,0.2,21.619999999999997
tweet_eval_sentiment,hybrid_al,50,3,sentence_transformer_logreg,sentence-transformers/all-MiniLM-L6-v2,0.3182042210450991,0.46,low,Amazon Mechanical Turk,https://www.mturk.com/pricing,2026-07-12,0.04,0.004,2.0,0.2,2.2
tweet_eval_sentiment,hybrid_al,50,4,sentence_transformer_logreg,sentence-transformers/all-MiniLM-L6-v2,0.2650922131693514,0.463,base,Prolific,https://www.prolific.com/pricing,2026-07-12,0.0951999999999999,0.004,4.76,0.2,4.96
tweet_eval_sentiment,hybrid_al,50,4,sentence_transformer_logreg,sentence-transformers/all-MiniLM-L6-v2,0.2650922131693514,0.463,high,Prolific,https://www.prolific.com/pricing,2026-07-12,0.4283999999999999,0.004,21.42,0.2,21.619999999999997
tweet_eval_sentiment,hybrid_al,50,4,sentence_transformer_logreg,sentence-transformers/all-MiniLM-L6-v2,0.2650922131693514,0.463,low,Amazon Mechanical Turk,https://www.mturk.com/pricing,2026-07-12,0.04,0.004,2.0,0.2,2.2
tweet_eval_sentiment,hybrid_al,100,0,sentence_transformer_logreg,sentence-transformers/all-MiniLM-L6-v2,0.3804700529545672,0.484,base,Prolific,https://www.prolific.com/pricing,2026-07-12,0.0951999999999999,0.004,9.52,0.4,9.92
tweet_eval_sentiment,hybrid_al,100,0,sentence_transformer_logreg,sentence-transformers/all-MiniLM-L6-v2,0.3804700529545672,0.484,high,Prolific,https://www.prolific.com/pricing,2026-07-12,0.4283999999999999,0.004,42.84,0.4,43.239999999999995
tweet_eval_sentiment,hybrid_al,100,0,sentence_transformer_logreg,sentence-transformers/all-MiniLM-L6-v2,0.3804700529545672,0.484,low,Amazon Mechanical Turk,https://www.mturk.com/pricing,2026-07-12,0.04,0.004,4.0,0.4,4.4
tweet_eval_sentiment,hybrid_al,100,1,sentence_transformer_logreg,sentence-transformers/all-MiniLM-L6-v2,0.3734240359490288,0.494,base,Prolific,https://www.prolific.com/pricing,2026-07-12,0.0951999999999999,0.004,9.52,0.4,9.92
tweet_eval_sentiment,hybrid_al,100,1,sentence_transformer_logreg,sentence-transformers/all-MiniLM-L6-v2,0.3734240359490288,0.494,high,Prolific,https://www.prolific.com/pricing,2026-07-12,0.4283999999999999,0.004,42.84,0.4,43.239999999999995
tweet_eval_sentiment,hybrid_al,100,1,sentence_transformer_logreg,sentence-transformers/all-MiniLM-L6-v2,0.3734240359490288,0.494,low,Amazon Mechanical Turk,https://www.mturk.com/pricing,2026-07-12,0.04,0.004,4.0,0.4,4.4
tweet_eval_sentiment,hybrid_al,100,2,sentence_transformer_logreg,sentence-transformers/all-MiniLM-L6-v2,0.4429808276020181,0.509,base,Prolific,https://www.prolific.com/pricing,2026-07-12,0.0951999999999999,0.004,9.52,0.4,9.92
tweet_eval_sentiment,hybrid_al,100,2,sentence_transformer_logreg,sentence-transformers/all-MiniLM-L6-v2,0.4429808276020181,0.509,high,Prolific,https://www.prolific.com/pricing,2026-07-12,0.4283999999999999,0.004,42.84,0.4,43.239999999999995
tweet_eval_sentiment,hybrid_al,100,2,sentence_transformer_logreg,sentence-transformers/all-MiniLM-L6-v2,0.4429808276020181,0.509,low,Amazon Mechanical Turk,https://www.mturk.com/pricing,2026-07-12,0.04,0.004,4.0,0.4,4.4
tweet_eval_sentiment,hybrid_al,100,3,sentence_transformer_logreg,sentence-transformers/all-MiniLM-L6-v2,0.3207425913049963,0.468,base,Prolific,https://www.prolific.com/pricing,2026-07-12,0.0951999999999999,0.004,9.52,0.4,9.92
tweet_eval_sentiment,hybrid_al,100,3,sentence_transformer_logreg,sentence-transformers/all-MiniLM-L6-v2,0.3207425913049963,0.468,high,Prolific,https://www.prolific.com/pricing,2026-07-12,0.4283999999999999,0.004,42.84,0.4,43.239999999999995
tweet_eval_sentiment,hybrid_al,100,3,sentence_transformer_logreg,sentence-transformers/all-MiniLM-L6-v2,0.3207425913049963,0.468,low,Amazon Mechanical Turk,https://www.mturk.com/pricing,2026-07-12,0.04,0.004,4.0,0.4,4.4
tweet_eval_sentiment,hybrid_al,100,4,sentence_transformer_logreg,sentence-transformers/all-MiniLM-L6-v2,0.27463761439715,0.467,base,Prolific,https://www.prolific.com/pricing,2026-07-12,0.0951999999999999,0.004,9.52,0.4,9.92
tweet_eval_sentiment,hybrid_al,100,4,sentence_transformer_logreg,sentence-transformers/all-MiniLM-L6-v2,0.27463761439715,0.467,high,Prolific,https://www.prolific.com/pricing,2026-07-12,0.4283999999999999,0.004,42.84,0.4,43.239999999999995
tweet_eval_sentiment,hybrid_al,100,4,sentence_transformer_logreg,sentence-transformers/all-MiniLM-L6-v2,0.27463761439715,0.467,low,Amazon Mechanical Turk,https://www.mturk.com/pricing,2026-07-12,0.04,0.004,4.0,0.4,4.4
tweet_eval_sentiment,hybrid_al,250,0,sentence_transformer_logreg,sentence-transformers/all-MiniLM-L6-v2,0.4859863969904941,0.517,base,Prolific,https://www.prolific.com/pricing,2026-07-12,0.0951999999999999,0.004,23.799999999999997,1.0,24.799999999999997
tweet_eval_sentiment,hybrid_al,250,0,sentence_transformer_logreg,sentence-transformers/all-MiniLM-L6-v2,0.4859863969904941,0.517,high,Prolific,https://www.prolific.com/pricing,2026-07-12,0.4283999999999999,0.004,107.09999999999998,1.0,108.09999999999998
tweet_eval_sentiment,hybrid_al,250,0,sentence_transformer_logreg,sentence-transformers/all-MiniLM-L6-v2,0.4859863969904941,0.517,low,Amazon Mechanical Turk,https://www.mturk.com/pricing,2026-07-12,0.04,0.004,10.0,1.0,11.0
tweet_eval_sentiment,hybrid_al,250,1,sentence_transformer_logreg,sentence-transformers/all-MiniLM-L6-v2,0.515890628479919,0.54,base,Prolific,https://www.prolific.com/pricing,2026-07-12,0.0951999999999999,0.004,23.799999999999997,1.0,24.799999999999997
tweet_eval_sentiment,hybrid_al,250,1,sentence_transformer_logreg,sentence-transformers/all-MiniLM-L6-v2,0.515890628479919,0.54,high,Prolific,https://www.prolific.com/pricing,2026-07-12,0.4283999999999999,0.004,107.09999999999998,1.0,108.09999999999998
tweet_eval_sentiment,hybrid_al,250,1,sentence_transformer_logreg,sentence-transformers/all-MiniLM-L6-v2,0.515890628479919,0.54,low,Amazon Mechanical Turk,https://www.mturk.com/pricing,2026-07-12,0.04,0.004,10.0,1.0,11.0
tweet_eval_sentiment,hybrid_al,250,2,sentence_transformer_logreg,sentence-transformers/all-MiniLM-L6-v2,0.4960867442336445,0.545,base,Prolific,https://www.prolific.com/pricing,2026-07-12,0.0951999999999999,0.004,23.799999999999997,1.0,24.799999999999997
tweet_eval_sentiment,hybrid_al,250,2,sentence_transformer_logreg,sentence-transformers/all-MiniLM-L6-v2,0.4960867442336445,0.545,high,Prolific,https://www.prolific.com/pricing,2026-07-12,0.4283999999999999,0.004,107.09999999999998,1.0,108.09999999999998
tweet_eval_sentiment,hybrid_al,250,2,sentence_transformer_logreg,sentence-transformers/all-MiniLM-L6-v2,0.4960867442336445,0.545,low,Amazon Mechanical Turk,https://www.mturk.com/pricing,2026-07-12,0.04,0.004,10.0,1.0,11.0
tweet_eval_sentiment,hybrid_al,250,3,sentence_transformer_logreg,sentence-transformers/all-MiniLM-L6-v2,0.4302830824910313,0.504,base,Prolific,https://www.prolific.com/pricing,2026-07-12,0.0951999999999999,0.004,23.799999999999997,1.0,24.799999999999997
tweet_eval_sentiment,hybrid_al,250,3,sentence_transformer_logreg,sentence-transformers/all-MiniLM-L6-v2,0.4302830824910313,0.504,high,Prolific,https://www.prolific.com/pricing,2026-07-12,0.4283999999999999,0.004,107.09999999999998,1.0,108.09999999999998
tweet_eval_sentiment,hybrid_al,250,3,sentence_transformer_logreg,sentence-transformers/all-MiniLM-L6-v2,0.4302830824910313,0.504,low,Amazon Mechanical Turk,https://www.mturk.com/pricing,2026-07-12,0.04,0.004,10.0,1.0,11.0
tweet_eval_sentiment,hybrid_al,250,4,sentence_transformer_logreg,sentence-transformers/all-MiniLM-L6-v2,0.4478490995481763,0.513,base,Prolific,https://www.prolific.com/pricing,2026-07-12,0.0951999999999999,0.004,23.799999999999997,1.0,24.799999999999997
tweet_eval_sentiment,hybrid_al,250,4,sentence_transformer_logreg,sentence-transformers/all-MiniLM-L6-v2,0.4478490995481763,0.513,high,Prolific,https://www.prolific.com/pricing,2026-07-12,0.4283999999999999,0.004,107.09999999999998,1.0,108.09999999999998
tweet_eval_sentiment,hybrid_al,250,4,sentence_transformer_logreg,sentence-transformers/all-MiniLM-L6-v2,0.4478490995481763,0.513,low,Amazon Mechanical Turk,https://www.mturk.com/pricing,2026-07-12,0.04,0.004,10.0,1.0,11.0
tweet_eval_sentiment,hybrid_al,500,0,sentence_transformer_logreg,sentence-transformers/all-MiniLM-L6-v2,0.5567716161347246,0.565,base,Prolific,https://www.prolific.com/pricing,2026-07-12,0.0951999999999999,0.004,47.599999999999994,2.0,49.599999999999994
tweet_eval_sentiment,hybrid_al,500,0,sentence_transformer_logreg,sentence-transformers/all-MiniLM-L6-v2,0.5567716161347246,0.565,high,Prolific,https://www.prolific.com/pricing,2026-07-12,0.4283999999999999,0.004,214.19999999999996,2.0,216.19999999999996
tweet_eval_sentiment,hybrid_al,500,0,sentence_transformer_logreg,sentence-transformers/all-MiniLM-L6-v2,0.5567716161347246,0.565,low,Amazon Mechanical Turk,https://www.mturk.com/pricing,2026-07-12,0.04,0.004,20.0,2.0,22.0
tweet_eval_sentiment,hybrid_al,500,1,sentence_transformer_logreg,sentence-transformers/all-MiniLM-L6-v2,0.5611266316040185,0.567,base,Prolific,https://www.prolific.com/pricing,2026-07-12,0.0951999999999999,0.004,47.599999999999994,2.0,49.599999999999994
tweet_eval_sentiment,hybrid_al,500,1,sentence_transformer_logreg,sentence-transformers/all-MiniLM-L6-v2,0.5611266316040185,0.567,high,Prolific,https://www.prolific.com/pricing,2026-07-12,0.4283999999999999,0.004,214.19999999999996,2.0,216.19999999999996
tweet_eval_sentiment,hybrid_al,500,1,sentence_transformer_logreg,sentence-transformers/all-MiniLM-L6-v2,0.5611266316040185,0.567,low,Amazon Mechanical Turk,https://www.mturk.com/pricing,2026-07-12,0.04,0.004,20.0,2.0,22.0
tweet_eval_sentiment,hybrid_al,500,2,sentence_transformer_logreg,sentence-transformers/all-MiniLM-L6-v2,0.5390129315399336,0.562,base,Prolific,https://www.prolific.com/pricing,2026-07-12,0.0951999999999999,0.004,47.599999999999994,2.0,49.599999999999994
tweet_eval_sentiment,hybrid_al,500,2,sentence_transformer_logreg,sentence-transformers/all-MiniLM-L6-v2,0.5390129315399336,0.562,high,Prolific,https://www.prolific.com/pricing,2026-07-12,0.4283999999999999,0.004,214.19999999999996,2.0,216.19999999999996
tweet_eval_sentiment,hybrid_al,500,2,sentence_transformer_logreg,sentence-transformers/all-MiniLM-L6-v2,0.5390129315399336,0.562,low,Amazon Mechanical Turk,https://www.mturk.com/pricing,2026-07-12,0.04,0.004,20.0,2.0,22.0
tweet_eval_sentiment,hybrid_al,500,3,sentence_transformer_logreg,sentence-transformers/all-MiniLM-L6-v2,0.5629160231439063,0.565,base,Prolific,https://www.prolific.com/pricing,2026-07-12,0.0951999999999999,0.004,47.599999999999994,2.0,49.599999999999994
tweet_eval_sentiment,hybrid_al,500,3,sentence_transformer_logreg,sentence-transformers/all-MiniLM-L6-v2,0.5629160231439063,0.565,high,Prolific,https://www.prolific.com/pricing,2026-07-12,0.4283999999999999,0.004,214.19999999999996,2.0,216.19999999999996
tweet_eval_sentiment,hybrid_al,500,3,sentence_transformer_logreg,sentence-transformers/all-MiniLM-L6-v2,0.5629160231439063,0.565,low,Amazon Mechanical Turk,https://www.mturk.com/pricing,2026-07-12,0.04,0.004,20.0,2.0,22.0
tweet_eval_sentiment,hybrid_al,500,4,sentence_transformer_logreg,sentence-transformers/all-MiniLM-L6-v2,0.5579589689001181,0.565,base,Prolific,https://www.prolific.com/pricing,2026-07-12,0.0951999999999999,0.004,47.599999999999994,2.0,49.599999999999994
tweet_eval_sentiment,hybrid_al,500,4,sentence_transformer_logreg,sentence-transformers/all-MiniLM-L6-v2,0.5579589689001181,0.565,high,Prolific,https://www.prolific.com/pricing,2026-07-12,0.4283999999999999,0.004,214.19999999999996,2.0,216.19999999999996
tweet_eval_sentiment,hybrid_al,500,4,sentence_transformer_logreg,sentence-transformers/all-MiniLM-L6-v2,0.5579589689001181,0.565,low,Amazon Mechanical Turk,https://www.mturk.com/pricing,2026-07-12,0.04,0.004,20.0,2.0,22.0
tweet_eval_sentiment,hybrid_al,1000,0,sentence_transformer_logreg,sentence-transformers/all-MiniLM-L6-v2,0.5797886033704351,0.577,base,Prolific,https://www.prolific.com/pricing,2026-07-12,0.0951999999999999,0.004,95.2,4.0,99.2
tweet_eval_sentiment,hybrid_al,1000,0,sentence_transformer_logreg,sentence-transformers/all-MiniLM-L6-v2,0.5797886033704351,0.577,high,Prolific,https://www.prolific.com/pricing,2026-07-12,0.4283999999999999,0.004,428.3999999999999,4.0,432.3999999999999
tweet_eval_sentiment,hybrid_al,1000,0,sentence_transformer_logreg,sentence-transformers/all-MiniLM-L6-v2,0.5797886033704351,0.577,low,Amazon Mechanical Turk,https://www.mturk.com/pricing,2026-07-12,0.04,0.004,40.0,4.0,44.0
tweet_eval_sentiment,hybrid_al,1000,1,sentence_transformer_logreg,sentence-transformers/all-MiniLM-L6-v2,0.5884438215120577,0.588,base,Prolific,https://www.prolific.com/pricing,2026-07-12,0.0951999999999999,0.004,95.2,4.0,99.2
tweet_eval_sentiment,hybrid_al,1000,1,sentence_transformer_logreg,sentence-transformers/all-MiniLM-L6-v2,0.5884438215120577,0.588,high,Prolific,https://www.prolific.com/pricing,2026-07-12,0.4283999999999999,0.004,428.3999999999999,4.0,432.3999999999999
tweet_eval_sentiment,hybrid_al,1000,1,sentence_transformer_logreg,sentence-transformers/all-MiniLM-L6-v2,0.5884438215120577,0.588,low,Amazon Mechanical Turk,https://www.mturk.com/pricing,2026-07-12,0.04,0.004,40.0,4.0,44.0
tweet_eval_sentiment,hybrid_al,1000,2,sentence_transformer_logreg,sentence-transformers/all-MiniLM-L6-v2,0.5755835092685465,0.573,base,Prolific,https://www.prolific.com/pricing,2026-07-12,0.0951999999999999,0.004,95.2,4.0,99.2
tweet_eval_sentiment,hybrid_al,1000,2,sentence_transformer_logreg,sentence-transformers/all-MiniLM-L6-v2,0.5755835092685465,0.573,high,Prolific,https://www.prolific.com/pricing,2026-07-12,0.4283999999999999,0.004,428.3999999999999,4.0,432.3999999999999
tweet_eval_sentiment,hybrid_al,1000,2,sentence_transformer_logreg,sentence-transformers/all-MiniLM-L6-v2,0.5755835092685465,0.573,low,Amazon Mechanical Turk,https://www.mturk.com/pricing,2026-07-12,0.04,0.004,40.0,4.0,44.0
tweet_eval_sentiment,hybrid_al,1000,3,sentence_transformer_logreg,sentence-transformers/all-MiniLM-L6-v2,0.5688474326261382,0.568,base,Prolific,https://www.prolific.com/pricing,2026-07-12,0.0951999999999999,0.004,95.2,4.0,99.2
tweet_eval_sentiment,hybrid_al,1000,3,sentence_transformer_logreg,sentence-transformers/all-MiniLM-L6-v2,0.5688474326261382,0.568,high,Prolific,https://www.prolific.com/pricing,2026-07-12,0.4283999999999999,0.004,428.3999999999999,4.0,432.3999999999999
tweet_eval_sentiment,hybrid_al,1000,3,sentence_transformer_logreg,sentence-transformers/all-MiniLM-L6-v2,0.5688474326261382,0.568,low,Amazon Mechanical Turk,https://www.mturk.com/pricing,2026-07-12,0.04,0.004,40.0,4.0,44.0
tweet_eval_sentiment,hybrid_al,1000,4,sentence_transformer_logreg,sentence-transformers/all-MiniLM-L6-v2,0.5658031737097474,0.567,base,Prolific,https://www.prolific.com/pricing,2026-07-12,0.0951999999999999,0.004,95.2,4.0,99.2
tweet_eval_sentiment,hybrid_al,1000,4,sentence_transformer_logreg,sentence-transformers/all-MiniLM-L6-v2,0.5658031737097474,0.567,high,Prolific,https://www.prolific.com/pricing,2026-07-12,0.4283999999999999,0.004,428.3999999999999,4.0,432.3999999999999
tweet_eval_sentiment,hybrid_al,1000,4,sentence_transformer_logreg,sentence-transformers/all-MiniLM-L6-v2,0.5658031737097474,0.567,low,Amazon Mechanical Turk,https://www.mturk.com/pricing,2026-07-12,0.04,0.004,40.0,4.0,44.0
tweet_eval_sentiment,random,50,0,sentence_transformer_logreg,sentence-transformers/all-MiniLM-L6-v2,0.3577937186173813,0.49,base,Prolific,https://www.prolific.com/pricing,2026-07-12,0.0951999999999999,0.0,4.76,0.0,4.76
tweet_eval_sentiment,random,50,0,sentence_transformer_logreg,sentence-transformers/all-MiniLM-L6-v2,0.3577937186173813,0.49,high,Prolific,https://www.prolific.com/pricing,2026-07-12,0.4283999999999999,0.0,21.42,0.0,21.42
tweet_eval_sentiment,random,50,0,sentence_transformer_logreg,sentence-transformers/all-MiniLM-L6-v2,0.3577937186173813,0.49,low,Amazon Mechanical Turk,https://www.mturk.com/pricing,2026-07-12,0.04,0.0,2.0,0.0,2.0
tweet_eval_sentiment,random,50,1,sentence_transformer_logreg,sentence-transformers/all-MiniLM-L6-v2,0.2429541144460547,0.303,base,Prolific,https://www.prolific.com/pricing,2026-07-12,0.0951999999999999,0.0,4.76,0.0,4.76
tweet_eval_sentiment,random,50,1,sentence_transformer_logreg,sentence-transformers/all-MiniLM-L6-v2,0.2429541144460547,0.303,high,Prolific,https://www.prolific.com/pricing,2026-07-12,0.4283999999999999,0.0,21.42,0.0,21.42
tweet_eval_sentiment,random,50,1,sentence_transformer_logreg,sentence-transformers/all-MiniLM-L6-v2,0.2429541144460547,0.303,low,Amazon Mechanical Turk,https://www.mturk.com/pricing,2026-07-12,0.04,0.0,2.0,0.0,2.0
tweet_eval_sentiment,random,50,2,sentence_transformer_logreg,sentence-transformers/all-MiniLM-L6-v2,0.4178563664636417,0.422,base,Prolific,https://www.prolific.com/pricing,2026-07-12,0.0951999999999999,0.0,4.76,0.0,4.76
tweet_eval_sentiment,random,50,2,sentence_transformer_logreg,sentence-transformers/all-MiniLM-L6-v2,0.4178563664636417,0.422,high,Prolific,https://www.prolific.com/pricing,2026-07-12,0.4283999999999999,0.0,21.42,0.0,21.42
tweet_eval_sentiment,random,50,2,sentence_transformer_logreg,sentence-transformers/all-MiniLM-L6-v2,0.4178563664636417,0.422,low,Amazon Mechanical Turk,https://www.mturk.com/pricing,2026-07-12,0.04,0.0,2.0,0.0,2.0
tweet_eval_sentiment,random,50,3,sentence_transformer_logreg,sentence-transformers/all-MiniLM-L6-v2,0.3549139609635935,0.458,base,Prolific,https://www.prolific.com/pricing,2026-07-12,0.0951999999999999,0.0,4.76,0.0,4.76
tweet_eval_sentiment,random,50,3,sentence_transformer_logreg,sentence-transformers/all-MiniLM-L6-v2,0.3549139609635935,0.458,high,Prolific,https://www.prolific.com/pricing,2026-07-12,0.4283999999999999,0.0,21.42,0.0,21.42
tweet_eval_sentiment,random,50,3,sentence_transformer_logreg,sentence-transformers/all-MiniLM-L6-v2,0.3549139609635935,0.458,low,Amazon Mechanical Turk,https://www.mturk.com/pricing,2026-07-12,0.04,0.0,2.0,0.0,2.0
tweet_eval_sentiment,random,50,4,sentence_transformer_logreg,sentence-transformers/all-MiniLM-L6-v2,0.2408518924539731,0.301,base,Prolific,https://www.prolific.com/pricing,2026-07-12,0.0951999999999999,0.0,4.76,0.0,4.76
tweet_eval_sentiment,random,50,4,sentence_transformer_logreg,sentence-transformers/all-MiniLM-L6-v2,0.2408518924539731,0.301,high,Prolific,https://www.prolific.com/pricing,2026-07-12,0.4283999999999999,0.0,21.42,0.0,21.42
tweet_eval_sentiment,random,50,4,sentence_transformer_logreg,sentence-transformers/all-MiniLM-L6-v2,0.2408518924539731,0.301,low,Amazon Mechanical Turk,https://www.mturk.com/pricing,2026-07-12,0.04,0.0,2.0,0.0,2.0
tweet_eval_sentiment,random,100,0,sentence_transformer_logreg,sentence-transformers/all-MiniLM-L6-v2,0.3059674598844905,0.388,base,Prolific,https://www.prolific.com/pricing,2026-07-12,0.0951999999999999,0.0,9.52,0.0,9.52
tweet_eval_sentiment,random,100,0,sentence_transformer_logreg,sentence-transformers/all-MiniLM-L6-v2,0.3059674598844905,0.388,high,Prolific,https://www.prolific.com/pricing,2026-07-12,0.4283999999999999,0.0,42.84,0.0,42.84
tweet_eval_sentiment,random,100,0,sentence_transformer_logreg,sentence-transformers/all-MiniLM-L6-v2,0.3059674598844905,0.388,low,Amazon Mechanical Turk,https://www.mturk.com/pricing,2026-07-12,0.04,0.0,4.0,0.0,4.0
tweet_eval_sentiment,random,100,1,sentence_transformer_logreg,sentence-transformers/all-MiniLM-L6-v2,0.2691666307269878,0.466,base,Prolific,https://www.prolific.com/pricing,2026-07-12,0.0951999999999999,0.0,9.52,0.0,9.52
tweet_eval_sentiment,random,100,1,sentence_transformer_logreg,sentence-transformers/all-MiniLM-L6-v2,0.2691666307269878,0.466,high,Prolific,https://www.prolific.com/pricing,2026-07-12,0.4283999999999999,0.0,42.84,0.0,42.84
tweet_eval_sentiment,random,100,1,sentence_transformer_logreg,sentence-transformers/all-MiniLM-L6-v2,0.2691666307269878,0.466,low,Amazon Mechanical Turk,https://www.mturk.com/pricing,2026-07-12,0.04,0.0,4.0,0.0,4.0
tweet_eval_sentiment,random,100,2,sentence_transformer_logreg,sentence-transformers/all-MiniLM-L6-v2,0.4051496636152405,0.45,base,Prolific,https://www.prolific.com/pricing,2026-07-12,0.0951999999999999,0.0,9.52,0.0,9.52
tweet_eval_sentiment,random,100,2,sentence_transformer_logreg,sentence-transformers/all-MiniLM-L6-v2,0.4051496636152405,0.45,high,Prolific,https://www.prolific.com/pricing,2026-07-12,0.4283999999999999,0.0,42.84,0.0,42.84
tweet_eval_sentiment,random,100,2,sentence_transformer_logreg,sentence-transformers/all-MiniLM-L6-v2,0.4051496636152405,0.45,low,Amazon Mechanical Turk,https://www.mturk.com/pricing,2026-07-12,0.04,0.0,4.0,0.0,4.0
tweet_eval_sentiment,random,100,3,sentence_transformer_logreg,sentence-transformers/all-MiniLM-L6-v2,0.3760273303272101,0.498,base,Prolific,https://www.prolific.com/pricing,2026-07-12,0.0951999999999999,0.0,9.52,0.0,9.52
tweet_eval_sentiment,random,100,3,sentence_transformer_logreg,sentence-transformers/all-MiniLM-L6-v2,0.3760273303272101,0.498,high,Prolific,https://www.prolific.com/pricing,2026-07-12,0.4283999999999999,0.0,42.84,0.0,42.84
tweet_eval_sentiment,random,100,3,sentence_transformer_logreg,sentence-transformers/all-MiniLM-L6-v2,0.3760273303272101,0.498,low,Amazon Mechanical Turk,https://www.mturk.com/pricing,2026-07-12,0.04,0.0,4.0,0.0,4.0
tweet_eval_sentiment,random,100,4,sentence_transformer_logreg,sentence-transformers/all-MiniLM-L6-v2,0.2875352132318076,0.473,base,Prolific,https://www.prolific.com/pricing,2026-07-12,0.0951999999999999,0.0,9.52,0.0,9.52
tweet_eval_sentiment,random,100,4,sentence_transformer_logreg,sentence-transformers/all-MiniLM-L6-v2,0.2875352132318076,0.473,high,Prolific,https://www.prolific.com/pricing,2026-07-12,0.4283999999999999,0.0,42.84,0.0,42.84
tweet_eval_sentiment,random,100,4,sentence_transformer_logreg,sentence-transformers/all-MiniLM-L6-v2,0.2875352132318076,0.473,low,Amazon Mechanical Turk,https://www.mturk.com/pricing,2026-07-12,0.04,0.0,4.0,0.0,4.0
tweet_eval_sentiment,random,250,0,sentence_transformer_logreg,sentence-transformers/all-MiniLM-L6-v2,0.5387396641808347,0.559,base,Prolific,https://www.prolific.com/pricing,2026-07-12,0.0951999999999999,0.0,23.799999999999997,0.0,23.799999999999997
tweet_eval_sentiment,random,250,0,sentence_transformer_logreg,sentence-transformers/all-MiniLM-L6-v2,0.5387396641808347,0.559,high,Prolific,https://www.prolific.com/pricing,2026-07-12,0.4283999999999999,0.0,107.09999999999998,0.0,107.09999999999998
tweet_eval_sentiment,random,250,0,sentence_transformer_logreg,sentence-transformers/all-MiniLM-L6-v2,0.5387396641808347,0.559,low,Amazon Mechanical Turk,https://www.mturk.com/pricing,2026-07-12,0.04,0.0,10.0,0.0,10.0
tweet_eval_sentiment,random,250,1,sentence_transformer_logreg,sentence-transformers/all-MiniLM-L6-v2,0.5108299119811486,0.538,base,Prolific,https://www.prolific.com/pricing,2026-07-12,0.0951999999999999,0.0,23.799999999999997,0.0,23.799999999999997
tweet_eval_sentiment,random,250,1,sentence_transformer_logreg,sentence-transformers/all-MiniLM-L6-v2,0.5108299119811486,0.538,high,Prolific,https://www.prolific.com/pricing,2026-07-12,0.4283999999999999,0.0,107.09999999999998,0.0,107.09999999999998
tweet_eval_sentiment,random,250,1,sentence_transformer_logreg,sentence-transformers/all-MiniLM-L6-v2,0.5108299119811486,0.538,low,Amazon Mechanical Turk,https://www.mturk.com/pricing,2026-07-12,0.04,0.0,10.0,0.0,10.0
tweet_eval_sentiment,random,250,2,sentence_transformer_logreg,sentence-transformers/all-MiniLM-L6-v2,0.5110167777943077,0.511,base,Prolific,https://www.prolific.com/pricing,2026-07-12,0.0951999999999999,0.0,23.799999999999997,0.0,23.799999999999997
tweet_eval_sentiment,random,250,2,sentence_transformer_logreg,sentence-transformers/all-MiniLM-L6-v2,0.5110167777943077,0.511,high,Prolific,https://www.prolific.com/pricing,2026-07-12,0.4283999999999999,0.0,107.09999999999998,0.0,107.09999999999998
tweet_eval_sentiment,random,250,2,sentence_transformer_logreg,sentence-transformers/all-MiniLM-L6-v2,0.5110167777943077,0.511,low,Amazon Mechanical Turk,https://www.mturk.com/pricing,2026-07-12,0.04,0.0,10.0,0.0,10.0
tweet_eval_sentiment,random,250,3,sentence_transformer_logreg,sentence-transformers/all-MiniLM-L6-v2,0.499230942481685,0.519,base,Prolific,https://www.prolific.com/pricing,2026-07-12,0.0951999999999999,0.0,23.799999999999997,0.0,23.799999999999997
tweet_eval_sentiment,random,250,3,sentence_transformer_logreg,sentence-transformers/all-MiniLM-L6-v2,0.499230942481685,0.519,high,Prolific,https://www.prolific.com/pricing,2026-07-12,0.4283999999999999,0.0,107.09999999999998,0.0,107.09999999999998
tweet_eval_sentiment,random,250,3,sentence_transformer_logreg,sentence-transformers/all-MiniLM-L6-v2,0.499230942481685,0.519,low,Amazon Mechanical Turk,https://www.mturk.com/pricing,2026-07-12,0.04,0.0,10.0,0.0,10.0
tweet_eval_sentiment,random,250,4,sentence_transformer_logreg,sentence-transformers/all-MiniLM-L6-v2,0.4711730661294795,0.515,base,Prolific,https://www.prolific.com/pricing,2026-07-12,0.0951999999999999,0.0,23.799999999999997,0.0,23.799999999999997
tweet_eval_sentiment,random,250,4,sentence_transformer_logreg,sentence-transformers/all-MiniLM-L6-v2,0.4711730661294795,0.515,high,Prolific,https://www.prolific.com/pricing,2026-07-12,0.4283999999999999,0.0,107.09999999999998,0.0,107.09999999999998
tweet_eval_sentiment,random,250,4,sentence_transformer_logreg,sentence-transformers/all-MiniLM-L6-v2,0.4711730661294795,0.515,low,Amazon Mechanical Turk,https://www.mturk.com/pricing,2026-07-12,0.04,0.0,10.0,0.0,10.0
tweet_eval_sentiment,random,500,0,sentence_transformer_logreg,sentence-transformers/all-MiniLM-L6-v2,0.5681897886183883,0.575,base,Prolific,https://www.prolific.com/pricing,2026-07-12,0.0951999999999999,0.0,47.599999999999994,0.0,47.599999999999994
tweet_eval_sentiment,random,500,0,sentence_transformer_logreg,sentence-transformers/all-MiniLM-L6-v2,0.5681897886183883,0.575,high,Prolific,https://www.prolific.com/pricing,2026-07-12,0.4283999999999999,0.0,214.19999999999996,0.0,214.19999999999996
tweet_eval_sentiment,random,500,0,sentence_transformer_logreg,sentence-transformers/all-MiniLM-L6-v2,0.5681897886183883,0.575,low,Amazon Mechanical Turk,https://www.mturk.com/pricing,2026-07-12,0.04,0.0,20.0,0.0,20.0
tweet_eval_sentiment,random,500,1,sentence_transformer_logreg,sentence-transformers/all-MiniLM-L6-v2,0.5291032929172464,0.543,base,Prolific,https://www.prolific.com/pricing,2026-07-12,0.0951999999999999,0.0,47.599999999999994,0.0,47.599999999999994
tweet_eval_sentiment,random,500,1,sentence_transformer_logreg,sentence-transformers/all-MiniLM-L6-v2,0.5291032929172464,0.543,high,Prolific,https://www.prolific.com/pricing,2026-07-12,0.4283999999999999,0.0,214.19999999999996,0.0,214.19999999999996
tweet_eval_sentiment,random,500,1,sentence_transformer_logreg,sentence-transformers/all-MiniLM-L6-v2,0.5291032929172464,0.543,low,Amazon Mechanical Turk,https://www.mturk.com/pricing,2026-07-12,0.04,0.0,20.0,0.0,20.0
tweet_eval_sentiment,random,500,2,sentence_transformer_logreg,sentence-transformers/all-MiniLM-L6-v2,0.4852613586926868,0.534,base,Prolific,https://www.prolific.com/pricing,2026-07-12,0.0951999999999999,0.0,47.599999999999994,0.0,47.599999999999994
tweet_eval_sentiment,random,500,2,sentence_transformer_logreg,sentence-transformers/all-MiniLM-L6-v2,0.4852613586926868,0.534,high,Prolific,https://www.prolific.com/pricing,2026-07-12,0.4283999999999999,0.0,214.19999999999996,0.0,214.19999999999996
tweet_eval_sentiment,random,500,2,sentence_transformer_logreg,sentence-transformers/all-MiniLM-L6-v2,0.4852613586926868,0.534,low,Amazon Mechanical Turk,https://www.mturk.com/pricing,2026-07-12,0.04,0.0,20.0,0.0,20.0
tweet_eval_sentiment,random,500,3,sentence_transformer_logreg,sentence-transformers/all-MiniLM-L6-v2,0.4674688993802937,0.516,base,Prolific,https://www.prolific.com/pricing,2026-07-12,0.0951999999999999,0.0,47.599999999999994,0.0,47.599999999999994
tweet_eval_sentiment,random,500,3,sentence_transformer_logreg,sentence-transformers/all-MiniLM-L6-v2,0.4674688993802937,0.516,high,Prolific,https://www.prolific.com/pricing,2026-07-12,0.4283999999999999,0.0,214.19999999999996,0.0,214.19999999999996
tweet_eval_sentiment,random,500,3,sentence_transformer_logreg,sentence-transformers/all-MiniLM-L6-v2,0.4674688993802937,0.516,low,Amazon Mechanical Turk,https://www.mturk.com/pricing,2026-07-12,0.04,0.0,20.0,0.0,20.0
tweet_eval_sentiment,random,500,4,sentence_transformer_logreg,sentence-transformers/all-MiniLM-L6-v2,0.5238983893485134,0.541,base,Prolific,https://www.prolific.com/pricing,2026-07-12,0.0951999999999999,0.0,47.599999999999994,0.0,47.599999999999994
tweet_eval_sentiment,random,500,4,sentence_transformer_logreg,sentence-transformers/all-MiniLM-L6-v2,0.5238983893485134,0.541,high,Prolific,https://www.prolific.com/pricing,2026-07-12,0.4283999999999999,0.0,214.19999999999996,0.0,214.19999999999996
tweet_eval_sentiment,random,500,4,sentence_transformer_logreg,sentence-transformers/all-MiniLM-L6-v2,0.5238983893485134,0.541,low,Amazon Mechanical Turk,https://www.mturk.com/pricing,2026-07-12,0.04,0.0,20.0,0.0,20.0
tweet_eval_sentiment,random,1000,0,sentence_transformer_logreg,sentence-transformers/all-MiniLM-L6-v2,0.5947486016302757,0.591,base,Prolific,https://www.prolific.com/pricing,2026-07-12,0.0951999999999999,0.0,95.2,0.0,95.2
tweet_eval_sentiment,random,1000,0,sentence_transformer_logreg,sentence-transformers/all-MiniLM-L6-v2,0.5947486016302757,0.591,high,Prolific,https://www.prolific.com/pricing,2026-07-12,0.4283999999999999,0.0,428.3999999999999,0.0,428.3999999999999
tweet_eval_sentiment,random,1000,0,sentence_transformer_logreg,sentence-transformers/all-MiniLM-L6-v2,0.5947486016302757,0.591,low,Amazon Mechanical Turk,https://www.mturk.com/pricing,2026-07-12,0.04,0.0,40.0,0.0,40.0
tweet_eval_sentiment,random,1000,1,sentence_transformer_logreg,sentence-transformers/all-MiniLM-L6-v2,0.5709372095283418,0.577,base,Prolific,https://www.prolific.com/pricing,2026-07-12,0.0951999999999999,0.0,95.2,0.0,95.2
tweet_eval_sentiment,random,1000,1,sentence_transformer_logreg,sentence-transformers/all-MiniLM-L6-v2,0.5709372095283418,0.577,high,Prolific,https://www.prolific.com/pricing,2026-07-12,0.4283999999999999,0.0,428.3999999999999,0.0,428.3999999999999
tweet_eval_sentiment,random,1000,1,sentence_transformer_logreg,sentence-transformers/all-MiniLM-L6-v2,0.5709372095283418,0.577,low,Amazon Mechanical Turk,https://www.mturk.com/pricing,2026-07-12,0.04,0.0,40.0,0.0,40.0
tweet_eval_sentiment,random,1000,2,sentence_transformer_logreg,sentence-transformers/all-MiniLM-L6-v2,0.5661577449315889,0.572,base,Prolific,https://www.prolific.com/pricing,2026-07-12,0.0951999999999999,0.0,95.2,0.0,95.2
tweet_eval_sentiment,random,1000,2,sentence_transformer_logreg,sentence-transformers/all-MiniLM-L6-v2,0.5661577449315889,0.572,high,Prolific,https://www.prolific.com/pricing,2026-07-12,0.4283999999999999,0.0,428.3999999999999,0.0,428.3999999999999
tweet_eval_sentiment,random,1000,2,sentence_transformer_logreg,sentence-transformers/all-MiniLM-L6-v2,0.5661577449315889,0.572,low,Amazon Mechanical Turk,https://www.mturk.com/pricing,2026-07-12,0.04,0.0,40.0,0.0,40.0
tweet_eval_sentiment,random,1000,3,sentence_transformer_logreg,sentence-transformers/all-MiniLM-L6-v2,0.5839948157958157,0.587,base,Prolific,https://www.prolific.com/pricing,2026-07-12,0.0951999999999999,0.0,95.2,0.0,95.2
tweet_eval_sentiment,random,1000,3,sentence_transformer_logreg,sentence-transformers/all-MiniLM-L6-v2,0.5839948157958157,0.587,high,Prolific,https://www.prolific.com/pricing,2026-07-12,0.4283999999999999,0.0,428.3999999999999,0.0,428.3999999999999
tweet_eval_sentiment,random,1000,3,sentence_transformer_logreg,sentence-transformers/all-MiniLM-L6-v2,0.5839948157958157,0.587,low,Amazon Mechanical Turk,https://www.mturk.com/pricing,2026-07-12,0.04,0.0,40.0,0.0,40.0
tweet_eval_sentiment,random,1000,4,sentence_transformer_logreg,sentence-transformers/all-MiniLM-L6-v2,0.5709802305014069,0.573,base,Prolific,https://www.prolific.com/pricing,2026-07-12,0.0951999999999999,0.0,95.2,0.0,95.2
tweet_eval_sentiment,random,1000,4,sentence_transformer_logreg,sentence-transformers/all-MiniLM-L6-v2,0.5709802305014069,0.573,high,Prolific,https://www.prolific.com/pricing,2026-07-12,0.4283999999999999,0.0,428.3999999999999,0.0,428.3999999999999
tweet_eval_sentiment,random,1000,4,sentence_transformer_logreg,sentence-transformers/all-MiniLM-L6-v2,0.5709802305014069,0.573,low,Amazon Mechanical Turk,https://www.mturk.com/pricing,2026-07-12,0.04,0.0,40.0,0.0,40.0
tweet_eval_sentiment,uncertainty_al,50,0,sentence_transformer_logreg,sentence-transformers/all-MiniLM-L6-v2,0.3333674705992797,0.473,base,Prolific,https://www.prolific.com/pricing,2026-07-12,0.0951999999999999,0.002,4.76,0.1,4.859999999999999
tweet_eval_sentiment,uncertainty_al,50,0,sentence_transformer_logreg,sentence-transformers/all-MiniLM-L6-v2,0.3333674705992797,0.473,high,Prolific,https://www.prolific.com/pricing,2026-07-12,0.4283999999999999,0.002,21.42,0.1,21.52
tweet_eval_sentiment,uncertainty_al,50,0,sentence_transformer_logreg,sentence-transformers/all-MiniLM-L6-v2,0.3333674705992797,0.473,low,Amazon Mechanical Turk,https://www.mturk.com/pricing,2026-07-12,0.04,0.002,2.0,0.1,2.1
tweet_eval_sentiment,uncertainty_al,50,1,sentence_transformer_logreg,sentence-transformers/all-MiniLM-L6-v2,0.3337621786171783,0.466,base,Prolific,https://www.prolific.com/pricing,2026-07-12,0.0951999999999999,0.002,4.76,0.1,4.859999999999999
tweet_eval_sentiment,uncertainty_al,50,1,sentence_transformer_logreg,sentence-transformers/all-MiniLM-L6-v2,0.3337621786171783,0.466,high,Prolific,https://www.prolific.com/pricing,2026-07-12,0.4283999999999999,0.002,21.42,0.1,21.52
tweet_eval_sentiment,uncertainty_al,50,1,sentence_transformer_logreg,sentence-transformers/all-MiniLM-L6-v2,0.3337621786171783,0.466,low,Amazon Mechanical Turk,https://www.mturk.com/pricing,2026-07-12,0.04,0.002,2.0,0.1,2.1
tweet_eval_sentiment,uncertainty_al,50,2,sentence_transformer_logreg,sentence-transformers/all-MiniLM-L6-v2,0.3294071605312327,0.419,base,Prolific,https://www.prolific.com/pricing,2026-07-12,0.0951999999999999,0.002,4.76,0.1,4.859999999999999
tweet_eval_sentiment,uncertainty_al,50,2,sentence_transformer_logreg,sentence-transformers/all-MiniLM-L6-v2,0.3294071605312327,0.419,high,Prolific,https://www.prolific.com/pricing,2026-07-12,0.4283999999999999,0.002,21.42,0.1,21.52
tweet_eval_sentiment,uncertainty_al,50,2,sentence_transformer_logreg,sentence-transformers/all-MiniLM-L6-v2,0.3294071605312327,0.419,low,Amazon Mechanical Turk,https://www.mturk.com/pricing,2026-07-12,0.04,0.002,2.0,0.1,2.1
tweet_eval_sentiment,uncertainty_al,50,3,sentence_transformer_logreg,sentence-transformers/all-MiniLM-L6-v2,0.2994919074433059,0.377,base,Prolific,https://www.prolific.com/pricing,2026-07-12,0.0951999999999999,0.002,4.76,0.1,4.859999999999999
tweet_eval_sentiment,uncertainty_al,50,3,sentence_transformer_logreg,sentence-transformers/all-MiniLM-L6-v2,0.2994919074433059,0.377,high,Prolific,https://www.prolific.com/pricing,2026-07-12,0.4283999999999999,0.002,21.42,0.1,21.52
tweet_eval_sentiment,uncertainty_al,50,3,sentence_transformer_logreg,sentence-transformers/all-MiniLM-L6-v2,0.2994919074433059,0.377,low,Amazon Mechanical Turk,https://www.mturk.com/pricing,2026-07-12,0.04,0.002,2.0,0.1,2.1
tweet_eval_sentiment,uncertainty_al,50,4,sentence_transformer_logreg,sentence-transformers/all-MiniLM-L6-v2,0.2493664039561119,0.468,base,Prolific,https://www.prolific.com/pricing,2026-07-12,0.0951999999999999,0.002,4.76,0.1,4.859999999999999
tweet_eval_sentiment,uncertainty_al,50,4,sentence_transformer_logreg,sentence-transformers/all-MiniLM-L6-v2,0.2493664039561119,0.468,high,Prolific,https://www.prolific.com/pricing,2026-07-12,0.4283999999999999,0.002,21.42,0.1,21.52
tweet_eval_sentiment,uncertainty_al,50,4,sentence_transformer_logreg,sentence-transformers/all-MiniLM-L6-v2,0.2493664039561119,0.468,low,Amazon Mechanical Turk,https://www.mturk.com/pricing,2026-07-12,0.04,0.002,2.0,0.1,2.1
tweet_eval_sentiment,uncertainty_al,100,0,sentence_transformer_logreg,sentence-transformers/all-MiniLM-L6-v2,0.354716197895276,0.45,base,Prolific,https://www.prolific.com/pricing,2026-07-12,0.0951999999999999,0.002,9.52,0.2,9.72
tweet_eval_sentiment,uncertainty_al,100,0,sentence_transformer_logreg,sentence-transformers/all-MiniLM-L6-v2,0.354716197895276,0.45,high,Prolific,https://www.prolific.com/pricing,2026-07-12,0.4283999999999999,0.002,42.84,0.2,43.04
tweet_eval_sentiment,uncertainty_al,100,0,sentence_transformer_logreg,sentence-transformers/all-MiniLM-L6-v2,0.354716197895276,0.45,low,Amazon Mechanical Turk,https://www.mturk.com/pricing,2026-07-12,0.04,0.002,4.0,0.2,4.2
tweet_eval_sentiment,uncertainty_al,100,1,sentence_transformer_logreg,sentence-transformers/all-MiniLM-L6-v2,0.3560575589841453,0.463,base,Prolific,https://www.prolific.com/pricing,2026-07-12,0.0951999999999999,0.002,9.52,0.2,9.72
tweet_eval_sentiment,uncertainty_al,100,1,sentence_transformer_logreg,sentence-transformers/all-MiniLM-L6-v2,0.3560575589841453,0.463,high,Prolific,https://www.prolific.com/pricing,2026-07-12,0.4283999999999999,0.002,42.84,0.2,43.04
tweet_eval_sentiment,uncertainty_al,100,1,sentence_transformer_logreg,sentence-transformers/all-MiniLM-L6-v2,0.3560575589841453,0.463,low,Amazon Mechanical Turk,https://www.mturk.com/pricing,2026-07-12,0.04,0.002,4.0,0.2,4.2
tweet_eval_sentiment,uncertainty_al,100,2,sentence_transformer_logreg,sentence-transformers/all-MiniLM-L6-v2,0.398141681394228,0.492,base,Prolific,https://www.prolific.com/pricing,2026-07-12,0.0951999999999999,0.002,9.52,0.2,9.72
tweet_eval_sentiment,uncertainty_al,100,2,sentence_transformer_logreg,sentence-transformers/all-MiniLM-L6-v2,0.398141681394228,0.492,high,Prolific,https://www.prolific.com/pricing,2026-07-12,0.4283999999999999,0.002,42.84,0.2,43.04
tweet_eval_sentiment,uncertainty_al,100,2,sentence_transformer_logreg,sentence-transformers/all-MiniLM-L6-v2,0.398141681394228,0.492,low,Amazon Mechanical Turk,https://www.mturk.com/pricing,2026-07-12,0.04,0.002,4.0,0.2,4.2
tweet_eval_sentiment,uncertainty_al,100,3,sentence_transformer_logreg,sentence-transformers/all-MiniLM-L6-v2,0.3530900829646778,0.457,base,Prolific,https://www.prolific.com/pricing,2026-07-12,0.0951999999999999,0.002,9.52,0.2,9.72
tweet_eval_sentiment,uncertainty_al,100,3,sentence_transformer_logreg,sentence-transformers/all-MiniLM-L6-v2,0.3530900829646778,0.457,high,Prolific,https://www.prolific.com/pricing,2026-07-12,0.4283999999999999,0.002,42.84,0.2,43.04
tweet_eval_sentiment,uncertainty_al,100,3,sentence_transformer_logreg,sentence-transformers/all-MiniLM-L6-v2,0.3530900829646778,0.457,low,Amazon Mechanical Turk,https://www.mturk.com/pricing,2026-07-12,0.04,0.002,4.0,0.2,4.2
tweet_eval_sentiment,uncertainty_al,100,4,sentence_transformer_logreg,sentence-transformers/all-MiniLM-L6-v2,0.3737487367767878,0.477,base,Prolific,https://www.prolific.com/pricing,2026-07-12,0.0951999999999999,0.002,9.52,0.2,9.72
tweet_eval_sentiment,uncertainty_al,100,4,sentence_transformer_logreg,sentence-transformers/all-MiniLM-L6-v2,0.3737487367767878,0.477,high,Prolific,https://www.prolific.com/pricing,2026-07-12,0.4283999999999999,0.002,42.84,0.2,43.04
tweet_eval_sentiment,uncertainty_al,100,4,sentence_transformer_logreg,sentence-transformers/all-MiniLM-L6-v2,0.3737487367767878,0.477,low,Amazon Mechanical Turk,https://www.mturk.com/pricing,2026-07-12,0.04,0.002,4.0,0.2,4.2
tweet_eval_sentiment,uncertainty_al,250,0,sentence_transformer_logreg,sentence-transformers/all-MiniLM-L6-v2,0.5481572001770443,0.57,base,Prolific,https://www.prolific.com/pricing,2026-07-12,0.0951999999999999,0.002,23.799999999999997,0.5,24.299999999999997
tweet_eval_sentiment,uncertainty_al,250,0,sentence_transformer_logreg,sentence-transformers/all-MiniLM-L6-v2,0.5481572001770443,0.57,high,Prolific,https://www.prolific.com/pricing,2026-07-12,0.4283999999999999,0.002,107.09999999999998,0.5,107.59999999999998
tweet_eval_sentiment,uncertainty_al,250,0,sentence_transformer_logreg,sentence-transformers/all-MiniLM-L6-v2,0.5481572001770443,0.57,low,Amazon Mechanical Turk,https://www.mturk.com/pricing,2026-07-12,0.04,0.002,10.0,0.5,10.5
tweet_eval_sentiment,uncertainty_al,250,1,sentence_transformer_logreg,sentence-transformers/all-MiniLM-L6-v2,0.4426561987070146,0.506,base,Prolific,https://www.prolific.com/pricing,2026-07-12,0.0951999999999999,0.002,23.799999999999997,0.5,24.299999999999997
tweet_eval_sentiment,uncertainty_al,250,1,sentence_transformer_logreg,sentence-transformers/all-MiniLM-L6-v2,0.4426561987070146,0.506,high,Prolific,https://www.prolific.com/pricing,2026-07-12,0.4283999999999999,0.002,107.09999999999998,0.5,107.59999999999998
tweet_eval_sentiment,uncertainty_al,250,1,sentence_transformer_logreg,sentence-transformers/all-MiniLM-L6-v2,0.4426561987070146,0.506,low,Amazon Mechanical Turk,https://www.mturk.com/pricing,2026-07-12,0.04,0.002,10.0,0.5,10.5
tweet_eval_sentiment,uncertainty_al,250,2,sentence_transformer_logreg,sentence-transformers/all-MiniLM-L6-v2,0.3905546429223309,0.473,base,Prolific,https://www.prolific.com/pricing,2026-07-12,0.0951999999999999,0.002,23.799999999999997,0.5,24.299999999999997
tweet_eval_sentiment,uncertainty_al,250,2,sentence_transformer_logreg,sentence-transformers/all-MiniLM-L6-v2,0.3905546429223309,0.473,high,Prolific,https://www.prolific.com/pricing,2026-07-12,0.4283999999999999,0.002,107.09999999999998,0.5,107.59999999999998
tweet_eval_sentiment,uncertainty_al,250,2,sentence_transformer_logreg,sentence-transformers/all-MiniLM-L6-v2,0.3905546429223309,0.473,low,Amazon Mechanical Turk,https://www.mturk.com/pricing,2026-07-12,0.04,0.002,10.0,0.5,10.5
tweet_eval_sentiment,uncertainty_al,250,3,sentence_transformer_logreg,sentence-transformers/all-MiniLM-L6-v2,0.4693649450670185,0.525,base,Prolific,https://www.prolific.com/pricing,2026-07-12,0.0951999999999999,0.002,23.799999999999997,0.5,24.299999999999997
tweet_eval_sentiment,uncertainty_al,250,3,sentence_transformer_logreg,sentence-transformers/all-MiniLM-L6-v2,0.4693649450670185,0.525,high,Prolific,https://www.prolific.com/pricing,2026-07-12,0.4283999999999999,0.002,107.09999999999998,0.5,107.59999999999998
tweet_eval_sentiment,uncertainty_al,250,3,sentence_transformer_logreg,sentence-transformers/all-MiniLM-L6-v2,0.4693649450670185,0.525,low,Amazon Mechanical Turk,https://www.mturk.com/pricing,2026-07-12,0.04,0.002,10.0,0.5,10.5
tweet_eval_sentiment,uncertainty_al,250,4,sentence_transformer_logreg,sentence-transformers/all-MiniLM-L6-v2,0.3858274283720582,0.471,base,Prolific,https://www.prolific.com/pricing,2026-07-12,0.0951999999999999,0.002,23.799999999999997,0.5,24.299999999999997
tweet_eval_sentiment,uncertainty_al,250,4,sentence_transformer_logreg,sentence-transformers/all-MiniLM-L6-v2,0.3858274283720582,0.471,high,Prolific,https://www.prolific.com/pricing,2026-07-12,0.4283999999999999,0.002,107.09999999999998,0.5,107.59999999999998
tweet_eval_sentiment,uncertainty_al,250,4,sentence_transformer_logreg,sentence-transformers/all-MiniLM-L6-v2,0.3858274283720582,0.471,low,Amazon Mechanical Turk,https://www.mturk.com/pricing,2026-07-12,0.04,0.002,10.0,0.5,10.5
tweet_eval_sentiment,uncertainty_al,500,0,sentence_transformer_logreg,sentence-transformers/all-MiniLM-L6-v2,0.5040035484560264,0.51,base,Prolific,https://www.prolific.com/pricing,2026-07-12,0.0951999999999999,0.002,47.599999999999994,1.0,48.599999999999994
tweet_eval_sentiment,uncertainty_al,500,0,sentence_transformer_logreg,sentence-transformers/all-MiniLM-L6-v2,0.5040035484560264,0.51,high,Prolific,https://www.prolific.com/pricing,2026-07-12,0.4283999999999999,0.002,214.19999999999996,1.0,215.19999999999996
tweet_eval_sentiment,uncertainty_al,500,0,sentence_transformer_logreg,sentence-transformers/all-MiniLM-L6-v2,0.5040035484560264,0.51,low,Amazon Mechanical Turk,https://www.mturk.com/pricing,2026-07-12,0.04,0.002,20.0,1.0,21.0
tweet_eval_sentiment,uncertainty_al,500,1,sentence_transformer_logreg,sentence-transformers/all-MiniLM-L6-v2,0.5720824518461901,0.578,base,Prolific,https://www.prolific.com/pricing,2026-07-12,0.0951999999999999,0.002,47.599999999999994,1.0,48.599999999999994
tweet_eval_sentiment,uncertainty_al,500,1,sentence_transformer_logreg,sentence-transformers/all-MiniLM-L6-v2,0.5720824518461901,0.578,high,Prolific,https://www.prolific.com/pricing,2026-07-12,0.4283999999999999,0.002,214.19999999999996,1.0,215.19999999999996
tweet_eval_sentiment,uncertainty_al,500,1,sentence_transformer_logreg,sentence-transformers/all-MiniLM-L6-v2,0.5720824518461901,0.578,low,Amazon Mechanical Turk,https://www.mturk.com/pricing,2026-07-12,0.04,0.002,20.0,1.0,21.0
tweet_eval_sentiment,uncertainty_al,500,2,sentence_transformer_logreg,sentence-transformers/all-MiniLM-L6-v2,0.5547957003427936,0.555,base,Prolific,https://www.prolific.com/pricing,2026-07-12,0.0951999999999999,0.002,47.599999999999994,1.0,48.599999999999994
tweet_eval_sentiment,uncertainty_al,500,2,sentence_transformer_logreg,sentence-transformers/all-MiniLM-L6-v2,0.5547957003427936,0.555,high,Prolific,https://www.prolific.com/pricing,2026-07-12,0.4283999999999999,0.002,214.19999999999996,1.0,215.19999999999996
tweet_eval_sentiment,uncertainty_al,500,2,sentence_transformer_logreg,sentence-transformers/all-MiniLM-L6-v2,0.5547957003427936,0.555,low,Amazon Mechanical Turk,https://www.mturk.com/pricing,2026-07-12,0.04,0.002,20.0,1.0,21.0
tweet_eval_sentiment,uncertainty_al,500,3,sentence_transformer_logreg,sentence-transformers/all-MiniLM-L6-v2,0.5638279158469749,0.573,base,Prolific,https://www.prolific.com/pricing,2026-07-12,0.0951999999999999,0.002,47.599999999999994,1.0,48.599999999999994
tweet_eval_sentiment,uncertainty_al,500,3,sentence_transformer_logreg,sentence-transformers/all-MiniLM-L6-v2,0.5638279158469749,0.573,high,Prolific,https://www.prolific.com/pricing,2026-07-12,0.4283999999999999,0.002,214.19999999999996,1.0,215.19999999999996
tweet_eval_sentiment,uncertainty_al,500,3,sentence_transformer_logreg,sentence-transformers/all-MiniLM-L6-v2,0.5638279158469749,0.573,low,Amazon Mechanical Turk,https://www.mturk.com/pricing,2026-07-12,0.04,0.002,20.0,1.0,21.0
tweet_eval_sentiment,uncertainty_al,500,4,sentence_transformer_logreg,sentence-transformers/all-MiniLM-L6-v2,0.5857596371882087,0.595,base,Prolific,https://www.prolific.com/pricing,2026-07-12,0.0951999999999999,0.002,47.599999999999994,1.0,48.599999999999994
tweet_eval_sentiment,uncertainty_al,500,4,sentence_transformer_logreg,sentence-transformers/all-MiniLM-L6-v2,0.5857596371882087,0.595,high,Prolific,https://www.prolific.com/pricing,2026-07-12,0.4283999999999999,0.002,214.19999999999996,1.0,215.19999999999996
tweet_eval_sentiment,uncertainty_al,500,4,sentence_transformer_logreg,sentence-transformers/all-MiniLM-L6-v2,0.5857596371882087,0.595,low,Amazon Mechanical Turk,https://www.mturk.com/pricing,2026-07-12,0.04,0.002,20.0,1.0,21.0
tweet_eval_sentiment,uncertainty_al,1000,0,sentence_transformer_logreg,sentence-transformers/all-MiniLM-L6-v2,0.5708136144561854,0.577,base,Prolific,https://www.prolific.com/pricing,2026-07-12,0.0951999999999999,0.002,95.2,2.0,97.2
tweet_eval_sentiment,uncertainty_al,1000,0,sentence_transformer_logreg,sentence-transformers/all-MiniLM-L6-v2,0.5708136144561854,0.577,high,Prolific,https://www.prolific.com/pricing,2026-07-12,0.4283999999999999,0.002,428.3999999999999,2.0,430.3999999999999
tweet_eval_sentiment,uncertainty_al,1000,0,sentence_transformer_logreg,sentence-transformers/all-MiniLM-L6-v2,0.5708136144561854,0.577,low,Amazon Mechanical Turk,https://www.mturk.com/pricing,2026-07-12,0.04,0.002,40.0,2.0,42.0
tweet_eval_sentiment,uncertainty_al,1000,1,sentence_transformer_logreg,sentence-transformers/all-MiniLM-L6-v2,0.5797915098260064,0.576,base,Prolific,https://www.prolific.com/pricing,2026-07-12,0.0951999999999999,0.002,95.2,2.0,97.2
tweet_eval_sentiment,uncertainty_al,1000,1,sentence_transformer_logreg,sentence-transformers/all-MiniLM-L6-v2,0.5797915098260064,0.576,high,Prolific,https://www.prolific.com/pricing,2026-07-12,0.4283999999999999,0.002,428.3999999999999,2.0,430.3999999999999
tweet_eval_sentiment,uncertainty_al,1000,1,sentence_transformer_logreg,sentence-transformers/all-MiniLM-L6-v2,0.5797915098260064,0.576,low,Amazon Mechanical Turk,https://www.mturk.com/pricing,2026-07-12,0.04,0.002,40.0,2.0,42.0
tweet_eval_sentiment,uncertainty_al,1000,2,sentence_transformer_logreg,sentence-transformers/all-MiniLM-L6-v2,0.5750842520576057,0.572,base,Prolific,https://www.prolific.com/pricing,2026-07-12,0.0951999999999999,0.002,95.2,2.0,97.2
tweet_eval_sentiment,uncertainty_al,1000,2,sentence_transformer_logreg,sentence-transformers/all-MiniLM-L6-v2,0.5750842520576057,0.572,high,Prolific,https://www.prolific.com/pricing,2026-07-12,0.4283999999999999,0.002,428.3999999999999,2.0,430.3999999999999
tweet_eval_sentiment,uncertainty_al,1000,2,sentence_transformer_logreg,sentence-transformers/all-MiniLM-L6-v2,0.5750842520576057,0.572,low,Amazon Mechanical Turk,https://www.mturk.com/pricing,2026-07-12,0.04,0.002,40.0,2.0,42.0
tweet_eval_sentiment,uncertainty_al,1000,3,sentence_transformer_logreg,sentence-transformers/all-MiniLM-L6-v2,0.5577004022209083,0.568,base,Prolific,https://www.prolific.com/pricing,2026-07-12,0.0951999999999999,0.002,95.2,2.0,97.2
tweet_eval_sentiment,uncertainty_al,1000,3,sentence_transformer_logreg,sentence-transformers/all-MiniLM-L6-v2,0.5577004022209083,0.568,high,Prolific,https://www.prolific.com/pricing,2026-07-12,0.4283999999999999,0.002,428.3999999999999,2.0,430.3999999999999
tweet_eval_sentiment,uncertainty_al,1000,3,sentence_transformer_logreg,sentence-transformers/all-MiniLM-L6-v2,0.5577004022209083,0.568,low,Amazon Mechanical Turk,https://www.mturk.com/pricing,2026-07-12,0.04,0.002,40.0,2.0,42.0
tweet_eval_sentiment,uncertainty_al,1000,4,sentence_transformer_logreg,sentence-transformers/all-MiniLM-L6-v2,0.5592145433965215,0.564,base,Prolific,https://www.prolific.com/pricing,2026-07-12,0.0951999999999999,0.002,95.2,2.0,97.2
tweet_eval_sentiment,uncertainty_al,1000,4,sentence_transformer_logreg,sentence-transformers/all-MiniLM-L6-v2,0.5592145433965215,0.564,high,Prolific,https://www.prolific.com/pricing,2026-07-12,0.4283999999999999,0.002,428.3999999999999,2.0,430.3999999999999
tweet_eval_sentiment,uncertainty_al,1000,4,sentence_transformer_logreg,sentence-transformers/all-MiniLM-L6-v2,0.5592145433965215,0.564,low,Amazon Mechanical Turk,https://www.mturk.com/pricing,2026-07-12,0.04,0.002,40.0,2.0,42.0
twenty_newsgroups,diversity_al,50,0,sentence_transformer_logreg,sentence-transformers/all-MiniLM-L6-v2,0.057846137044008,0.1387461459403905,base,Prolific,https://www.prolific.com/pricing,2026-07-12,0.0951999999999999,0.003,4.76,0.15,4.91
twenty_newsgroups,diversity_al,50,0,sentence_transformer_logreg,sentence-transformers/all-MiniLM-L6-v2,0.057846137044008,0.1387461459403905,high,Prolific,https://www.prolific.com/pricing,2026-07-12,0.4283999999999999,0.003,21.42,0.15,21.569999999999997
twenty_newsgroups,diversity_al,50,0,sentence_transformer_logreg,sentence-transformers/all-MiniLM-L6-v2,0.057846137044008,0.1387461459403905,low,Amazon Mechanical Turk,https://www.mturk.com/pricing,2026-07-12,0.04,0.003,2.0,0.15,2.15
twenty_newsgroups,diversity_al,50,1,sentence_transformer_logreg,sentence-transformers/all-MiniLM-L6-v2,0.0885208876617348,0.1623843782117163,base,Prolific,https://www.prolific.com/pricing,2026-07-12,0.0951999999999999,0.003,4.76,0.15,4.91
twenty_newsgroups,diversity_al,50,1,sentence_transformer_logreg,sentence-transformers/all-MiniLM-L6-v2,0.0885208876617348,0.1623843782117163,high,Prolific,https://www.prolific.com/pricing,2026-07-12,0.4283999999999999,0.003,21.42,0.15,21.569999999999997
twenty_newsgroups,diversity_al,50,1,sentence_transformer_logreg,sentence-transformers/all-MiniLM-L6-v2,0.0885208876617348,0.1623843782117163,low,Amazon Mechanical Turk,https://www.mturk.com/pricing,2026-07-12,0.04,0.003,2.0,0.15,2.15
twenty_newsgroups,diversity_al,50,2,sentence_transformer_logreg,sentence-transformers/all-MiniLM-L6-v2,0.0711784304915554,0.1130524152106886,base,Prolific,https://www.prolific.com/pricing,2026-07-12,0.0951999999999999,0.003,4.76,0.15,4.91
twenty_newsgroups,diversity_al,50,2,sentence_transformer_logreg,sentence-transformers/all-MiniLM-L6-v2,0.0711784304915554,0.1130524152106886,high,Prolific,https://www.prolific.com/pricing,2026-07-12,0.4283999999999999,0.003,21.42,0.15,21.569999999999997
twenty_newsgroups,diversity_al,50,2,sentence_transformer_logreg,sentence-transformers/all-MiniLM-L6-v2,0.0711784304915554,0.1130524152106886,low,Amazon Mechanical Turk,https://www.mturk.com/pricing,2026-07-12,0.04,0.003,2.0,0.15,2.15
twenty_newsgroups,diversity_al,50,3,sentence_transformer_logreg,sentence-transformers/all-MiniLM-L6-v2,0.0755394834858457,0.1459403905447071,base,Prolific,https://www.prolific.com/pricing,2026-07-12,0.0951999999999999,0.003,4.76,0.15,4.91
twenty_newsgroups,diversity_al,50,3,sentence_transformer_logreg,sentence-transformers/all-MiniLM-L6-v2,0.0755394834858457,0.1459403905447071,high,Prolific,https://www.prolific.com/pricing,2026-07-12,0.4283999999999999,0.003,21.42,0.15,21.569999999999997
twenty_newsgroups,diversity_al,50,3,sentence_transformer_logreg,sentence-transformers/all-MiniLM-L6-v2,0.0755394834858457,0.1459403905447071,low,Amazon Mechanical Turk,https://www.mturk.com/pricing,2026-07-12,0.04,0.003,2.0,0.15,2.15
twenty_newsgroups,diversity_al,50,4,sentence_transformer_logreg,sentence-transformers/all-MiniLM-L6-v2,0.0544331116038433,0.0914696813977389,base,Prolific,https://www.prolific.com/pricing,2026-07-12,0.0951999999999999,0.003,4.76,0.15,4.91
twenty_newsgroups,diversity_al,50,4,sentence_transformer_logreg,sentence-transformers/all-MiniLM-L6-v2,0.0544331116038433,0.0914696813977389,high,Prolific,https://www.prolific.com/pricing,2026-07-12,0.4283999999999999,0.003,21.42,0.15,21.569999999999997
twenty_newsgroups,diversity_al,50,4,sentence_transformer_logreg,sentence-transformers/all-MiniLM-L6-v2,0.0544331116038433,0.0914696813977389,low,Amazon Mechanical Turk,https://www.mturk.com/pricing,2026-07-12,0.04,0.003,2.0,0.15,2.15
twenty_newsgroups,diversity_al,100,0,sentence_transformer_logreg,sentence-transformers/all-MiniLM-L6-v2,0.1369864426139337,0.2435765673175745,base,Prolific,https://www.prolific.com/pricing,2026-07-12,0.0951999999999999,0.003,9.52,0.3,9.82
twenty_newsgroups,diversity_al,100,0,sentence_transformer_logreg,sentence-transformers/all-MiniLM-L6-v2,0.1369864426139337,0.2435765673175745,high,Prolific,https://www.prolific.com/pricing,2026-07-12,0.4283999999999999,0.003,42.84,0.3,43.13999999999999
twenty_newsgroups,diversity_al,100,0,sentence_transformer_logreg,sentence-transformers/all-MiniLM-L6-v2,0.1369864426139337,0.2435765673175745,low,Amazon Mechanical Turk,https://www.mturk.com/pricing,2026-07-12,0.04,0.003,4.0,0.3,4.3
twenty_newsgroups,diversity_al,100,1,sentence_transformer_logreg,sentence-transformers/all-MiniLM-L6-v2,0.1620612602092508,0.2415210688591983,base,Prolific,https://www.prolific.com/pricing,2026-07-12,0.0951999999999999,0.003,9.52,0.3,9.82
twenty_newsgroups,diversity_al,100,1,sentence_transformer_logreg,sentence-transformers/all-MiniLM-L6-v2,0.1620612602092508,0.2415210688591983,high,Prolific,https://www.prolific.com/pricing,2026-07-12,0.4283999999999999,0.003,42.84,0.3,43.13999999999999
twenty_newsgroups,diversity_al,100,1,sentence_transformer_logreg,sentence-transformers/all-MiniLM-L6-v2,0.1620612602092508,0.2415210688591983,low,Amazon Mechanical Turk,https://www.mturk.com/pricing,2026-07-12,0.04,0.003,4.0,0.3,4.3
twenty_newsgroups,diversity_al,100,2,sentence_transformer_logreg,sentence-transformers/all-MiniLM-L6-v2,0.1164831353484111,0.2024665981500513,base,Prolific,https://www.prolific.com/pricing,2026-07-12,0.0951999999999999,0.003,9.52,0.3,9.82
twenty_newsgroups,diversity_al,100,2,sentence_transformer_logreg,sentence-transformers/all-MiniLM-L6-v2,0.1164831353484111,0.2024665981500513,high,Prolific,https://www.prolific.com/pricing,2026-07-12,0.4283999999999999,0.003,42.84,0.3,43.13999999999999
twenty_newsgroups,diversity_al,100,2,sentence_transformer_logreg,sentence-transformers/all-MiniLM-L6-v2,0.1164831353484111,0.2024665981500513,low,Amazon Mechanical Turk,https://www.mturk.com/pricing,2026-07-12,0.04,0.003,4.0,0.3,4.3
twenty_newsgroups,diversity_al,100,3,sentence_transformer_logreg,sentence-transformers/all-MiniLM-L6-v2,0.1447027626272198,0.1932168550873587,base,Prolific,https://www.prolific.com/pricing,2026-07-12,0.0951999999999999,0.003,9.52,0.3,9.82
twenty_newsgroups,diversity_al,100,3,sentence_transformer_logreg,sentence-transformers/all-MiniLM-L6-v2,0.1447027626272198,0.1932168550873587,high,Prolific,https://www.prolific.com/pricing,2026-07-12,0.4283999999999999,0.003,42.84,0.3,43.13999999999999
twenty_newsgroups,diversity_al,100,3,sentence_transformer_logreg,sentence-transformers/all-MiniLM-L6-v2,0.1447027626272198,0.1932168550873587,low,Amazon Mechanical Turk,https://www.mturk.com/pricing,2026-07-12,0.04,0.003,4.0,0.3,4.3
twenty_newsgroups,diversity_al,100,4,sentence_transformer_logreg,sentence-transformers/all-MiniLM-L6-v2,0.1390362240296863,0.2230215827338129,base,Prolific,https://www.prolific.com/pricing,2026-07-12,0.0951999999999999,0.003,9.52,0.3,9.82
twenty_newsgroups,diversity_al,100,4,sentence_transformer_logreg,sentence-transformers/all-MiniLM-L6-v2,0.1390362240296863,0.2230215827338129,high,Prolific,https://www.prolific.com/pricing,2026-07-12,0.4283999999999999,0.003,42.84,0.3,43.13999999999999
twenty_newsgroups,diversity_al,100,4,sentence_transformer_logreg,sentence-transformers/all-MiniLM-L6-v2,0.1390362240296863,0.2230215827338129,low,Amazon Mechanical Turk,https://www.mturk.com/pricing,2026-07-12,0.04,0.003,4.0,0.3,4.3
twenty_newsgroups,diversity_al,250,0,sentence_transformer_logreg,sentence-transformers/all-MiniLM-L6-v2,0.3793960124889363,0.4419321685508736,base,Prolific,https://www.prolific.com/pricing,2026-07-12,0.0951999999999999,0.003,23.799999999999997,0.75,24.549999999999997
twenty_newsgroups,diversity_al,250,0,sentence_transformer_logreg,sentence-transformers/all-MiniLM-L6-v2,0.3793960124889363,0.4419321685508736,high,Prolific,https://www.prolific.com/pricing,2026-07-12,0.4283999999999999,0.003,107.09999999999998,0.75,107.84999999999998
twenty_newsgroups,diversity_al,250,0,sentence_transformer_logreg,sentence-transformers/all-MiniLM-L6-v2,0.3793960124889363,0.4419321685508736,low,Amazon Mechanical Turk,https://www.mturk.com/pricing,2026-07-12,0.04,0.003,10.0,0.75,10.75
twenty_newsgroups,diversity_al,250,1,sentence_transformer_logreg,sentence-transformers/all-MiniLM-L6-v2,0.4079056535547797,0.460431654676259,base,Prolific,https://www.prolific.com/pricing,2026-07-12,0.0951999999999999,0.003,23.799999999999997,0.75,24.549999999999997
twenty_newsgroups,diversity_al,250,1,sentence_transformer_logreg,sentence-transformers/all-MiniLM-L6-v2,0.4079056535547797,0.460431654676259,high,Prolific,https://www.prolific.com/pricing,2026-07-12,0.4283999999999999,0.003,107.09999999999998,0.75,107.84999999999998
twenty_newsgroups,diversity_al,250,1,sentence_transformer_logreg,sentence-transformers/all-MiniLM-L6-v2,0.4079056535547797,0.460431654676259,low,Amazon Mechanical Turk,https://www.mturk.com/pricing,2026-07-12,0.04,0.003,10.0,0.75,10.75
twenty_newsgroups,diversity_al,250,2,sentence_transformer_logreg,sentence-transformers/all-MiniLM-L6-v2,0.4117092159284891,0.4665981500513874,base,Prolific,https://www.prolific.com/pricing,2026-07-12,0.0951999999999999,0.003,23.799999999999997,0.75,24.549999999999997
twenty_newsgroups,diversity_al,250,2,sentence_transformer_logreg,sentence-transformers/all-MiniLM-L6-v2,0.4117092159284891,0.4665981500513874,high,Prolific,https://www.prolific.com/pricing,2026-07-12,0.4283999999999999,0.003,107.09999999999998,0.75,107.84999999999998
twenty_newsgroups,diversity_al,250,2,sentence_transformer_logreg,sentence-transformers/all-MiniLM-L6-v2,0.4117092159284891,0.4665981500513874,low,Amazon Mechanical Turk,https://www.mturk.com/pricing,2026-07-12,0.04,0.003,10.0,0.75,10.75
twenty_newsgroups,diversity_al,250,3,sentence_transformer_logreg,sentence-transformers/all-MiniLM-L6-v2,0.3695683869197798,0.434737923946557,base,Prolific,https://www.prolific.com/pricing,2026-07-12,0.0951999999999999,0.003,23.799999999999997,0.75,24.549999999999997
twenty_newsgroups,diversity_al,250,3,sentence_transformer_logreg,sentence-transformers/all-MiniLM-L6-v2,0.3695683869197798,0.434737923946557,high,Prolific,https://www.prolific.com/pricing,2026-07-12,0.4283999999999999,0.003,107.09999999999998,0.75,107.84999999999998
twenty_newsgroups,diversity_al,250,3,sentence_transformer_logreg,sentence-transformers/all-MiniLM-L6-v2,0.3695683869197798,0.434737923946557,low,Amazon Mechanical Turk,https://www.mturk.com/pricing,2026-07-12,0.04,0.003,10.0,0.75,10.75
twenty_newsgroups,diversity_al,250,4,sentence_transformer_logreg,sentence-transformers/all-MiniLM-L6-v2,0.4028315103040018,0.4552929085303186,base,Prolific,https://www.prolific.com/pricing,2026-07-12,0.0951999999999999,0.003,23.799999999999997,0.75,24.549999999999997
twenty_newsgroups,diversity_al,250,4,sentence_transformer_logreg,sentence-transformers/all-MiniLM-L6-v2,0.4028315103040018,0.4552929085303186,high,Prolific,https://www.prolific.com/pricing,2026-07-12,0.4283999999999999,0.003,107.09999999999998,0.75,107.84999999999998
twenty_newsgroups,diversity_al,250,4,sentence_transformer_logreg,sentence-transformers/all-MiniLM-L6-v2,0.4028315103040018,0.4552929085303186,low,Amazon Mechanical Turk,https://www.mturk.com/pricing,2026-07-12,0.04,0.003,10.0,0.75,10.75
twenty_newsgroups,diversity_al,500,0,sentence_transformer_logreg,sentence-transformers/all-MiniLM-L6-v2,0.5629424215092793,0.5847893114080165,base,Prolific,https://www.prolific.com/pricing,2026-07-12,0.0951999999999999,0.003,47.599999999999994,1.5,49.099999999999994
twenty_newsgroups,diversity_al,500,0,sentence_transformer_logreg,sentence-transformers/all-MiniLM-L6-v2,0.5629424215092793,0.5847893114080165,high,Prolific,https://www.prolific.com/pricing,2026-07-12,0.4283999999999999,0.003,214.19999999999996,1.5,215.69999999999996
twenty_newsgroups,diversity_al,500,0,sentence_transformer_logreg,sentence-transformers/all-MiniLM-L6-v2,0.5629424215092793,0.5847893114080165,low,Amazon Mechanical Turk,https://www.mturk.com/pricing,2026-07-12,0.04,0.003,20.0,1.5,21.5
twenty_newsgroups,diversity_al,500,1,sentence_transformer_logreg,sentence-transformers/all-MiniLM-L6-v2,0.570415149906503,0.6002055498458376,base,Prolific,https://www.prolific.com/pricing,2026-07-12,0.0951999999999999,0.003,47.599999999999994,1.5,49.099999999999994
twenty_newsgroups,diversity_al,500,1,sentence_transformer_logreg,sentence-transformers/all-MiniLM-L6-v2,0.570415149906503,0.6002055498458376,high,Prolific,https://www.prolific.com/pricing,2026-07-12,0.4283999999999999,0.003,214.19999999999996,1.5,215.69999999999996
twenty_newsgroups,diversity_al,500,1,sentence_transformer_logreg,sentence-transformers/all-MiniLM-L6-v2,0.570415149906503,0.6002055498458376,low,Amazon Mechanical Turk,https://www.mturk.com/pricing,2026-07-12,0.04,0.003,20.0,1.5,21.5
twenty_newsgroups,diversity_al,500,2,sentence_transformer_logreg,sentence-transformers/all-MiniLM-L6-v2,0.5570820369789591,0.5878725590955807,base,Prolific,https://www.prolific.com/pricing,2026-07-12,0.0951999999999999,0.003,47.599999999999994,1.5,49.099999999999994
twenty_newsgroups,diversity_al,500,2,sentence_transformer_logreg,sentence-transformers/all-MiniLM-L6-v2,0.5570820369789591,0.5878725590955807,high,Prolific,https://www.prolific.com/pricing,2026-07-12,0.4283999999999999,0.003,214.19999999999996,1.5,215.69999999999996
twenty_newsgroups,diversity_al,500,2,sentence_transformer_logreg,sentence-transformers/all-MiniLM-L6-v2,0.5570820369789591,0.5878725590955807,low,Amazon Mechanical Turk,https://www.mturk.com/pricing,2026-07-12,0.04,0.003,20.0,1.5,21.5
twenty_newsgroups,diversity_al,500,3,sentence_transformer_logreg,sentence-transformers/all-MiniLM-L6-v2,0.5743883152250228,0.591983556012333,base,Prolific,https://www.prolific.com/pricing,2026-07-12,0.0951999999999999,0.003,47.599999999999994,1.5,49.099999999999994
twenty_newsgroups,diversity_al,500,3,sentence_transformer_logreg,sentence-transformers/all-MiniLM-L6-v2,0.5743883152250228,0.591983556012333,high,Prolific,https://www.prolific.com/pricing,2026-07-12,0.4283999999999999,0.003,214.19999999999996,1.5,215.69999999999996
twenty_newsgroups,diversity_al,500,3,sentence_transformer_logreg,sentence-transformers/all-MiniLM-L6-v2,0.5743883152250228,0.591983556012333,low,Amazon Mechanical Turk,https://www.mturk.com/pricing,2026-07-12,0.04,0.003,20.0,1.5,21.5
twenty_newsgroups,diversity_al,500,4,sentence_transformer_logreg,sentence-transformers/all-MiniLM-L6-v2,0.5564737037325049,0.5827338129496403,base,Prolific,https://www.prolific.com/pricing,2026-07-12,0.0951999999999999,0.003,47.599999999999994,1.5,49.099999999999994
twenty_newsgroups,diversity_al,500,4,sentence_transformer_logreg,sentence-transformers/all-MiniLM-L6-v2,0.5564737037325049,0.5827338129496403,high,Prolific,https://www.prolific.com/pricing,2026-07-12,0.4283999999999999,0.003,214.19999999999996,1.5,215.69999999999996
twenty_newsgroups,diversity_al,500,4,sentence_transformer_logreg,sentence-transformers/all-MiniLM-L6-v2,0.5564737037325049,0.5827338129496403,low,Amazon Mechanical Turk,https://www.mturk.com/pricing,2026-07-12,0.04,0.003,20.0,1.5,21.5
twenty_newsgroups,diversity_al,1000,0,sentence_transformer_logreg,sentence-transformers/all-MiniLM-L6-v2,0.6319786381802068,0.6526207605344296,base,Prolific,https://www.prolific.com/pricing,2026-07-12,0.0951999999999999,0.003,95.2,3.0,98.2
twenty_newsgroups,diversity_al,1000,0,sentence_transformer_logreg,sentence-transformers/all-MiniLM-L6-v2,0.6319786381802068,0.6526207605344296,high,Prolific,https://www.prolific.com/pricing,2026-07-12,0.4283999999999999,0.003,428.3999999999999,3.0,431.3999999999999
twenty_newsgroups,diversity_al,1000,0,sentence_transformer_logreg,sentence-transformers/all-MiniLM-L6-v2,0.6319786381802068,0.6526207605344296,low,Amazon Mechanical Turk,https://www.mturk.com/pricing,2026-07-12,0.04,0.003,40.0,3.0,43.0
twenty_newsgroups,diversity_al,1000,1,sentence_transformer_logreg,sentence-transformers/all-MiniLM-L6-v2,0.6271149032805182,0.6505652620760535,base,Prolific,https://www.prolific.com/pricing,2026-07-12,0.0951999999999999,0.003,95.2,3.0,98.2
twenty_newsgroups,diversity_al,1000,1,sentence_transformer_logreg,sentence-transformers/all-MiniLM-L6-v2,0.6271149032805182,0.6505652620760535,high,Prolific,https://www.prolific.com/pricing,2026-07-12,0.4283999999999999,0.003,428.3999999999999,3.0,431.3999999999999
twenty_newsgroups,diversity_al,1000,1,sentence_transformer_logreg,sentence-transformers/all-MiniLM-L6-v2,0.6271149032805182,0.6505652620760535,low,Amazon Mechanical Turk,https://www.mturk.com/pricing,2026-07-12,0.04,0.003,40.0,3.0,43.0
twenty_newsgroups,diversity_al,1000,2,sentence_transformer_logreg,sentence-transformers/all-MiniLM-L6-v2,0.6228906022069647,0.6464542651593012,base,Prolific,https://www.prolific.com/pricing,2026-07-12,0.0951999999999999,0.003,95.2,3.0,98.2
twenty_newsgroups,diversity_al,1000,2,sentence_transformer_logreg,sentence-transformers/all-MiniLM-L6-v2,0.6228906022069647,0.6464542651593012,high,Prolific,https://www.prolific.com/pricing,2026-07-12,0.4283999999999999,0.003,428.3999999999999,3.0,431.3999999999999
twenty_newsgroups,diversity_al,1000,2,sentence_transformer_logreg,sentence-transformers/all-MiniLM-L6-v2,0.6228906022069647,0.6464542651593012,low,Amazon Mechanical Turk,https://www.mturk.com/pricing,2026-07-12,0.04,0.003,40.0,3.0,43.0
twenty_newsgroups,diversity_al,1000,3,sentence_transformer_logreg,sentence-transformers/all-MiniLM-L6-v2,0.619921205700291,0.6474820143884892,base,Prolific,https://www.prolific.com/pricing,2026-07-12,0.0951999999999999,0.003,95.2,3.0,98.2
twenty_newsgroups,diversity_al,1000,3,sentence_transformer_logreg,sentence-transformers/all-MiniLM-L6-v2,0.619921205700291,0.6474820143884892,high,Prolific,https://www.prolific.com/pricing,2026-07-12,0.4283999999999999,0.003,428.3999999999999,3.0,431.3999999999999
twenty_newsgroups,diversity_al,1000,3,sentence_transformer_logreg,sentence-transformers/all-MiniLM-L6-v2,0.619921205700291,0.6474820143884892,low,Amazon Mechanical Turk,https://www.mturk.com/pricing,2026-07-12,0.04,0.003,40.0,3.0,43.0
twenty_newsgroups,diversity_al,1000,4,sentence_transformer_logreg,sentence-transformers/all-MiniLM-L6-v2,0.6269525725889131,0.6495375128468653,base,Prolific,https://www.prolific.com/pricing,2026-07-12,0.0951999999999999,0.003,95.2,3.0,98.2
twenty_newsgroups,diversity_al,1000,4,sentence_transformer_logreg,sentence-transformers/all-MiniLM-L6-v2,0.6269525725889131,0.6495375128468653,high,Prolific,https://www.prolific.com/pricing,2026-07-12,0.4283999999999999,0.003,428.3999999999999,3.0,431.3999999999999
twenty_newsgroups,diversity_al,1000,4,sentence_transformer_logreg,sentence-transformers/all-MiniLM-L6-v2,0.6269525725889131,0.6495375128468653,low,Amazon Mechanical Turk,https://www.mturk.com/pricing,2026-07-12,0.04,0.003,40.0,3.0,43.0
twenty_newsgroups,hybrid_al,50,0,sentence_transformer_logreg,sentence-transformers/all-MiniLM-L6-v2,0.1167540279787343,0.1993833504624871,base,Prolific,https://www.prolific.com/pricing,2026-07-12,0.0951999999999999,0.004,4.76,0.2,4.96
twenty_newsgroups,hybrid_al,50,0,sentence_transformer_logreg,sentence-transformers/all-MiniLM-L6-v2,0.1167540279787343,0.1993833504624871,high,Prolific,https://www.prolific.com/pricing,2026-07-12,0.4283999999999999,0.004,21.42,0.2,21.619999999999997
twenty_newsgroups,hybrid_al,50,0,sentence_transformer_logreg,sentence-transformers/all-MiniLM-L6-v2,0.1167540279787343,0.1993833504624871,low,Amazon Mechanical Turk,https://www.mturk.com/pricing,2026-07-12,0.04,0.004,2.0,0.2,2.2
twenty_newsgroups,hybrid_al,50,1,sentence_transformer_logreg,sentence-transformers/all-MiniLM-L6-v2,0.0343265993265993,0.0976361767728674,base,Prolific,https://www.prolific.com/pricing,2026-07-12,0.0951999999999999,0.004,4.76,0.2,4.96
twenty_newsgroups,hybrid_al,50,1,sentence_transformer_logreg,sentence-transformers/all-MiniLM-L6-v2,0.0343265993265993,0.0976361767728674,high,Prolific,https://www.prolific.com/pricing,2026-07-12,0.4283999999999999,0.004,21.42,0.2,21.619999999999997
twenty_newsgroups,hybrid_al,50,1,sentence_transformer_logreg,sentence-transformers/all-MiniLM-L6-v2,0.0343265993265993,0.0976361767728674,low,Amazon Mechanical Turk,https://www.mturk.com/pricing,2026-07-12,0.04,0.004,2.0,0.2,2.2
twenty_newsgroups,hybrid_al,50,2,sentence_transformer_logreg,sentence-transformers/all-MiniLM-L6-v2,0.0719057074973349,0.1079136690647482,base,Prolific,https://www.prolific.com/pricing,2026-07-12,0.0951999999999999,0.004,4.76,0.2,4.96
twenty_newsgroups,hybrid_al,50,2,sentence_transformer_logreg,sentence-transformers/all-MiniLM-L6-v2,0.0719057074973349,0.1079136690647482,high,Prolific,https://www.prolific.com/pricing,2026-07-12,0.4283999999999999,0.004,21.42,0.2,21.619999999999997
twenty_newsgroups,hybrid_al,50,2,sentence_transformer_logreg,sentence-transformers/all-MiniLM-L6-v2,0.0719057074973349,0.1079136690647482,low,Amazon Mechanical Turk,https://www.mturk.com/pricing,2026-07-12,0.04,0.004,2.0,0.2,2.2
twenty_newsgroups,hybrid_al,50,3,sentence_transformer_logreg,sentence-transformers/all-MiniLM-L6-v2,0.0761754918378547,0.1490236382322713,base,Prolific,https://www.prolific.com/pricing,2026-07-12,0.0951999999999999,0.004,4.76,0.2,4.96
twenty_newsgroups,hybrid_al,50,3,sentence_transformer_logreg,sentence-transformers/all-MiniLM-L6-v2,0.0761754918378547,0.1490236382322713,high,Prolific,https://www.prolific.com/pricing,2026-07-12,0.4283999999999999,0.004,21.42,0.2,21.619999999999997
twenty_newsgroups,hybrid_al,50,3,sentence_transformer_logreg,sentence-transformers/all-MiniLM-L6-v2,0.0761754918378547,0.1490236382322713,low,Amazon Mechanical Turk,https://www.mturk.com/pricing,2026-07-12,0.04,0.004,2.0,0.2,2.2
twenty_newsgroups,hybrid_al,50,4,sentence_transformer_logreg,sentence-transformers/all-MiniLM-L6-v2,0.074491195366059,0.1664953751284686,base,Prolific,https://www.prolific.com/pricing,2026-07-12,0.0951999999999999,0.004,4.76,0.2,4.96
twenty_newsgroups,hybrid_al,50,4,sentence_transformer_logreg,sentence-transformers/all-MiniLM-L6-v2,0.074491195366059,0.1664953751284686,high,Prolific,https://www.prolific.com/pricing,2026-07-12,0.4283999999999999,0.004,21.42,0.2,21.619999999999997
twenty_newsgroups,hybrid_al,50,4,sentence_transformer_logreg,sentence-transformers/all-MiniLM-L6-v2,0.074491195366059,0.1664953751284686,low,Amazon Mechanical Turk,https://www.mturk.com/pricing,2026-07-12,0.04,0.004,2.0,0.2,2.2
twenty_newsgroups,hybrid_al,100,0,sentence_transformer_logreg,sentence-transformers/all-MiniLM-L6-v2,0.1806788386754118,0.2569373072970195,base,Prolific,https://www.prolific.com/pricing,2026-07-12,0.0951999999999999,0.004,9.52,0.4,9.92
twenty_newsgroups,hybrid_al,100,0,sentence_transformer_logreg,sentence-transformers/all-MiniLM-L6-v2,0.1806788386754118,0.2569373072970195,high,Prolific,https://www.prolific.com/pricing,2026-07-12,0.4283999999999999,0.004,42.84,0.4,43.239999999999995
twenty_newsgroups,hybrid_al,100,0,sentence_transformer_logreg,sentence-transformers/all-MiniLM-L6-v2,0.1806788386754118,0.2569373072970195,low,Amazon Mechanical Turk,https://www.mturk.com/pricing,2026-07-12,0.04,0.004,4.0,0.4,4.4
twenty_newsgroups,hybrid_al,100,1,sentence_transformer_logreg,sentence-transformers/all-MiniLM-L6-v2,0.2174639938640672,0.2908530318602261,base,Prolific,https://www.prolific.com/pricing,2026-07-12,0.0951999999999999,0.004,9.52,0.4,9.92
twenty_newsgroups,hybrid_al,100,1,sentence_transformer_logreg,sentence-transformers/all-MiniLM-L6-v2,0.2174639938640672,0.2908530318602261,high,Prolific,https://www.prolific.com/pricing,2026-07-12,0.4283999999999999,0.004,42.84,0.4,43.239999999999995
twenty_newsgroups,hybrid_al,100,1,sentence_transformer_logreg,sentence-transformers/all-MiniLM-L6-v2,0.2174639938640672,0.2908530318602261,low,Amazon Mechanical Turk,https://www.mturk.com/pricing,2026-07-12,0.04,0.004,4.0,0.4,4.4
twenty_newsgroups,hybrid_al,100,2,sentence_transformer_logreg,sentence-transformers/all-MiniLM-L6-v2,0.0835381741555428,0.1798561151079136,base,Prolific,https://www.prolific.com/pricing,2026-07-12,0.0951999999999999,0.004,9.52,0.4,9.92
twenty_newsgroups,hybrid_al,100,2,sentence_transformer_logreg,sentence-transformers/all-MiniLM-L6-v2,0.0835381741555428,0.1798561151079136,high,Prolific,https://www.prolific.com/pricing,2026-07-12,0.4283999999999999,0.004,42.84,0.4,43.239999999999995
twenty_newsgroups,hybrid_al,100,2,sentence_transformer_logreg,sentence-transformers/all-MiniLM-L6-v2,0.0835381741555428,0.1798561151079136,low,Amazon Mechanical Turk,https://www.mturk.com/pricing,2026-07-12,0.04,0.004,4.0,0.4,4.4
twenty_newsgroups,hybrid_al,100,3,sentence_transformer_logreg,sentence-transformers/all-MiniLM-L6-v2,0.2888774154008763,0.3535457348406988,base,Prolific,https://www.prolific.com/pricing,2026-07-12,0.0951999999999999,0.004,9.52,0.4,9.92
twenty_newsgroups,hybrid_al,100,3,sentence_transformer_logreg,sentence-transformers/all-MiniLM-L6-v2,0.2888774154008763,0.3535457348406988,high,Prolific,https://www.prolific.com/pricing,2026-07-12,0.4283999999999999,0.004,42.84,0.4,43.239999999999995
twenty_newsgroups,hybrid_al,100,3,sentence_transformer_logreg,sentence-transformers/all-MiniLM-L6-v2,0.2888774154008763,0.3535457348406988,low,Amazon Mechanical Turk,https://www.mturk.com/pricing,2026-07-12,0.04,0.004,4.0,0.4,4.4
twenty_newsgroups,hybrid_al,100,4,sentence_transformer_logreg,sentence-transformers/all-MiniLM-L6-v2,0.126913605396487,0.197327852004111,base,Prolific,https://www.prolific.com/pricing,2026-07-12,0.0951999999999999,0.004,9.52,0.4,9.92
twenty_newsgroups,hybrid_al,100,4,sentence_transformer_logreg,sentence-transformers/all-MiniLM-L6-v2,0.126913605396487,0.197327852004111,high,Prolific,https://www.prolific.com/pricing,2026-07-12,0.4283999999999999,0.004,42.84,0.4,43.239999999999995
twenty_newsgroups,hybrid_al,100,4,sentence_transformer_logreg,sentence-transformers/all-MiniLM-L6-v2,0.126913605396487,0.197327852004111,low,Amazon Mechanical Turk,https://www.mturk.com/pricing,2026-07-12,0.04,0.004,4.0,0.4,4.4
twenty_newsgroups,hybrid_al,250,0,sentence_transformer_logreg,sentence-transformers/all-MiniLM-L6-v2,0.3511326983156454,0.4316546762589928,base,Prolific,https://www.prolific.com/pricing,2026-07-12,0.0951999999999999,0.004,23.799999999999997,1.0,24.799999999999997
twenty_newsgroups,hybrid_al,250,0,sentence_transformer_logreg,sentence-transformers/all-MiniLM-L6-v2,0.3511326983156454,0.4316546762589928,high,Prolific,https://www.prolific.com/pricing,2026-07-12,0.4283999999999999,0.004,107.09999999999998,1.0,108.09999999999998
twenty_newsgroups,hybrid_al,250,0,sentence_transformer_logreg,sentence-transformers/all-MiniLM-L6-v2,0.3511326983156454,0.4316546762589928,low,Amazon Mechanical Turk,https://www.mturk.com/pricing,2026-07-12,0.04,0.004,10.0,1.0,11.0
twenty_newsgroups,hybrid_al,250,1,sentence_transformer_logreg,sentence-transformers/all-MiniLM-L6-v2,0.4452466905022442,0.5005138746145941,base,Prolific,https://www.prolific.com/pricing,2026-07-12,0.0951999999999999,0.004,23.799999999999997,1.0,24.799999999999997
twenty_newsgroups,hybrid_al,250,1,sentence_transformer_logreg,sentence-transformers/all-MiniLM-L6-v2,0.4452466905022442,0.5005138746145941,high,Prolific,https://www.prolific.com/pricing,2026-07-12,0.4283999999999999,0.004,107.09999999999998,1.0,108.09999999999998
twenty_newsgroups,hybrid_al,250,1,sentence_transformer_logreg,sentence-transformers/all-MiniLM-L6-v2,0.4452466905022442,0.5005138746145941,low,Amazon Mechanical Turk,https://www.mturk.com/pricing,2026-07-12,0.04,0.004,10.0,1.0,11.0
twenty_newsgroups,hybrid_al,250,2,sentence_transformer_logreg,sentence-transformers/all-MiniLM-L6-v2,0.492349682919537,0.5292908530318602,base,Prolific,https://www.prolific.com/pricing,2026-07-12,0.0951999999999999,0.004,23.799999999999997,1.0,24.799999999999997
twenty_newsgroups,hybrid_al,250,2,sentence_transformer_logreg,sentence-transformers/all-MiniLM-L6-v2,0.492349682919537,0.5292908530318602,high,Prolific,https://www.prolific.com/pricing,2026-07-12,0.4283999999999999,0.004,107.09999999999998,1.0,108.09999999999998
twenty_newsgroups,hybrid_al,250,2,sentence_transformer_logreg,sentence-transformers/all-MiniLM-L6-v2,0.492349682919537,0.5292908530318602,low,Amazon Mechanical Turk,https://www.mturk.com/pricing,2026-07-12,0.04,0.004,10.0,1.0,11.0
twenty_newsgroups,hybrid_al,250,3,sentence_transformer_logreg,sentence-transformers/all-MiniLM-L6-v2,0.4254405635381125,0.4892086330935252,base,Prolific,https://www.prolific.com/pricing,2026-07-12,0.0951999999999999,0.004,23.799999999999997,1.0,24.799999999999997
twenty_newsgroups,hybrid_al,250,3,sentence_transformer_logreg,sentence-transformers/all-MiniLM-L6-v2,0.4254405635381125,0.4892086330935252,high,Prolific,https://www.prolific.com/pricing,2026-07-12,0.4283999999999999,0.004,107.09999999999998,1.0,108.09999999999998
twenty_newsgroups,hybrid_al,250,3,sentence_transformer_logreg,sentence-transformers/all-MiniLM-L6-v2,0.4254405635381125,0.4892086330935252,low,Amazon Mechanical Turk,https://www.mturk.com/pricing,2026-07-12,0.04,0.004,10.0,1.0,11.0
twenty_newsgroups,hybrid_al,250,4,sentence_transformer_logreg,sentence-transformers/all-MiniLM-L6-v2,0.4046514678892774,0.460431654676259,base,Prolific,https://www.prolific.com/pricing,2026-07-12,0.0951999999999999,0.004,23.799999999999997,1.0,24.799999999999997
twenty_newsgroups,hybrid_al,250,4,sentence_transformer_logreg,sentence-transformers/all-MiniLM-L6-v2,0.4046514678892774,0.460431654676259,high,Prolific,https://www.prolific.com/pricing,2026-07-12,0.4283999999999999,0.004,107.09999999999998,1.0,108.09999999999998
twenty_newsgroups,hybrid_al,250,4,sentence_transformer_logreg,sentence-transformers/all-MiniLM-L6-v2,0.4046514678892774,0.460431654676259,low,Amazon Mechanical Turk,https://www.mturk.com/pricing,2026-07-12,0.04,0.004,10.0,1.0,11.0
twenty_newsgroups,hybrid_al,500,0,sentence_transformer_logreg,sentence-transformers/all-MiniLM-L6-v2,0.5768728109445522,0.6115107913669064,base,Prolific,https://www.prolific.com/pricing,2026-07-12,0.0951999999999999,0.004,47.599999999999994,2.0,49.599999999999994
twenty_newsgroups,hybrid_al,500,0,sentence_transformer_logreg,sentence-transformers/all-MiniLM-L6-v2,0.5768728109445522,0.6115107913669064,high,Prolific,https://www.prolific.com/pricing,2026-07-12,0.4283999999999999,0.004,214.19999999999996,2.0,216.19999999999996
twenty_newsgroups,hybrid_al,500,0,sentence_transformer_logreg,sentence-transformers/all-MiniLM-L6-v2,0.5768728109445522,0.6115107913669064,low,Amazon Mechanical Turk,https://www.mturk.com/pricing,2026-07-12,0.04,0.004,20.0,2.0,22.0
twenty_newsgroups,hybrid_al,500,1,sentence_transformer_logreg,sentence-transformers/all-MiniLM-L6-v2,0.5959917688994236,0.6279547790339157,base,Prolific,https://www.prolific.com/pricing,2026-07-12,0.0951999999999999,0.004,47.599999999999994,2.0,49.599999999999994
twenty_newsgroups,hybrid_al,500,1,sentence_transformer_logreg,sentence-transformers/all-MiniLM-L6-v2,0.5959917688994236,0.6279547790339157,high,Prolific,https://www.prolific.com/pricing,2026-07-12,0.4283999999999999,0.004,214.19999999999996,2.0,216.19999999999996
twenty_newsgroups,hybrid_al,500,1,sentence_transformer_logreg,sentence-transformers/all-MiniLM-L6-v2,0.5959917688994236,0.6279547790339157,low,Amazon Mechanical Turk,https://www.mturk.com/pricing,2026-07-12,0.04,0.004,20.0,2.0,22.0
twenty_newsgroups,hybrid_al,500,2,sentence_transformer_logreg,sentence-transformers/all-MiniLM-L6-v2,0.6037621063537387,0.6402877697841727,base,Prolific,https://www.prolific.com/pricing,2026-07-12,0.0951999999999999,0.004,47.599999999999994,2.0,49.599999999999994
twenty_newsgroups,hybrid_al,500,2,sentence_transformer_logreg,sentence-transformers/all-MiniLM-L6-v2,0.6037621063537387,0.6402877697841727,high,Prolific,https://www.prolific.com/pricing,2026-07-12,0.4283999999999999,0.004,214.19999999999996,2.0,216.19999999999996
twenty_newsgroups,hybrid_al,500,2,sentence_transformer_logreg,sentence-transformers/all-MiniLM-L6-v2,0.6037621063537387,0.6402877697841727,low,Amazon Mechanical Turk,https://www.mturk.com/pricing,2026-07-12,0.04,0.004,20.0,2.0,22.0
twenty_newsgroups,hybrid_al,500,3,sentence_transformer_logreg,sentence-transformers/all-MiniLM-L6-v2,0.6114623472831772,0.6341212744090442,base,Prolific,https://www.prolific.com/pricing,2026-07-12,0.0951999999999999,0.004,47.599999999999994,2.0,49.599999999999994
twenty_newsgroups,hybrid_al,500,3,sentence_transformer_logreg,sentence-transformers/all-MiniLM-L6-v2,0.6114623472831772,0.6341212744090442,high,Prolific,https://www.prolific.com/pricing,2026-07-12,0.4283999999999999,0.004,214.19999999999996,2.0,216.19999999999996
twenty_newsgroups,hybrid_al,500,3,sentence_transformer_logreg,sentence-transformers/all-MiniLM-L6-v2,0.6114623472831772,0.6341212744090442,low,Amazon Mechanical Turk,https://www.mturk.com/pricing,2026-07-12,0.04,0.004,20.0,2.0,22.0
twenty_newsgroups,hybrid_al,500,4,sentence_transformer_logreg,sentence-transformers/all-MiniLM-L6-v2,0.6007565747238184,0.6269270298047277,base,Prolific,https://www.prolific.com/pricing,2026-07-12,0.0951999999999999,0.004,47.599999999999994,2.0,49.599999999999994
twenty_newsgroups,hybrid_al,500,4,sentence_transformer_logreg,sentence-transformers/all-MiniLM-L6-v2,0.6007565747238184,0.6269270298047277,high,Prolific,https://www.prolific.com/pricing,2026-07-12,0.4283999999999999,0.004,214.19999999999996,2.0,216.19999999999996
twenty_newsgroups,hybrid_al,500,4,sentence_transformer_logreg,sentence-transformers/all-MiniLM-L6-v2,0.6007565747238184,0.6269270298047277,low,Amazon Mechanical Turk,https://www.mturk.com/pricing,2026-07-12,0.04,0.004,20.0,2.0,22.0
twenty_newsgroups,hybrid_al,1000,0,sentence_transformer_logreg,sentence-transformers/all-MiniLM-L6-v2,0.6306921334920745,0.6526207605344296,base,Prolific,https://www.prolific.com/pricing,2026-07-12,0.0951999999999999,0.004,95.2,4.0,99.2
twenty_newsgroups,hybrid_al,1000,0,sentence_transformer_logreg,sentence-transformers/all-MiniLM-L6-v2,0.6306921334920745,0.6526207605344296,high,Prolific,https://www.prolific.com/pricing,2026-07-12,0.4283999999999999,0.004,428.3999999999999,4.0,432.3999999999999
twenty_newsgroups,hybrid_al,1000,0,sentence_transformer_logreg,sentence-transformers/all-MiniLM-L6-v2,0.6306921334920745,0.6526207605344296,low,Amazon Mechanical Turk,https://www.mturk.com/pricing,2026-07-12,0.04,0.004,40.0,4.0,44.0
twenty_newsgroups,hybrid_al,1000,1,sentence_transformer_logreg,sentence-transformers/all-MiniLM-L6-v2,0.6271988312484796,0.6505652620760535,base,Prolific,https://www.prolific.com/pricing,2026-07-12,0.0951999999999999,0.004,95.2,4.0,99.2
twenty_newsgroups,hybrid_al,1000,1,sentence_transformer_logreg,sentence-transformers/all-MiniLM-L6-v2,0.6271988312484796,0.6505652620760535,high,Prolific,https://www.prolific.com/pricing,2026-07-12,0.4283999999999999,0.004,428.3999999999999,4.0,432.3999999999999
twenty_newsgroups,hybrid_al,1000,1,sentence_transformer_logreg,sentence-transformers/all-MiniLM-L6-v2,0.6271988312484796,0.6505652620760535,low,Amazon Mechanical Turk,https://www.mturk.com/pricing,2026-07-12,0.04,0.004,40.0,4.0,44.0
twenty_newsgroups,hybrid_al,1000,2,sentence_transformer_logreg,sentence-transformers/all-MiniLM-L6-v2,0.6221351251252992,0.6474820143884892,base,Prolific,https://www.prolific.com/pricing,2026-07-12,0.0951999999999999,0.004,95.2,4.0,99.2
twenty_newsgroups,hybrid_al,1000,2,sentence_transformer_logreg,sentence-transformers/all-MiniLM-L6-v2,0.6221351251252992,0.6474820143884892,high,Prolific,https://www.prolific.com/pricing,2026-07-12,0.4283999999999999,0.004,428.3999999999999,4.0,432.3999999999999
twenty_newsgroups,hybrid_al,1000,2,sentence_transformer_logreg,sentence-transformers/all-MiniLM-L6-v2,0.6221351251252992,0.6474820143884892,low,Amazon Mechanical Turk,https://www.mturk.com/pricing,2026-07-12,0.04,0.004,40.0,4.0,44.0
twenty_newsgroups,hybrid_al,1000,3,sentence_transformer_logreg,sentence-transformers/all-MiniLM-L6-v2,0.6380956040291634,0.6618705035971223,base,Prolific,https://www.prolific.com/pricing,2026-07-12,0.0951999999999999,0.004,95.2,4.0,99.2
twenty_newsgroups,hybrid_al,1000,3,sentence_transformer_logreg,sentence-transformers/all-MiniLM-L6-v2,0.6380956040291634,0.6618705035971223,high,Prolific,https://www.prolific.com/pricing,2026-07-12,0.4283999999999999,0.004,428.3999999999999,4.0,432.3999999999999
twenty_newsgroups,hybrid_al,1000,3,sentence_transformer_logreg,sentence-transformers/all-MiniLM-L6-v2,0.6380956040291634,0.6618705035971223,low,Amazon Mechanical Turk,https://www.mturk.com/pricing,2026-07-12,0.04,0.004,40.0,4.0,44.0
twenty_newsgroups,hybrid_al,1000,4,sentence_transformer_logreg,sentence-transformers/all-MiniLM-L6-v2,0.6322858916485694,0.6587872559095581,base,Prolific,https://www.prolific.com/pricing,2026-07-12,0.0951999999999999,0.004,95.2,4.0,99.2
twenty_newsgroups,hybrid_al,1000,4,sentence_transformer_logreg,sentence-transformers/all-MiniLM-L6-v2,0.6322858916485694,0.6587872559095581,high,Prolific,https://www.prolific.com/pricing,2026-07-12,0.4283999999999999,0.004,428.3999999999999,4.0,432.3999999999999
twenty_newsgroups,hybrid_al,1000,4,sentence_transformer_logreg,sentence-transformers/all-MiniLM-L6-v2,0.6322858916485694,0.6587872559095581,low,Amazon Mechanical Turk,https://www.mturk.com/pricing,2026-07-12,0.04,0.004,40.0,4.0,44.0
twenty_newsgroups,random,50,0,sentence_transformer_logreg,sentence-transformers/all-MiniLM-L6-v2,0.0800786305288342,0.1521068859198355,base,Prolific,https://www.prolific.com/pricing,2026-07-12,0.0951999999999999,0.0,4.76,0.0,4.76
twenty_newsgroups,random,50,0,sentence_transformer_logreg,sentence-transformers/all-MiniLM-L6-v2,0.0800786305288342,0.1521068859198355,high,Prolific,https://www.prolific.com/pricing,2026-07-12,0.4283999999999999,0.0,21.42,0.0,21.42
twenty_newsgroups,random,50,0,sentence_transformer_logreg,sentence-transformers/all-MiniLM-L6-v2,0.0800786305288342,0.1521068859198355,low,Amazon Mechanical Turk,https://www.mturk.com/pricing,2026-07-12,0.04,0.0,2.0,0.0,2.0
twenty_newsgroups,random,50,1,sentence_transformer_logreg,sentence-transformers/all-MiniLM-L6-v2,0.0796681915288349,0.1593011305241521,base,Prolific,https://www.prolific.com/pricing,2026-07-12,0.0951999999999999,0.0,4.76,0.0,4.76
twenty_newsgroups,random,50,1,sentence_transformer_logreg,sentence-transformers/all-MiniLM-L6-v2,0.0796681915288349,0.1593011305241521,high,Prolific,https://www.prolific.com/pricing,2026-07-12,0.4283999999999999,0.0,21.42,0.0,21.42
twenty_newsgroups,random,50,1,sentence_transformer_logreg,sentence-transformers/all-MiniLM-L6-v2,0.0796681915288349,0.1593011305241521,low,Amazon Mechanical Turk,https://www.mturk.com/pricing,2026-07-12,0.04,0.0,2.0,0.0,2.0
twenty_newsgroups,random,50,2,sentence_transformer_logreg,sentence-transformers/all-MiniLM-L6-v2,0.1028651260172487,0.1541623843782117,base,Prolific,https://www.prolific.com/pricing,2026-07-12,0.0951999999999999,0.0,4.76,0.0,4.76
twenty_newsgroups,random,50,2,sentence_transformer_logreg,sentence-transformers/all-MiniLM-L6-v2,0.1028651260172487,0.1541623843782117,high,Prolific,https://www.prolific.com/pricing,2026-07-12,0.4283999999999999,0.0,21.42,0.0,21.42
twenty_newsgroups,random,50,2,sentence_transformer_logreg,sentence-transformers/all-MiniLM-L6-v2,0.1028651260172487,0.1541623843782117,low,Amazon Mechanical Turk,https://www.mturk.com/pricing,2026-07-12,0.04,0.0,2.0,0.0,2.0
twenty_newsgroups,random,50,3,sentence_transformer_logreg,sentence-transformers/all-MiniLM-L6-v2,0.0527680138039415,0.1336073997944501,base,Prolific,https://www.prolific.com/pricing,2026-07-12,0.0951999999999999,0.0,4.76,0.0,4.76
twenty_newsgroups,random,50,3,sentence_transformer_logreg,sentence-transformers/all-MiniLM-L6-v2,0.0527680138039415,0.1336073997944501,high,Prolific,https://www.prolific.com/pricing,2026-07-12,0.4283999999999999,0.0,21.42,0.0,21.42
twenty_newsgroups,random,50,3,sentence_transformer_logreg,sentence-transformers/all-MiniLM-L6-v2,0.0527680138039415,0.1336073997944501,low,Amazon Mechanical Turk,https://www.mturk.com/pricing,2026-07-12,0.04,0.0,2.0,0.0,2.0
twenty_newsgroups,random,50,4,sentence_transformer_logreg,sentence-transformers/all-MiniLM-L6-v2,0.1693371861689707,0.2209660842754368,base,Prolific,https://www.prolific.com/pricing,2026-07-12,0.0951999999999999,0.0,4.76,0.0,4.76
twenty_newsgroups,random,50,4,sentence_transformer_logreg,sentence-transformers/all-MiniLM-L6-v2,0.1693371861689707,0.2209660842754368,high,Prolific,https://www.prolific.com/pricing,2026-07-12,0.4283999999999999,0.0,21.42,0.0,21.42
twenty_newsgroups,random,50,4,sentence_transformer_logreg,sentence-transformers/all-MiniLM-L6-v2,0.1693371861689707,0.2209660842754368,low,Amazon Mechanical Turk,https://www.mturk.com/pricing,2026-07-12,0.04,0.0,2.0,0.0,2.0
twenty_newsgroups,random,100,0,sentence_transformer_logreg,sentence-transformers/all-MiniLM-L6-v2,0.1957361469611566,0.3062692702980473,base,Prolific,https://www.prolific.com/pricing,2026-07-12,0.0951999999999999,0.0,9.52,0.0,9.52
twenty_newsgroups,random,100,0,sentence_transformer_logreg,sentence-transformers/all-MiniLM-L6-v2,0.1957361469611566,0.3062692702980473,high,Prolific,https://www.prolific.com/pricing,2026-07-12,0.4283999999999999,0.0,42.84,0.0,42.84
twenty_newsgroups,random,100,0,sentence_transformer_logreg,sentence-transformers/all-MiniLM-L6-v2,0.1957361469611566,0.3062692702980473,low,Amazon Mechanical Turk,https://www.mturk.com/pricing,2026-07-12,0.04,0.0,4.0,0.0,4.0
twenty_newsgroups,random,100,1,sentence_transformer_logreg,sentence-transformers/all-MiniLM-L6-v2,0.2017609214068109,0.2548818088386433,base,Prolific,https://www.prolific.com/pricing,2026-07-12,0.0951999999999999,0.0,9.52,0.0,9.52
twenty_newsgroups,random,100,1,sentence_transformer_logreg,sentence-transformers/all-MiniLM-L6-v2,0.2017609214068109,0.2548818088386433,high,Prolific,https://www.prolific.com/pricing,2026-07-12,0.4283999999999999,0.0,42.84,0.0,42.84
twenty_newsgroups,random,100,1,sentence_transformer_logreg,sentence-transformers/all-MiniLM-L6-v2,0.2017609214068109,0.2548818088386433,low,Amazon Mechanical Turk,https://www.mturk.com/pricing,2026-07-12,0.04,0.0,4.0,0.0,4.0
twenty_newsgroups,random,100,2,sentence_transformer_logreg,sentence-transformers/all-MiniLM-L6-v2,0.2062060036162738,0.2970195272353546,base,Prolific,https://www.prolific.com/pricing,2026-07-12,0.0951999999999999,0.0,9.52,0.0,9.52
twenty_newsgroups,random,100,2,sentence_transformer_logreg,sentence-transformers/all-MiniLM-L6-v2,0.2062060036162738,0.2970195272353546,high,Prolific,https://www.prolific.com/pricing,2026-07-12,0.4283999999999999,0.0,42.84,0.0,42.84
twenty_newsgroups,random,100,2,sentence_transformer_logreg,sentence-transformers/all-MiniLM-L6-v2,0.2062060036162738,0.2970195272353546,low,Amazon Mechanical Turk,https://www.mturk.com/pricing,2026-07-12,0.04,0.0,4.0,0.0,4.0
twenty_newsgroups,random,100,3,sentence_transformer_logreg,sentence-transformers/all-MiniLM-L6-v2,0.2626792059831528,0.3227132579650565,base,Prolific,https://www.prolific.com/pricing,2026-07-12,0.0951999999999999,0.0,9.52,0.0,9.52
twenty_newsgroups,random,100,3,sentence_transformer_logreg,sentence-transformers/all-MiniLM-L6-v2,0.2626792059831528,0.3227132579650565,high,Prolific,https://www.prolific.com/pricing,2026-07-12,0.4283999999999999,0.0,42.84,0.0,42.84
twenty_newsgroups,random,100,3,sentence_transformer_logreg,sentence-transformers/all-MiniLM-L6-v2,0.2626792059831528,0.3227132579650565,low,Amazon Mechanical Turk,https://www.mturk.com/pricing,2026-07-12,0.04,0.0,4.0,0.0,4.0
twenty_newsgroups,random,100,4,sentence_transformer_logreg,sentence-transformers/all-MiniLM-L6-v2,0.1926747851166956,0.2713257965056526,base,Prolific,https://www.prolific.com/pricing,2026-07-12,0.0951999999999999,0.0,9.52,0.0,9.52
twenty_newsgroups,random,100,4,sentence_transformer_logreg,sentence-transformers/all-MiniLM-L6-v2,0.1926747851166956,0.2713257965056526,high,Prolific,https://www.prolific.com/pricing,2026-07-12,0.4283999999999999,0.0,42.84,0.0,42.84
twenty_newsgroups,random,100,4,sentence_transformer_logreg,sentence-transformers/all-MiniLM-L6-v2,0.1926747851166956,0.2713257965056526,low,Amazon Mechanical Turk,https://www.mturk.com/pricing,2026-07-12,0.04,0.0,4.0,0.0,4.0
twenty_newsgroups,random,250,0,sentence_transformer_logreg,sentence-transformers/all-MiniLM-L6-v2,0.4993914201052735,0.5364850976361768,base,Prolific,https://www.prolific.com/pricing,2026-07-12,0.0951999999999999,0.0,23.799999999999997,0.0,23.799999999999997
twenty_newsgroups,random,250,0,sentence_transformer_logreg,sentence-transformers/all-MiniLM-L6-v2,0.4993914201052735,0.5364850976361768,high,Prolific,https://www.prolific.com/pricing,2026-07-12,0.4283999999999999,0.0,107.09999999999998,0.0,107.09999999999998
twenty_newsgroups,random,250,0,sentence_transformer_logreg,sentence-transformers/all-MiniLM-L6-v2,0.4993914201052735,0.5364850976361768,low,Amazon Mechanical Turk,https://www.mturk.com/pricing,2026-07-12,0.04,0.0,10.0,0.0,10.0
twenty_newsgroups,random,250,1,sentence_transformer_logreg,sentence-transformers/all-MiniLM-L6-v2,0.4743675201437002,0.5375128468653648,base,Prolific,https://www.prolific.com/pricing,2026-07-12,0.0951999999999999,0.0,23.799999999999997,0.0,23.799999999999997
twenty_newsgroups,random,250,1,sentence_transformer_logreg,sentence-transformers/all-MiniLM-L6-v2,0.4743675201437002,0.5375128468653648,high,Prolific,https://www.prolific.com/pricing,2026-07-12,0.4283999999999999,0.0,107.09999999999998,0.0,107.09999999999998
twenty_newsgroups,random,250,1,sentence_transformer_logreg,sentence-transformers/all-MiniLM-L6-v2,0.4743675201437002,0.5375128468653648,low,Amazon Mechanical Turk,https://www.mturk.com/pricing,2026-07-12,0.04,0.0,10.0,0.0,10.0
twenty_newsgroups,random,250,2,sentence_transformer_logreg,sentence-transformers/all-MiniLM-L6-v2,0.463909601396321,0.5190133607399794,base,Prolific,https://www.prolific.com/pricing,2026-07-12,0.0951999999999999,0.0,23.799999999999997,0.0,23.799999999999997
twenty_newsgroups,random,250,2,sentence_transformer_logreg,sentence-transformers/all-MiniLM-L6-v2,0.463909601396321,0.5190133607399794,high,Prolific,https://www.prolific.com/pricing,2026-07-12,0.4283999999999999,0.0,107.09999999999998,0.0,107.09999999999998
twenty_newsgroups,random,250,2,sentence_transformer_logreg,sentence-transformers/all-MiniLM-L6-v2,0.463909601396321,0.5190133607399794,low,Amazon Mechanical Turk,https://www.mturk.com/pricing,2026-07-12,0.04,0.0,10.0,0.0,10.0
twenty_newsgroups,random,250,3,sentence_transformer_logreg,sentence-transformers/all-MiniLM-L6-v2,0.5077442095326066,0.5580678314491264,base,Prolific,https://www.prolific.com/pricing,2026-07-12,0.0951999999999999,0.0,23.799999999999997,0.0,23.799999999999997
twenty_newsgroups,random,250,3,sentence_transformer_logreg,sentence-transformers/all-MiniLM-L6-v2,0.5077442095326066,0.5580678314491264,high,Prolific,https://www.prolific.com/pricing,2026-07-12,0.4283999999999999,0.0,107.09999999999998,0.0,107.09999999999998
twenty_newsgroups,random,250,3,sentence_transformer_logreg,sentence-transformers/all-MiniLM-L6-v2,0.5077442095326066,0.5580678314491264,low,Amazon Mechanical Turk,https://www.mturk.com/pricing,2026-07-12,0.04,0.0,10.0,0.0,10.0
twenty_newsgroups,random,250,4,sentence_transformer_logreg,sentence-transformers/all-MiniLM-L6-v2,0.5289557750009897,0.5549845837615622,base,Prolific,https://www.prolific.com/pricing,2026-07-12,0.0951999999999999,0.0,23.799999999999997,0.0,23.799999999999997
twenty_newsgroups,random,250,4,sentence_transformer_logreg,sentence-transformers/all-MiniLM-L6-v2,0.5289557750009897,0.5549845837615622,high,Prolific,https://www.prolific.com/pricing,2026-07-12,0.4283999999999999,0.0,107.09999999999998,0.0,107.09999999999998
twenty_newsgroups,random,250,4,sentence_transformer_logreg,sentence-transformers/all-MiniLM-L6-v2,0.5289557750009897,0.5549845837615622,low,Amazon Mechanical Turk,https://www.mturk.com/pricing,2026-07-12,0.04,0.0,10.0,0.0,10.0
twenty_newsgroups,random,500,0,sentence_transformer_logreg,sentence-transformers/all-MiniLM-L6-v2,0.5996572902707901,0.6279547790339157,base,Prolific,https://www.prolific.com/pricing,2026-07-12,0.0951999999999999,0.0,47.599999999999994,0.0,47.599999999999994
twenty_newsgroups,random,500,0,sentence_transformer_logreg,sentence-transformers/all-MiniLM-L6-v2,0.5996572902707901,0.6279547790339157,high,Prolific,https://www.prolific.com/pricing,2026-07-12,0.4283999999999999,0.0,214.19999999999996,0.0,214.19999999999996
twenty_newsgroups,random,500,0,sentence_transformer_logreg,sentence-transformers/all-MiniLM-L6-v2,0.5996572902707901,0.6279547790339157,low,Amazon Mechanical Turk,https://www.mturk.com/pricing,2026-07-12,0.04,0.0,20.0,0.0,20.0
twenty_newsgroups,random,500,1,sentence_transformer_logreg,sentence-transformers/all-MiniLM-L6-v2,0.6188999477138246,0.645426515930113,base,Prolific,https://www.prolific.com/pricing,2026-07-12,0.0951999999999999,0.0,47.599999999999994,0.0,47.599999999999994
twenty_newsgroups,random,500,1,sentence_transformer_logreg,sentence-transformers/all-MiniLM-L6-v2,0.6188999477138246,0.645426515930113,high,Prolific,https://www.prolific.com/pricing,2026-07-12,0.4283999999999999,0.0,214.19999999999996,0.0,214.19999999999996
twenty_newsgroups,random,500,1,sentence_transformer_logreg,sentence-transformers/all-MiniLM-L6-v2,0.6188999477138246,0.645426515930113,low,Amazon Mechanical Turk,https://www.mturk.com/pricing,2026-07-12,0.04,0.0,20.0,0.0,20.0
twenty_newsgroups,random,500,2,sentence_transformer_logreg,sentence-transformers/all-MiniLM-L6-v2,0.566778115068125,0.6156217882836588,base,Prolific,https://www.prolific.com/pricing,2026-07-12,0.0951999999999999,0.0,47.599999999999994,0.0,47.599999999999994
twenty_newsgroups,random,500,2,sentence_transformer_logreg,sentence-transformers/all-MiniLM-L6-v2,0.566778115068125,0.6156217882836588,high,Prolific,https://www.prolific.com/pricing,2026-07-12,0.4283999999999999,0.0,214.19999999999996,0.0,214.19999999999996
twenty_newsgroups,random,500,2,sentence_transformer_logreg,sentence-transformers/all-MiniLM-L6-v2,0.566778115068125,0.6156217882836588,low,Amazon Mechanical Turk,https://www.mturk.com/pricing,2026-07-12,0.04,0.0,20.0,0.0,20.0
twenty_newsgroups,random,500,3,sentence_transformer_logreg,sentence-transformers/all-MiniLM-L6-v2,0.5721344476878378,0.6135662898252826,base,Prolific,https://www.prolific.com/pricing,2026-07-12,0.0951999999999999,0.0,47.599999999999994,0.0,47.599999999999994
twenty_newsgroups,random,500,3,sentence_transformer_logreg,sentence-transformers/all-MiniLM-L6-v2,0.5721344476878378,0.6135662898252826,high,Prolific,https://www.prolific.com/pricing,2026-07-12,0.4283999999999999,0.0,214.19999999999996,0.0,214.19999999999996
twenty_newsgroups,random,500,3,sentence_transformer_logreg,sentence-transformers/all-MiniLM-L6-v2,0.5721344476878378,0.6135662898252826,low,Amazon Mechanical Turk,https://www.mturk.com/pricing,2026-07-12,0.04,0.0,20.0,0.0,20.0
twenty_newsgroups,random,500,4,sentence_transformer_logreg,sentence-transformers/all-MiniLM-L6-v2,0.5900095930008926,0.6197327852004111,base,Prolific,https://www.prolific.com/pricing,2026-07-12,0.0951999999999999,0.0,47.599999999999994,0.0,47.599999999999994
twenty_newsgroups,random,500,4,sentence_transformer_logreg,sentence-transformers/all-MiniLM-L6-v2,0.5900095930008926,0.6197327852004111,high,Prolific,https://www.prolific.com/pricing,2026-07-12,0.4283999999999999,0.0,214.19999999999996,0.0,214.19999999999996
twenty_newsgroups,random,500,4,sentence_transformer_logreg,sentence-transformers/all-MiniLM-L6-v2,0.5900095930008926,0.6197327852004111,low,Amazon Mechanical Turk,https://www.mturk.com/pricing,2026-07-12,0.04,0.0,20.0,0.0,20.0
twenty_newsgroups,random,1000,0,sentence_transformer_logreg,sentence-transformers/all-MiniLM-L6-v2,0.6319242104551914,0.6598150051387461,base,Prolific,https://www.prolific.com/pricing,2026-07-12,0.0951999999999999,0.0,95.2,0.0,95.2
twenty_newsgroups,random,1000,0,sentence_transformer_logreg,sentence-transformers/all-MiniLM-L6-v2,0.6319242104551914,0.6598150051387461,high,Prolific,https://www.prolific.com/pricing,2026-07-12,0.4283999999999999,0.0,428.3999999999999,0.0,428.3999999999999
twenty_newsgroups,random,1000,0,sentence_transformer_logreg,sentence-transformers/all-MiniLM-L6-v2,0.6319242104551914,0.6598150051387461,low,Amazon Mechanical Turk,https://www.mturk.com/pricing,2026-07-12,0.04,0.0,40.0,0.0,40.0
twenty_newsgroups,random,1000,1,sentence_transformer_logreg,sentence-transformers/all-MiniLM-L6-v2,0.647521924612505,0.6649537512846866,base,Prolific,https://www.prolific.com/pricing,2026-07-12,0.0951999999999999,0.0,95.2,0.0,95.2
twenty_newsgroups,random,1000,1,sentence_transformer_logreg,sentence-transformers/all-MiniLM-L6-v2,0.647521924612505,0.6649537512846866,high,Prolific,https://www.prolific.com/pricing,2026-07-12,0.4283999999999999,0.0,428.3999999999999,0.0,428.3999999999999
twenty_newsgroups,random,1000,1,sentence_transformer_logreg,sentence-transformers/all-MiniLM-L6-v2,0.647521924612505,0.6649537512846866,low,Amazon Mechanical Turk,https://www.mturk.com/pricing,2026-07-12,0.04,0.0,40.0,0.0,40.0
twenty_newsgroups,random,1000,2,sentence_transformer_logreg,sentence-transformers/all-MiniLM-L6-v2,0.6268199287067793,0.6505652620760535,base,Prolific,https://www.prolific.com/pricing,2026-07-12,0.0951999999999999,0.0,95.2,0.0,95.2
twenty_newsgroups,random,1000,2,sentence_transformer_logreg,sentence-transformers/all-MiniLM-L6-v2,0.6268199287067793,0.6505652620760535,high,Prolific,https://www.prolific.com/pricing,2026-07-12,0.4283999999999999,0.0,428.3999999999999,0.0,428.3999999999999
twenty_newsgroups,random,1000,2,sentence_transformer_logreg,sentence-transformers/all-MiniLM-L6-v2,0.6268199287067793,0.6505652620760535,low,Amazon Mechanical Turk,https://www.mturk.com/pricing,2026-07-12,0.04,0.0,40.0,0.0,40.0
twenty_newsgroups,random,1000,3,sentence_transformer_logreg,sentence-transformers/all-MiniLM-L6-v2,0.6157969523122653,0.6433710174717369,base,Prolific,https://www.prolific.com/pricing,2026-07-12,0.0951999999999999,0.0,95.2,0.0,95.2
twenty_newsgroups,random,1000,3,sentence_transformer_logreg,sentence-transformers/all-MiniLM-L6-v2,0.6157969523122653,0.6433710174717369,high,Prolific,https://www.prolific.com/pricing,2026-07-12,0.4283999999999999,0.0,428.3999999999999,0.0,428.3999999999999
twenty_newsgroups,random,1000,3,sentence_transformer_logreg,sentence-transformers/all-MiniLM-L6-v2,0.6157969523122653,0.6433710174717369,low,Amazon Mechanical Turk,https://www.mturk.com/pricing,2026-07-12,0.04,0.0,40.0,0.0,40.0
twenty_newsgroups,random,1000,4,sentence_transformer_logreg,sentence-transformers/all-MiniLM-L6-v2,0.6357308447268297,0.6587872559095581,base,Prolific,https://www.prolific.com/pricing,2026-07-12,0.0951999999999999,0.0,95.2,0.0,95.2
twenty_newsgroups,random,1000,4,sentence_transformer_logreg,sentence-transformers/all-MiniLM-L6-v2,0.6357308447268297,0.6587872559095581,high,Prolific,https://www.prolific.com/pricing,2026-07-12,0.4283999999999999,0.0,428.3999999999999,0.0,428.3999999999999
twenty_newsgroups,random,1000,4,sentence_transformer_logreg,sentence-transformers/all-MiniLM-L6-v2,0.6357308447268297,0.6587872559095581,low,Amazon Mechanical Turk,https://www.mturk.com/pricing,2026-07-12,0.04,0.0,40.0,0.0,40.0
twenty_newsgroups,uncertainty_al,50,0,sentence_transformer_logreg,sentence-transformers/all-MiniLM-L6-v2,0.0333054413254663,0.1089414182939362,base,Prolific,https://www.prolific.com/pricing,2026-07-12,0.0951999999999999,0.002,4.76,0.1,4.859999999999999
twenty_newsgroups,uncertainty_al,50,0,sentence_transformer_logreg,sentence-transformers/all-MiniLM-L6-v2,0.0333054413254663,0.1089414182939362,high,Prolific,https://www.prolific.com/pricing,2026-07-12,0.4283999999999999,0.002,21.42,0.1,21.52
twenty_newsgroups,uncertainty_al,50,0,sentence_transformer_logreg,sentence-transformers/all-MiniLM-L6-v2,0.0333054413254663,0.1089414182939362,low,Amazon Mechanical Turk,https://www.mturk.com/pricing,2026-07-12,0.04,0.002,2.0,0.1,2.1
twenty_newsgroups,uncertainty_al,50,1,sentence_transformer_logreg,sentence-transformers/all-MiniLM-L6-v2,0.0638496982299571,0.1027749229188078,base,Prolific,https://www.prolific.com/pricing,2026-07-12,0.0951999999999999,0.002,4.76,0.1,4.859999999999999
twenty_newsgroups,uncertainty_al,50,1,sentence_transformer_logreg,sentence-transformers/all-MiniLM-L6-v2,0.0638496982299571,0.1027749229188078,high,Prolific,https://www.prolific.com/pricing,2026-07-12,0.4283999999999999,0.002,21.42,0.1,21.52
twenty_newsgroups,uncertainty_al,50,1,sentence_transformer_logreg,sentence-transformers/all-MiniLM-L6-v2,0.0638496982299571,0.1027749229188078,low,Amazon Mechanical Turk,https://www.mturk.com/pricing,2026-07-12,0.04,0.002,2.0,0.1,2.1
twenty_newsgroups,uncertainty_al,50,2,sentence_transformer_logreg,sentence-transformers/all-MiniLM-L6-v2,0.0730053699940377,0.144912641315519,base,Prolific,https://www.prolific.com/pricing,2026-07-12,0.0951999999999999,0.002,4.76,0.1,4.859999999999999
twenty_newsgroups,uncertainty_al,50,2,sentence_transformer_logreg,sentence-transformers/all-MiniLM-L6-v2,0.0730053699940377,0.144912641315519,high,Prolific,https://www.prolific.com/pricing,2026-07-12,0.4283999999999999,0.002,21.42,0.1,21.52
twenty_newsgroups,uncertainty_al,50,2,sentence_transformer_logreg,sentence-transformers/all-MiniLM-L6-v2,0.0730053699940377,0.144912641315519,low,Amazon Mechanical Turk,https://www.mturk.com/pricing,2026-07-12,0.04,0.002,2.0,0.1,2.1
twenty_newsgroups,uncertainty_al,50,3,sentence_transformer_logreg,sentence-transformers/all-MiniLM-L6-v2,0.0427832112759798,0.1089414182939362,base,Prolific,https://www.prolific.com/pricing,2026-07-12,0.0951999999999999,0.002,4.76,0.1,4.859999999999999
twenty_newsgroups,uncertainty_al,50,3,sentence_transformer_logreg,sentence-transformers/all-MiniLM-L6-v2,0.0427832112759798,0.1089414182939362,high,Prolific,https://www.prolific.com/pricing,2026-07-12,0.4283999999999999,0.002,21.42,0.1,21.52
twenty_newsgroups,uncertainty_al,50,3,sentence_transformer_logreg,sentence-transformers/all-MiniLM-L6-v2,0.0427832112759798,0.1089414182939362,low,Amazon Mechanical Turk,https://www.mturk.com/pricing,2026-07-12,0.04,0.002,2.0,0.1,2.1
twenty_newsgroups,uncertainty_al,50,4,sentence_transformer_logreg,sentence-transformers/all-MiniLM-L6-v2,0.068472529370727,0.1479958890030832,base,Prolific,https://www.prolific.com/pricing,2026-07-12,0.0951999999999999,0.002,4.76,0.1,4.859999999999999
twenty_newsgroups,uncertainty_al,50,4,sentence_transformer_logreg,sentence-transformers/all-MiniLM-L6-v2,0.068472529370727,0.1479958890030832,high,Prolific,https://www.prolific.com/pricing,2026-07-12,0.4283999999999999,0.002,21.42,0.1,21.52
twenty_newsgroups,uncertainty_al,50,4,sentence_transformer_logreg,sentence-transformers/all-MiniLM-L6-v2,0.068472529370727,0.1479958890030832,low,Amazon Mechanical Turk,https://www.mturk.com/pricing,2026-07-12,0.04,0.002,2.0,0.1,2.1
twenty_newsgroups,uncertainty_al,100,0,sentence_transformer_logreg,sentence-transformers/all-MiniLM-L6-v2,0.1719645505774451,0.2569373072970195,base,Prolific,https://www.prolific.com/pricing,2026-07-12,0.0951999999999999,0.002,9.52,0.2,9.72
twenty_newsgroups,uncertainty_al,100,0,sentence_transformer_logreg,sentence-transformers/all-MiniLM-L6-v2,0.1719645505774451,0.2569373072970195,high,Prolific,https://www.prolific.com/pricing,2026-07-12,0.4283999999999999,0.002,42.84,0.2,43.04
twenty_newsgroups,uncertainty_al,100,0,sentence_transformer_logreg,sentence-transformers/all-MiniLM-L6-v2,0.1719645505774451,0.2569373072970195,low,Amazon Mechanical Turk,https://www.mturk.com/pricing,2026-07-12,0.04,0.002,4.0,0.2,4.2
twenty_newsgroups,uncertainty_al,100,1,sentence_transformer_logreg,sentence-transformers/all-MiniLM-L6-v2,0.1431238373966396,0.2261048304213772,base,Prolific,https://www.prolific.com/pricing,2026-07-12,0.0951999999999999,0.002,9.52,0.2,9.72
twenty_newsgroups,uncertainty_al,100,1,sentence_transformer_logreg,sentence-transformers/all-MiniLM-L6-v2,0.1431238373966396,0.2261048304213772,high,Prolific,https://www.prolific.com/pricing,2026-07-12,0.4283999999999999,0.002,42.84,0.2,43.04
twenty_newsgroups,uncertainty_al,100,1,sentence_transformer_logreg,sentence-transformers/all-MiniLM-L6-v2,0.1431238373966396,0.2261048304213772,low,Amazon Mechanical Turk,https://www.mturk.com/pricing,2026-07-12,0.04,0.002,4.0,0.2,4.2
twenty_newsgroups,uncertainty_al,100,2,sentence_transformer_logreg,sentence-transformers/all-MiniLM-L6-v2,0.2546623911348188,0.3350462487153134,base,Prolific,https://www.prolific.com/pricing,2026-07-12,0.0951999999999999,0.002,9.52,0.2,9.72
twenty_newsgroups,uncertainty_al,100,2,sentence_transformer_logreg,sentence-transformers/all-MiniLM-L6-v2,0.2546623911348188,0.3350462487153134,high,Prolific,https://www.prolific.com/pricing,2026-07-12,0.4283999999999999,0.002,42.84,0.2,43.04
twenty_newsgroups,uncertainty_al,100,2,sentence_transformer_logreg,sentence-transformers/all-MiniLM-L6-v2,0.2546623911348188,0.3350462487153134,low,Amazon Mechanical Turk,https://www.mturk.com/pricing,2026-07-12,0.04,0.002,4.0,0.2,4.2
twenty_newsgroups,uncertainty_al,100,3,sentence_transformer_logreg,sentence-transformers/all-MiniLM-L6-v2,0.151977624680206,0.2291880781089414,base,Prolific,https://www.prolific.com/pricing,2026-07-12,0.0951999999999999,0.002,9.52,0.2,9.72
twenty_newsgroups,uncertainty_al,100,3,sentence_transformer_logreg,sentence-transformers/all-MiniLM-L6-v2,0.151977624680206,0.2291880781089414,high,Prolific,https://www.prolific.com/pricing,2026-07-12,0.4283999999999999,0.002,42.84,0.2,43.04
twenty_newsgroups,uncertainty_al,100,3,sentence_transformer_logreg,sentence-transformers/all-MiniLM-L6-v2,0.151977624680206,0.2291880781089414,low,Amazon Mechanical Turk,https://www.mturk.com/pricing,2026-07-12,0.04,0.002,4.0,0.2,4.2
twenty_newsgroups,uncertainty_al,100,4,sentence_transformer_logreg,sentence-transformers/all-MiniLM-L6-v2,0.1975061289655783,0.2415210688591983,base,Prolific,https://www.prolific.com/pricing,2026-07-12,0.0951999999999999,0.002,9.52,0.2,9.72
twenty_newsgroups,uncertainty_al,100,4,sentence_transformer_logreg,sentence-transformers/all-MiniLM-L6-v2,0.1975061289655783,0.2415210688591983,high,Prolific,https://www.prolific.com/pricing,2026-07-12,0.4283999999999999,0.002,42.84,0.2,43.04
twenty_newsgroups,uncertainty_al,100,4,sentence_transformer_logreg,sentence-transformers/all-MiniLM-L6-v2,0.1975061289655783,0.2415210688591983,low,Amazon Mechanical Turk,https://www.mturk.com/pricing,2026-07-12,0.04,0.002,4.0,0.2,4.2
twenty_newsgroups,uncertainty_al,250,0,sentence_transformer_logreg,sentence-transformers/all-MiniLM-L6-v2,0.2748694053142535,0.3309352517985611,base,Prolific,https://www.prolific.com/pricing,2026-07-12,0.0951999999999999,0.002,23.799999999999997,0.5,24.299999999999997
twenty_newsgroups,uncertainty_al,250,0,sentence_transformer_logreg,sentence-transformers/all-MiniLM-L6-v2,0.2748694053142535,0.3309352517985611,high,Prolific,https://www.prolific.com/pricing,2026-07-12,0.4283999999999999,0.002,107.09999999999998,0.5,107.59999999999998
twenty_newsgroups,uncertainty_al,250,0,sentence_transformer_logreg,sentence-transformers/all-MiniLM-L6-v2,0.2748694053142535,0.3309352517985611,low,Amazon Mechanical Turk,https://www.mturk.com/pricing,2026-07-12,0.04,0.002,10.0,0.5,10.5
twenty_newsgroups,uncertainty_al,250,1,sentence_transformer_logreg,sentence-transformers/all-MiniLM-L6-v2,0.2442049274797748,0.3268242548818088,base,Prolific,https://www.prolific.com/pricing,2026-07-12,0.0951999999999999,0.002,23.799999999999997,0.5,24.299999999999997
twenty_newsgroups,uncertainty_al,250,1,sentence_transformer_logreg,sentence-transformers/all-MiniLM-L6-v2,0.2442049274797748,0.3268242548818088,high,Prolific,https://www.prolific.com/pricing,2026-07-12,0.4283999999999999,0.002,107.09999999999998,0.5,107.59999999999998
twenty_newsgroups,uncertainty_al,250,1,sentence_transformer_logreg,sentence-transformers/all-MiniLM-L6-v2,0.2442049274797748,0.3268242548818088,low,Amazon Mechanical Turk,https://www.mturk.com/pricing,2026-07-12,0.04,0.002,10.0,0.5,10.5
twenty_newsgroups,uncertainty_al,250,2,sentence_transformer_logreg,sentence-transformers/all-MiniLM-L6-v2,0.3091624249878971,0.3699897225077081,base,Prolific,https://www.prolific.com/pricing,2026-07-12,0.0951999999999999,0.002,23.799999999999997,0.5,24.299999999999997
twenty_newsgroups,uncertainty_al,250,2,sentence_transformer_logreg,sentence-transformers/all-MiniLM-L6-v2,0.3091624249878971,0.3699897225077081,high,Prolific,https://www.prolific.com/pricing,2026-07-12,0.4283999999999999,0.002,107.09999999999998,0.5,107.59999999999998
twenty_newsgroups,uncertainty_al,250,2,sentence_transformer_logreg,sentence-transformers/all-MiniLM-L6-v2,0.3091624249878971,0.3699897225077081,low,Amazon Mechanical Turk,https://www.mturk.com/pricing,2026-07-12,0.04,0.002,10.0,0.5,10.5
twenty_newsgroups,uncertainty_al,250,3,sentence_transformer_logreg,sentence-transformers/all-MiniLM-L6-v2,0.4372704175005993,0.4840698869475848,base,Prolific,https://www.prolific.com/pricing,2026-07-12,0.0951999999999999,0.002,23.799999999999997,0.5,24.299999999999997
twenty_newsgroups,uncertainty_al,250,3,sentence_transformer_logreg,sentence-transformers/all-MiniLM-L6-v2,0.4372704175005993,0.4840698869475848,high,Prolific,https://www.prolific.com/pricing,2026-07-12,0.4283999999999999,0.002,107.09999999999998,0.5,107.59999999999998
twenty_newsgroups,uncertainty_al,250,3,sentence_transformer_logreg,sentence-transformers/all-MiniLM-L6-v2,0.4372704175005993,0.4840698869475848,low,Amazon Mechanical Turk,https://www.mturk.com/pricing,2026-07-12,0.04,0.002,10.0,0.5,10.5
twenty_newsgroups,uncertainty_al,250,4,sentence_transformer_logreg,sentence-transformers/all-MiniLM-L6-v2,0.3886515612498047,0.434737923946557,base,Prolific,https://www.prolific.com/pricing,2026-07-12,0.0951999999999999,0.002,23.799999999999997,0.5,24.299999999999997
twenty_newsgroups,uncertainty_al,250,4,sentence_transformer_logreg,sentence-transformers/all-MiniLM-L6-v2,0.3886515612498047,0.434737923946557,high,Prolific,https://www.prolific.com/pricing,2026-07-12,0.4283999999999999,0.002,107.09999999999998,0.5,107.59999999999998
twenty_newsgroups,uncertainty_al,250,4,sentence_transformer_logreg,sentence-transformers/all-MiniLM-L6-v2,0.3886515612498047,0.434737923946557,low,Amazon Mechanical Turk,https://www.mturk.com/pricing,2026-07-12,0.04,0.002,10.0,0.5,10.5
twenty_newsgroups,uncertainty_al,500,0,sentence_transformer_logreg,sentence-transformers/all-MiniLM-L6-v2,0.4977764859156375,0.5436793422404933,base,Prolific,https://www.prolific.com/pricing,2026-07-12,0.0951999999999999,0.002,47.599999999999994,1.0,48.599999999999994
twenty_newsgroups,uncertainty_al,500,0,sentence_transformer_logreg,sentence-transformers/all-MiniLM-L6-v2,0.4977764859156375,0.5436793422404933,high,Prolific,https://www.prolific.com/pricing,2026-07-12,0.4283999999999999,0.002,214.19999999999996,1.0,215.19999999999996
twenty_newsgroups,uncertainty_al,500,0,sentence_transformer_logreg,sentence-transformers/all-MiniLM-L6-v2,0.4977764859156375,0.5436793422404933,low,Amazon Mechanical Turk,https://www.mturk.com/pricing,2026-07-12,0.04,0.002,20.0,1.0,21.0
twenty_newsgroups,uncertainty_al,500,1,sentence_transformer_logreg,sentence-transformers/all-MiniLM-L6-v2,0.531443189670915,0.5529290853031861,base,Prolific,https://www.prolific.com/pricing,2026-07-12,0.0951999999999999,0.002,47.599999999999994,1.0,48.599999999999994
twenty_newsgroups,uncertainty_al,500,1,sentence_transformer_logreg,sentence-transformers/all-MiniLM-L6-v2,0.531443189670915,0.5529290853031861,high,Prolific,https://www.prolific.com/pricing,2026-07-12,0.4283999999999999,0.002,214.19999999999996,1.0,215.19999999999996
twenty_newsgroups,uncertainty_al,500,1,sentence_transformer_logreg,sentence-transformers/all-MiniLM-L6-v2,0.531443189670915,0.5529290853031861,low,Amazon Mechanical Turk,https://www.mturk.com/pricing,2026-07-12,0.04,0.002,20.0,1.0,21.0
twenty_newsgroups,uncertainty_al,500,2,sentence_transformer_logreg,sentence-transformers/all-MiniLM-L6-v2,0.576506866238222,0.605344295991778,base,Prolific,https://www.prolific.com/pricing,2026-07-12,0.0951999999999999,0.002,47.599999999999994,1.0,48.599999999999994
twenty_newsgroups,uncertainty_al,500,2,sentence_transformer_logreg,sentence-transformers/all-MiniLM-L6-v2,0.576506866238222,0.605344295991778,high,Prolific,https://www.prolific.com/pricing,2026-07-12,0.4283999999999999,0.002,214.19999999999996,1.0,215.19999999999996
twenty_newsgroups,uncertainty_al,500,2,sentence_transformer_logreg,sentence-transformers/all-MiniLM-L6-v2,0.576506866238222,0.605344295991778,low,Amazon Mechanical Turk,https://www.mturk.com/pricing,2026-07-12,0.04,0.002,20.0,1.0,21.0
twenty_newsgroups,uncertainty_al,500,3,sentence_transformer_logreg,sentence-transformers/all-MiniLM-L6-v2,0.4843236614701851,0.5190133607399794,base,Prolific,https://www.prolific.com/pricing,2026-07-12,0.0951999999999999,0.002,47.599999999999994,1.0,48.599999999999994
twenty_newsgroups,uncertainty_al,500,3,sentence_transformer_logreg,sentence-transformers/all-MiniLM-L6-v2,0.4843236614701851,0.5190133607399794,high,Prolific,https://www.prolific.com/pricing,2026-07-12,0.4283999999999999,0.002,214.19999999999996,1.0,215.19999999999996
twenty_newsgroups,uncertainty_al,500,3,sentence_transformer_logreg,sentence-transformers/all-MiniLM-L6-v2,0.4843236614701851,0.5190133607399794,low,Amazon Mechanical Turk,https://www.mturk.com/pricing,2026-07-12,0.04,0.002,20.0,1.0,21.0
twenty_newsgroups,uncertainty_al,500,4,sentence_transformer_logreg,sentence-transformers/all-MiniLM-L6-v2,0.545845114430959,0.5878725590955807,base,Prolific,https://www.prolific.com/pricing,2026-07-12,0.0951999999999999,0.002,47.599999999999994,1.0,48.599999999999994
twenty_newsgroups,uncertainty_al,500,4,sentence_transformer_logreg,sentence-transformers/all-MiniLM-L6-v2,0.545845114430959,0.5878725590955807,high,Prolific,https://www.prolific.com/pricing,2026-07-12,0.4283999999999999,0.002,214.19999999999996,1.0,215.19999999999996
twenty_newsgroups,uncertainty_al,500,4,sentence_transformer_logreg,sentence-transformers/all-MiniLM-L6-v2,0.545845114430959,0.5878725590955807,low,Amazon Mechanical Turk,https://www.mturk.com/pricing,2026-07-12,0.04,0.002,20.0,1.0,21.0
twenty_newsgroups,uncertainty_al,1000,0,sentence_transformer_logreg,sentence-transformers/all-MiniLM-L6-v2,0.6226354761949406,0.645426515930113,base,Prolific,https://www.prolific.com/pricing,2026-07-12,0.0951999999999999,0.002,95.2,2.0,97.2
twenty_newsgroups,uncertainty_al,1000,0,sentence_transformer_logreg,sentence-transformers/all-MiniLM-L6-v2,0.6226354761949406,0.645426515930113,high,Prolific,https://www.prolific.com/pricing,2026-07-12,0.4283999999999999,0.002,428.3999999999999,2.0,430.3999999999999
twenty_newsgroups,uncertainty_al,1000,0,sentence_transformer_logreg,sentence-transformers/all-MiniLM-L6-v2,0.6226354761949406,0.645426515930113,low,Amazon Mechanical Turk,https://www.mturk.com/pricing,2026-07-12,0.04,0.002,40.0,2.0,42.0
twenty_newsgroups,uncertainty_al,1000,1,sentence_transformer_logreg,sentence-transformers/all-MiniLM-L6-v2,0.6205723036329572,0.6485097636176773,base,Prolific,https://www.prolific.com/pricing,2026-07-12,0.0951999999999999,0.002,95.2,2.0,97.2
twenty_newsgroups,uncertainty_al,1000,1,sentence_transformer_logreg,sentence-transformers/all-MiniLM-L6-v2,0.6205723036329572,0.6485097636176773,high,Prolific,https://www.prolific.com/pricing,2026-07-12,0.4283999999999999,0.002,428.3999999999999,2.0,430.3999999999999
twenty_newsgroups,uncertainty_al,1000,1,sentence_transformer_logreg,sentence-transformers/all-MiniLM-L6-v2,0.6205723036329572,0.6485097636176773,low,Amazon Mechanical Turk,https://www.mturk.com/pricing,2026-07-12,0.04,0.002,40.0,2.0,42.0
twenty_newsgroups,uncertainty_al,1000,2,sentence_transformer_logreg,sentence-transformers/all-MiniLM-L6-v2,0.6247505721961908,0.6546762589928058,base,Prolific,https://www.prolific.com/pricing,2026-07-12,0.0951999999999999,0.002,95.2,2.0,97.2
twenty_newsgroups,uncertainty_al,1000,2,sentence_transformer_logreg,sentence-transformers/all-MiniLM-L6-v2,0.6247505721961908,0.6546762589928058,high,Prolific,https://www.prolific.com/pricing,2026-07-12,0.4283999999999999,0.002,428.3999999999999,2.0,430.3999999999999
twenty_newsgroups,uncertainty_al,1000,2,sentence_transformer_logreg,sentence-transformers/all-MiniLM-L6-v2,0.6247505721961908,0.6546762589928058,low,Amazon Mechanical Turk,https://www.mturk.com/pricing,2026-07-12,0.04,0.002,40.0,2.0,42.0
twenty_newsgroups,uncertainty_al,1000,3,sentence_transformer_logreg,sentence-transformers/all-MiniLM-L6-v2,0.6221317720844131,0.645426515930113,base,Prolific,https://www.prolific.com/pricing,2026-07-12,0.0951999999999999,0.002,95.2,2.0,97.2
twenty_newsgroups,uncertainty_al,1000,3,sentence_transformer_logreg,sentence-transformers/all-MiniLM-L6-v2,0.6221317720844131,0.645426515930113,high,Prolific,https://www.prolific.com/pricing,2026-07-12,0.4283999999999999,0.002,428.3999999999999,2.0,430.3999999999999
twenty_newsgroups,uncertainty_al,1000,3,sentence_transformer_logreg,sentence-transformers/all-MiniLM-L6-v2,0.6221317720844131,0.645426515930113,low,Amazon Mechanical Turk,https://www.mturk.com/pricing,2026-07-12,0.04,0.002,40.0,2.0,42.0
twenty_newsgroups,uncertainty_al,1000,4,sentence_transformer_logreg,sentence-transformers/all-MiniLM-L6-v2,0.6216881932793299,0.6464542651593012,base,Prolific,https://www.prolific.com/pricing,2026-07-12,0.0951999999999999,0.002,95.2,2.0,97.2
twenty_newsgroups,uncertainty_al,1000,4,sentence_transformer_logreg,sentence-transformers/all-MiniLM-L6-v2,0.6216881932793299,0.6464542651593012,high,Prolific,https://www.prolific.com/pricing,2026-07-12,0.4283999999999999,0.002,428.3999999999999,2.0,430.3999999999999
twenty_newsgroups,uncertainty_al,1000,4,sentence_transformer_logreg,sentence-transformers/all-MiniLM-L6-v2,0.6216881932793299,0.6464542651593012,low,Amazon Mechanical Turk,https://www.mturk.com/pricing,2026-07-12,0.04,0.002,40.0,2.0,42.0
yelp_polarity,diversity_al,50,0,sentence_transformer_logreg,sentence-transformers/all-MiniLM-L6-v2,0.7679961630934955,0.777,base,Prolific,https://www.prolific.com/pricing,2026-07-12,0.0951999999999999,0.003,4.76,0.15,4.91
yelp_polarity,diversity_al,50,0,sentence_transformer_logreg,sentence-transformers/all-MiniLM-L6-v2,0.7679961630934955,0.777,high,Prolific,https://www.prolific.com/pricing,2026-07-12,0.4283999999999999,0.003,21.42,0.15,21.569999999999997
yelp_polarity,diversity_al,50,0,sentence_transformer_logreg,sentence-transformers/all-MiniLM-L6-v2,0.7679961630934955,0.777,low,Amazon Mechanical Turk,https://www.mturk.com/pricing,2026-07-12,0.04,0.003,2.0,0.15,2.15
yelp_polarity,diversity_al,50,1,sentence_transformer_logreg,sentence-transformers/all-MiniLM-L6-v2,0.7841432646172659,0.785,base,Prolific,https://www.prolific.com/pricing,2026-07-12,0.0951999999999999,0.003,4.76,0.15,4.91
yelp_polarity,diversity_al,50,1,sentence_transformer_logreg,sentence-transformers/all-MiniLM-L6-v2,0.7841432646172659,0.785,high,Prolific,https://www.prolific.com/pricing,2026-07-12,0.4283999999999999,0.003,21.42,0.15,21.569999999999997
yelp_polarity,diversity_al,50,1,sentence_transformer_logreg,sentence-transformers/all-MiniLM-L6-v2,0.7841432646172659,0.785,low,Amazon Mechanical Turk,https://www.mturk.com/pricing,2026-07-12,0.04,0.003,2.0,0.15,2.15
yelp_polarity,diversity_al,50,2,sentence_transformer_logreg,sentence-transformers/all-MiniLM-L6-v2,0.773967451312989,0.774,base,Prolific,https://www.prolific.com/pricing,2026-07-12,0.0951999999999999,0.003,4.76,0.15,4.91
yelp_polarity,diversity_al,50,2,sentence_transformer_logreg,sentence-transformers/all-MiniLM-L6-v2,0.773967451312989,0.774,high,Prolific,https://www.prolific.com/pricing,2026-07-12,0.4283999999999999,0.003,21.42,0.15,21.569999999999997
yelp_polarity,diversity_al,50,2,sentence_transformer_logreg,sentence-transformers/all-MiniLM-L6-v2,0.773967451312989,0.774,low,Amazon Mechanical Turk,https://www.mturk.com/pricing,2026-07-12,0.04,0.003,2.0,0.15,2.15
yelp_polarity,diversity_al,50,3,sentence_transformer_logreg,sentence-transformers/all-MiniLM-L6-v2,0.775709319277784,0.776,base,Prolific,https://www.prolific.com/pricing,2026-07-12,0.0951999999999999,0.003,4.76,0.15,4.91
yelp_polarity,diversity_al,50,3,sentence_transformer_logreg,sentence-transformers/all-MiniLM-L6-v2,0.775709319277784,0.776,high,Prolific,https://www.prolific.com/pricing,2026-07-12,0.4283999999999999,0.003,21.42,0.15,21.569999999999997
yelp_polarity,diversity_al,50,3,sentence_transformer_logreg,sentence-transformers/all-MiniLM-L6-v2,0.775709319277784,0.776,low,Amazon Mechanical Turk,https://www.mturk.com/pricing,2026-07-12,0.04,0.003,2.0,0.15,2.15
yelp_polarity,diversity_al,50,4,sentence_transformer_logreg,sentence-transformers/all-MiniLM-L6-v2,0.6880132969385082,0.713,base,Prolific,https://www.prolific.com/pricing,2026-07-12,0.0951999999999999,0.003,4.76,0.15,4.91
yelp_polarity,diversity_al,50,4,sentence_transformer_logreg,sentence-transformers/all-MiniLM-L6-v2,0.6880132969385082,0.713,high,Prolific,https://www.prolific.com/pricing,2026-07-12,0.4283999999999999,0.003,21.42,0.15,21.569999999999997
yelp_polarity,diversity_al,50,4,sentence_transformer_logreg,sentence-transformers/all-MiniLM-L6-v2,0.6880132969385082,0.713,low,Amazon Mechanical Turk,https://www.mturk.com/pricing,2026-07-12,0.04,0.003,2.0,0.15,2.15
yelp_polarity,diversity_al,100,0,sentence_transformer_logreg,sentence-transformers/all-MiniLM-L6-v2,0.7540500628480584,0.765,base,Prolific,https://www.prolific.com/pricing,2026-07-12,0.0951999999999999,0.003,9.52,0.3,9.82
yelp_polarity,diversity_al,100,0,sentence_transformer_logreg,sentence-transformers/all-MiniLM-L6-v2,0.7540500628480584,0.765,high,Prolific,https://www.prolific.com/pricing,2026-07-12,0.4283999999999999,0.003,42.84,0.3,43.13999999999999
yelp_polarity,diversity_al,100,0,sentence_transformer_logreg,sentence-transformers/all-MiniLM-L6-v2,0.7540500628480584,0.765,low,Amazon Mechanical Turk,https://www.mturk.com/pricing,2026-07-12,0.04,0.003,4.0,0.3,4.3
yelp_polarity,diversity_al,100,1,sentence_transformer_logreg,sentence-transformers/all-MiniLM-L6-v2,0.7914315159248172,0.796,base,Prolific,https://www.prolific.com/pricing,2026-07-12,0.0951999999999999,0.003,9.52,0.3,9.82
yelp_polarity,diversity_al,100,1,sentence_transformer_logreg,sentence-transformers/all-MiniLM-L6-v2,0.7914315159248172,0.796,high,Prolific,https://www.prolific.com/pricing,2026-07-12,0.4283999999999999,0.003,42.84,0.3,43.13999999999999
yelp_polarity,diversity_al,100,1,sentence_transformer_logreg,sentence-transformers/all-MiniLM-L6-v2,0.7914315159248172,0.796,low,Amazon Mechanical Turk,https://www.mturk.com/pricing,2026-07-12,0.04,0.003,4.0,0.3,4.3
yelp_polarity,diversity_al,100,2,sentence_transformer_logreg,sentence-transformers/all-MiniLM-L6-v2,0.7762674148606811,0.778,base,Prolific,https://www.prolific.com/pricing,2026-07-12,0.0951999999999999,0.003,9.52,0.3,9.82
yelp_polarity,diversity_al,100,2,sentence_transformer_logreg,sentence-transformers/all-MiniLM-L6-v2,0.7762674148606811,0.778,high,Prolific,https://www.prolific.com/pricing,2026-07-12,0.4283999999999999,0.003,42.84,0.3,43.13999999999999
yelp_polarity,diversity_al,100,2,sentence_transformer_logreg,sentence-transformers/all-MiniLM-L6-v2,0.7762674148606811,0.778,low,Amazon Mechanical Turk,https://www.mturk.com/pricing,2026-07-12,0.04,0.003,4.0,0.3,4.3
yelp_polarity,diversity_al,100,3,sentence_transformer_logreg,sentence-transformers/all-MiniLM-L6-v2,0.800396198500464,0.801,base,Prolific,https://www.prolific.com/pricing,2026-07-12,0.0951999999999999,0.003,9.52,0.3,9.82
yelp_polarity,diversity_al,100,3,sentence_transformer_logreg,sentence-transformers/all-MiniLM-L6-v2,0.800396198500464,0.801,high,Prolific,https://www.prolific.com/pricing,2026-07-12,0.4283999999999999,0.003,42.84,0.3,43.13999999999999
yelp_polarity,diversity_al,100,3,sentence_transformer_logreg,sentence-transformers/all-MiniLM-L6-v2,0.800396198500464,0.801,low,Amazon Mechanical Turk,https://www.mturk.com/pricing,2026-07-12,0.04,0.003,4.0,0.3,4.3
yelp_polarity,diversity_al,100,4,sentence_transformer_logreg,sentence-transformers/all-MiniLM-L6-v2,0.6742945263754963,0.706,base,Prolific,https://www.prolific.com/pricing,2026-07-12,0.0951999999999999,0.003,9.52,0.3,9.82
yelp_polarity,diversity_al,100,4,sentence_transformer_logreg,sentence-transformers/all-MiniLM-L6-v2,0.6742945263754963,0.706,high,Prolific,https://www.prolific.com/pricing,2026-07-12,0.4283999999999999,0.003,42.84,0.3,43.13999999999999
yelp_polarity,diversity_al,100,4,sentence_transformer_logreg,sentence-transformers/all-MiniLM-L6-v2,0.6742945263754963,0.706,low,Amazon Mechanical Turk,https://www.mturk.com/pricing,2026-07-12,0.04,0.003,4.0,0.3,4.3
yelp_polarity,diversity_al,250,0,sentence_transformer_logreg,sentence-transformers/all-MiniLM-L6-v2,0.8301630434782609,0.832,base,Prolific,https://www.prolific.com/pricing,2026-07-12,0.0951999999999999,0.003,23.799999999999997,0.75,24.549999999999997
yelp_polarity,diversity_al,250,0,sentence_transformer_logreg,sentence-transformers/all-MiniLM-L6-v2,0.8301630434782609,0.832,high,Prolific,https://www.prolific.com/pricing,2026-07-12,0.4283999999999999,0.003,107.09999999999998,0.75,107.84999999999998
yelp_polarity,diversity_al,250,0,sentence_transformer_logreg,sentence-transformers/all-MiniLM-L6-v2,0.8301630434782609,0.832,low,Amazon Mechanical Turk,https://www.mturk.com/pricing,2026-07-12,0.04,0.003,10.0,0.75,10.75
yelp_polarity,diversity_al,250,1,sentence_transformer_logreg,sentence-transformers/all-MiniLM-L6-v2,0.8126356863847242,0.816,base,Prolific,https://www.prolific.com/pricing,2026-07-12,0.0951999999999999,0.003,23.799999999999997,0.75,24.549999999999997
yelp_polarity,diversity_al,250,1,sentence_transformer_logreg,sentence-transformers/all-MiniLM-L6-v2,0.8126356863847242,0.816,high,Prolific,https://www.prolific.com/pricing,2026-07-12,0.4283999999999999,0.003,107.09999999999998,0.75,107.84999999999998
yelp_polarity,diversity_al,250,1,sentence_transformer_logreg,sentence-transformers/all-MiniLM-L6-v2,0.8126356863847242,0.816,low,Amazon Mechanical Turk,https://www.mturk.com/pricing,2026-07-12,0.04,0.003,10.0,0.75,10.75
yelp_polarity,diversity_al,250,2,sentence_transformer_logreg,sentence-transformers/all-MiniLM-L6-v2,0.824381499903107,0.826,base,Prolific,https://www.prolific.com/pricing,2026-07-12,0.0951999999999999,0.003,23.799999999999997,0.75,24.549999999999997
yelp_polarity,diversity_al,250,2,sentence_transformer_logreg,sentence-transformers/all-MiniLM-L6-v2,0.824381499903107,0.826,high,Prolific,https://www.prolific.com/pricing,2026-07-12,0.4283999999999999,0.003,107.09999999999998,0.75,107.84999999999998
yelp_polarity,diversity_al,250,2,sentence_transformer_logreg,sentence-transformers/all-MiniLM-L6-v2,0.824381499903107,0.826,low,Amazon Mechanical Turk,https://www.mturk.com/pricing,2026-07-12,0.04,0.003,10.0,0.75,10.75
yelp_polarity,diversity_al,250,3,sentence_transformer_logreg,sentence-transformers/all-MiniLM-L6-v2,0.8354074668807707,0.836,base,Prolific,https://www.prolific.com/pricing,2026-07-12,0.0951999999999999,0.003,23.799999999999997,0.75,24.549999999999997
yelp_polarity,diversity_al,250,3,sentence_transformer_logreg,sentence-transformers/all-MiniLM-L6-v2,0.8354074668807707,0.836,high,Prolific,https://www.prolific.com/pricing,2026-07-12,0.4283999999999999,0.003,107.09999999999998,0.75,107.84999999999998
yelp_polarity,diversity_al,250,3,sentence_transformer_logreg,sentence-transformers/all-MiniLM-L6-v2,0.8354074668807707,0.836,low,Amazon Mechanical Turk,https://www.mturk.com/pricing,2026-07-12,0.04,0.003,10.0,0.75,10.75
yelp_polarity,diversity_al,250,4,sentence_transformer_logreg,sentence-transformers/all-MiniLM-L6-v2,0.8307618251374427,0.833,base,Prolific,https://www.prolific.com/pricing,2026-07-12,0.0951999999999999,0.003,23.799999999999997,0.75,24.549999999999997
yelp_polarity,diversity_al,250,4,sentence_transformer_logreg,sentence-transformers/all-MiniLM-L6-v2,0.8307618251374427,0.833,high,Prolific,https://www.prolific.com/pricing,2026-07-12,0.4283999999999999,0.003,107.09999999999998,0.75,107.84999999999998
yelp_polarity,diversity_al,250,4,sentence_transformer_logreg,sentence-transformers/all-MiniLM-L6-v2,0.8307618251374427,0.833,low,Amazon Mechanical Turk,https://www.mturk.com/pricing,2026-07-12,0.04,0.003,10.0,0.75,10.75
yelp_polarity,diversity_al,500,0,sentence_transformer_logreg,sentence-transformers/all-MiniLM-L6-v2,0.8492613807657522,0.85,base,Prolific,https://www.prolific.com/pricing,2026-07-12,0.0951999999999999,0.003,47.599999999999994,1.5,49.099999999999994
yelp_polarity,diversity_al,500,0,sentence_transformer_logreg,sentence-transformers/all-MiniLM-L6-v2,0.8492613807657522,0.85,high,Prolific,https://www.prolific.com/pricing,2026-07-12,0.4283999999999999,0.003,214.19999999999996,1.5,215.69999999999996
yelp_polarity,diversity_al,500,0,sentence_transformer_logreg,sentence-transformers/all-MiniLM-L6-v2,0.8492613807657522,0.85,low,Amazon Mechanical Turk,https://www.mturk.com/pricing,2026-07-12,0.04,0.003,20.0,1.5,21.5
yelp_polarity,diversity_al,500,1,sentence_transformer_logreg,sentence-transformers/all-MiniLM-L6-v2,0.8522124400932569,0.853,base,Prolific,https://www.prolific.com/pricing,2026-07-12,0.0951999999999999,0.003,47.599999999999994,1.5,49.099999999999994
yelp_polarity,diversity_al,500,1,sentence_transformer_logreg,sentence-transformers/all-MiniLM-L6-v2,0.8522124400932569,0.853,high,Prolific,https://www.prolific.com/pricing,2026-07-12,0.4283999999999999,0.003,214.19999999999996,1.5,215.69999999999996
yelp_polarity,diversity_al,500,1,sentence_transformer_logreg,sentence-transformers/all-MiniLM-L6-v2,0.8522124400932569,0.853,low,Amazon Mechanical Turk,https://www.mturk.com/pricing,2026-07-12,0.04,0.003,20.0,1.5,21.5
yelp_polarity,diversity_al,500,2,sentence_transformer_logreg,sentence-transformers/all-MiniLM-L6-v2,0.852414232087154,0.853,base,Prolific,https://www.prolific.com/pricing,2026-07-12,0.0951999999999999,0.003,47.599999999999994,1.5,49.099999999999994
yelp_polarity,diversity_al,500,2,sentence_transformer_logreg,sentence-transformers/all-MiniLM-L6-v2,0.852414232087154,0.853,high,Prolific,https://www.prolific.com/pricing,2026-07-12,0.4283999999999999,0.003,214.19999999999996,1.5,215.69999999999996
yelp_polarity,diversity_al,500,2,sentence_transformer_logreg,sentence-transformers/all-MiniLM-L6-v2,0.852414232087154,0.853,low,Amazon Mechanical Turk,https://www.mturk.com/pricing,2026-07-12,0.04,0.003,20.0,1.5,21.5
yelp_polarity,diversity_al,500,3,sentence_transformer_logreg,sentence-transformers/all-MiniLM-L6-v2,0.8483982928242193,0.849,base,Prolific,https://www.prolific.com/pricing,2026-07-12,0.0951999999999999,0.003,47.599999999999994,1.5,49.099999999999994
yelp_polarity,diversity_al,500,3,sentence_transformer_logreg,sentence-transformers/all-MiniLM-L6-v2,0.8483982928242193,0.849,high,Prolific,https://www.prolific.com/pricing,2026-07-12,0.4283999999999999,0.003,214.19999999999996,1.5,215.69999999999996
yelp_polarity,diversity_al,500,3,sentence_transformer_logreg,sentence-transformers/all-MiniLM-L6-v2,0.8483982928242193,0.849,low,Amazon Mechanical Turk,https://www.mturk.com/pricing,2026-07-12,0.04,0.003,20.0,1.5,21.5
yelp_polarity,diversity_al,500,4,sentence_transformer_logreg,sentence-transformers/all-MiniLM-L6-v2,0.8553310507788012,0.856,base,Prolific,https://www.prolific.com/pricing,2026-07-12,0.0951999999999999,0.003,47.599999999999994,1.5,49.099999999999994
yelp_polarity,diversity_al,500,4,sentence_transformer_logreg,sentence-transformers/all-MiniLM-L6-v2,0.8553310507788012,0.856,high,Prolific,https://www.prolific.com/pricing,2026-07-12,0.4283999999999999,0.003,214.19999999999996,1.5,215.69999999999996
yelp_polarity,diversity_al,500,4,sentence_transformer_logreg,sentence-transformers/all-MiniLM-L6-v2,0.8553310507788012,0.856,low,Amazon Mechanical Turk,https://www.mturk.com/pricing,2026-07-12,0.04,0.003,20.0,1.5,21.5
yelp_polarity,diversity_al,1000,0,sentence_transformer_logreg,sentence-transformers/all-MiniLM-L6-v2,0.8493437413372651,0.85,base,Prolific,https://www.prolific.com/pricing,2026-07-12,0.0951999999999999,0.003,95.2,3.0,98.2
yelp_polarity,diversity_al,1000,0,sentence_transformer_logreg,sentence-transformers/all-MiniLM-L6-v2,0.8493437413372651,0.85,high,Prolific,https://www.prolific.com/pricing,2026-07-12,0.4283999999999999,0.003,428.3999999999999,3.0,431.3999999999999
yelp_polarity,diversity_al,1000,0,sentence_transformer_logreg,sentence-transformers/all-MiniLM-L6-v2,0.8493437413372651,0.85,low,Amazon Mechanical Turk,https://www.mturk.com/pricing,2026-07-12,0.04,0.003,40.0,3.0,43.0
yelp_polarity,diversity_al,1000,1,sentence_transformer_logreg,sentence-transformers/all-MiniLM-L6-v2,0.8503281229438951,0.851,base,Prolific,https://www.prolific.com/pricing,2026-07-12,0.0951999999999999,0.003,95.2,3.0,98.2
yelp_polarity,diversity_al,1000,1,sentence_transformer_logreg,sentence-transformers/all-MiniLM-L6-v2,0.8503281229438951,0.851,high,Prolific,https://www.prolific.com/pricing,2026-07-12,0.4283999999999999,0.003,428.3999999999999,3.0,431.3999999999999
yelp_polarity,diversity_al,1000,1,sentence_transformer_logreg,sentence-transformers/all-MiniLM-L6-v2,0.8503281229438951,0.851,low,Amazon Mechanical Turk,https://www.mturk.com/pricing,2026-07-12,0.04,0.003,40.0,3.0,43.0
yelp_polarity,diversity_al,1000,2,sentence_transformer_logreg,sentence-transformers/all-MiniLM-L6-v2,0.8481458202388434,0.849,base,Prolific,https://www.prolific.com/pricing,2026-07-12,0.0951999999999999,0.003,95.2,3.0,98.2
yelp_polarity,diversity_al,1000,2,sentence_transformer_logreg,sentence-transformers/all-MiniLM-L6-v2,0.8481458202388434,0.849,high,Prolific,https://www.prolific.com/pricing,2026-07-12,0.4283999999999999,0.003,428.3999999999999,3.0,431.3999999999999
yelp_polarity,diversity_al,1000,2,sentence_transformer_logreg,sentence-transformers/all-MiniLM-L6-v2,0.8481458202388434,0.849,low,Amazon Mechanical Turk,https://www.mturk.com/pricing,2026-07-12,0.04,0.003,40.0,3.0,43.0
yelp_polarity,diversity_al,1000,3,sentence_transformer_logreg,sentence-transformers/all-MiniLM-L6-v2,0.8504062624556866,0.851,base,Prolific,https://www.prolific.com/pricing,2026-07-12,0.0951999999999999,0.003,95.2,3.0,98.2
yelp_polarity,diversity_al,1000,3,sentence_transformer_logreg,sentence-transformers/all-MiniLM-L6-v2,0.8504062624556866,0.851,high,Prolific,https://www.prolific.com/pricing,2026-07-12,0.4283999999999999,0.003,428.3999999999999,3.0,431.3999999999999
yelp_polarity,diversity_al,1000,3,sentence_transformer_logreg,sentence-transformers/all-MiniLM-L6-v2,0.8504062624556866,0.851,low,Amazon Mechanical Turk,https://www.mturk.com/pricing,2026-07-12,0.04,0.003,40.0,3.0,43.0
yelp_polarity,diversity_al,1000,4,sentence_transformer_logreg,sentence-transformers/all-MiniLM-L6-v2,0.8484360304693765,0.849,base,Prolific,https://www.prolific.com/pricing,2026-07-12,0.0951999999999999,0.003,95.2,3.0,98.2
yelp_polarity,diversity_al,1000,4,sentence_transformer_logreg,sentence-transformers/all-MiniLM-L6-v2,0.8484360304693765,0.849,high,Prolific,https://www.prolific.com/pricing,2026-07-12,0.4283999999999999,0.003,428.3999999999999,3.0,431.3999999999999
yelp_polarity,diversity_al,1000,4,sentence_transformer_logreg,sentence-transformers/all-MiniLM-L6-v2,0.8484360304693765,0.849,low,Amazon Mechanical Turk,https://www.mturk.com/pricing,2026-07-12,0.04,0.003,40.0,3.0,43.0
yelp_polarity,hybrid_al,50,0,sentence_transformer_logreg,sentence-transformers/all-MiniLM-L6-v2,0.5482008955062847,0.598,base,Prolific,https://www.prolific.com/pricing,2026-07-12,0.0951999999999999,0.004,4.76,0.2,4.96
yelp_polarity,hybrid_al,50,0,sentence_transformer_logreg,sentence-transformers/all-MiniLM-L6-v2,0.5482008955062847,0.598,high,Prolific,https://www.prolific.com/pricing,2026-07-12,0.4283999999999999,0.004,21.42,0.2,21.619999999999997
yelp_polarity,hybrid_al,50,0,sentence_transformer_logreg,sentence-transformers/all-MiniLM-L6-v2,0.5482008955062847,0.598,low,Amazon Mechanical Turk,https://www.mturk.com/pricing,2026-07-12,0.04,0.004,2.0,0.2,2.2
yelp_polarity,hybrid_al,50,1,sentence_transformer_logreg,sentence-transformers/all-MiniLM-L6-v2,0.7608925597059384,0.764,base,Prolific,https://www.prolific.com/pricing,2026-07-12,0.0951999999999999,0.004,4.76,0.2,4.96
yelp_polarity,hybrid_al,50,1,sentence_transformer_logreg,sentence-transformers/all-MiniLM-L6-v2,0.7608925597059384,0.764,high,Prolific,https://www.prolific.com/pricing,2026-07-12,0.4283999999999999,0.004,21.42,0.2,21.619999999999997
yelp_polarity,hybrid_al,50,1,sentence_transformer_logreg,sentence-transformers/all-MiniLM-L6-v2,0.7608925597059384,0.764,low,Amazon Mechanical Turk,https://www.mturk.com/pricing,2026-07-12,0.04,0.004,2.0,0.2,2.2
yelp_polarity,hybrid_al,50,2,sentence_transformer_logreg,sentence-transformers/all-MiniLM-L6-v2,0.7549585880013723,0.755,base,Prolific,https://www.prolific.com/pricing,2026-07-12,0.0951999999999999,0.004,4.76,0.2,4.96
yelp_polarity,hybrid_al,50,2,sentence_transformer_logreg,sentence-transformers/all-MiniLM-L6-v2,0.7549585880013723,0.755,high,Prolific,https://www.prolific.com/pricing,2026-07-12,0.4283999999999999,0.004,21.42,0.2,21.619999999999997
yelp_polarity,hybrid_al,50,2,sentence_transformer_logreg,sentence-transformers/all-MiniLM-L6-v2,0.7549585880013723,0.755,low,Amazon Mechanical Turk,https://www.mturk.com/pricing,2026-07-12,0.04,0.004,2.0,0.2,2.2
yelp_polarity,hybrid_al,50,3,sentence_transformer_logreg,sentence-transformers/all-MiniLM-L6-v2,0.784637976438393,0.785,base,Prolific,https://www.prolific.com/pricing,2026-07-12,0.0951999999999999,0.004,4.76,0.2,4.96
yelp_polarity,hybrid_al,50,3,sentence_transformer_logreg,sentence-transformers/all-MiniLM-L6-v2,0.784637976438393,0.785,high,Prolific,https://www.prolific.com/pricing,2026-07-12,0.4283999999999999,0.004,21.42,0.2,21.619999999999997
yelp_polarity,hybrid_al,50,3,sentence_transformer_logreg,sentence-transformers/all-MiniLM-L6-v2,0.784637976438393,0.785,low,Amazon Mechanical Turk,https://www.mturk.com/pricing,2026-07-12,0.04,0.004,2.0,0.2,2.2
yelp_polarity,hybrid_al,50,4,sentence_transformer_logreg,sentence-transformers/all-MiniLM-L6-v2,0.8009696918263203,0.803,base,Prolific,https://www.prolific.com/pricing,2026-07-12,0.0951999999999999,0.004,4.76,0.2,4.96
yelp_polarity,hybrid_al,50,4,sentence_transformer_logreg,sentence-transformers/all-MiniLM-L6-v2,0.8009696918263203,0.803,high,Prolific,https://www.prolific.com/pricing,2026-07-12,0.4283999999999999,0.004,21.42,0.2,21.619999999999997
yelp_polarity,hybrid_al,50,4,sentence_transformer_logreg,sentence-transformers/all-MiniLM-L6-v2,0.8009696918263203,0.803,low,Amazon Mechanical Turk,https://www.mturk.com/pricing,2026-07-12,0.04,0.004,2.0,0.2,2.2
yelp_polarity,hybrid_al,100,0,sentence_transformer_logreg,sentence-transformers/all-MiniLM-L6-v2,0.6600969618140509,0.677,base,Prolific,https://www.prolific.com/pricing,2026-07-12,0.0951999999999999,0.004,9.52,0.4,9.92
yelp_polarity,hybrid_al,100,0,sentence_transformer_logreg,sentence-transformers/all-MiniLM-L6-v2,0.6600969618140509,0.677,high,Prolific,https://www.prolific.com/pricing,2026-07-12,0.4283999999999999,0.004,42.84,0.4,43.239999999999995
yelp_polarity,hybrid_al,100,0,sentence_transformer_logreg,sentence-transformers/all-MiniLM-L6-v2,0.6600969618140509,0.677,low,Amazon Mechanical Turk,https://www.mturk.com/pricing,2026-07-12,0.04,0.004,4.0,0.4,4.4
yelp_polarity,hybrid_al,100,1,sentence_transformer_logreg,sentence-transformers/all-MiniLM-L6-v2,0.7139955469646293,0.735,base,Prolific,https://www.prolific.com/pricing,2026-07-12,0.0951999999999999,0.004,9.52,0.4,9.92
yelp_polarity,hybrid_al,100,1,sentence_transformer_logreg,sentence-transformers/all-MiniLM-L6-v2,0.7139955469646293,0.735,high,Prolific,https://www.prolific.com/pricing,2026-07-12,0.4283999999999999,0.004,42.84,0.4,43.239999999999995
yelp_polarity,hybrid_al,100,1,sentence_transformer_logreg,sentence-transformers/all-MiniLM-L6-v2,0.7139955469646293,0.735,low,Amazon Mechanical Turk,https://www.mturk.com/pricing,2026-07-12,0.04,0.004,4.0,0.4,4.4
yelp_polarity,hybrid_al,100,2,sentence_transformer_logreg,sentence-transformers/all-MiniLM-L6-v2,0.7837500150173601,0.784,base,Prolific,https://www.prolific.com/pricing,2026-07-12,0.0951999999999999,0.004,9.52,0.4,9.92
yelp_polarity,hybrid_al,100,2,sentence_transformer_logreg,sentence-transformers/all-MiniLM-L6-v2,0.7837500150173601,0.784,high,Prolific,https://www.prolific.com/pricing,2026-07-12,0.4283999999999999,0.004,42.84,0.4,43.239999999999995
yelp_polarity,hybrid_al,100,2,sentence_transformer_logreg,sentence-transformers/all-MiniLM-L6-v2,0.7837500150173601,0.784,low,Amazon Mechanical Turk,https://www.mturk.com/pricing,2026-07-12,0.04,0.004,4.0,0.4,4.4
yelp_polarity,hybrid_al,100,3,sentence_transformer_logreg,sentence-transformers/all-MiniLM-L6-v2,0.7505774446554405,0.762,base,Prolific,https://www.prolific.com/pricing,2026-07-12,0.0951999999999999,0.004,9.52,0.4,9.92
yelp_polarity,hybrid_al,100,3,sentence_transformer_logreg,sentence-transformers/all-MiniLM-L6-v2,0.7505774446554405,0.762,high,Prolific,https://www.prolific.com/pricing,2026-07-12,0.4283999999999999,0.004,42.84,0.4,43.239999999999995
yelp_polarity,hybrid_al,100,3,sentence_transformer_logreg,sentence-transformers/all-MiniLM-L6-v2,0.7505774446554405,0.762,low,Amazon Mechanical Turk,https://www.mturk.com/pricing,2026-07-12,0.04,0.004,4.0,0.4,4.4
yelp_polarity,hybrid_al,100,4,sentence_transformer_logreg,sentence-transformers/all-MiniLM-L6-v2,0.6912601678837809,0.703,base,Prolific,https://www.prolific.com/pricing,2026-07-12,0.0951999999999999,0.004,9.52,0.4,9.92
yelp_polarity,hybrid_al,100,4,sentence_transformer_logreg,sentence-transformers/all-MiniLM-L6-v2,0.6912601678837809,0.703,high,Prolific,https://www.prolific.com/pricing,2026-07-12,0.4283999999999999,0.004,42.84,0.4,43.239999999999995
yelp_polarity,hybrid_al,100,4,sentence_transformer_logreg,sentence-transformers/all-MiniLM-L6-v2,0.6912601678837809,0.703,low,Amazon Mechanical Turk,https://www.mturk.com/pricing,2026-07-12,0.04,0.004,4.0,0.4,4.4
yelp_polarity,hybrid_al,250,0,sentence_transformer_logreg,sentence-transformers/all-MiniLM-L6-v2,0.7661054541788487,0.768,base,Prolific,https://www.prolific.com/pricing,2026-07-12,0.0951999999999999,0.004,23.799999999999997,1.0,24.799999999999997
yelp_polarity,hybrid_al,250,0,sentence_transformer_logreg,sentence-transformers/all-MiniLM-L6-v2,0.7661054541788487,0.768,high,Prolific,https://www.prolific.com/pricing,2026-07-12,0.4283999999999999,0.004,107.09999999999998,1.0,108.09999999999998
yelp_polarity,hybrid_al,250,0,sentence_transformer_logreg,sentence-transformers/all-MiniLM-L6-v2,0.7661054541788487,0.768,low,Amazon Mechanical Turk,https://www.mturk.com/pricing,2026-07-12,0.04,0.004,10.0,1.0,11.0
yelp_polarity,hybrid_al,250,1,sentence_transformer_logreg,sentence-transformers/all-MiniLM-L6-v2,0.8234059375739989,0.824,base,Prolific,https://www.prolific.com/pricing,2026-07-12,0.0951999999999999,0.004,23.799999999999997,1.0,24.799999999999997
yelp_polarity,hybrid_al,250,1,sentence_transformer_logreg,sentence-transformers/all-MiniLM-L6-v2,0.8234059375739989,0.824,high,Prolific,https://www.prolific.com/pricing,2026-07-12,0.4283999999999999,0.004,107.09999999999998,1.0,108.09999999999998
yelp_polarity,hybrid_al,250,1,sentence_transformer_logreg,sentence-transformers/all-MiniLM-L6-v2,0.8234059375739989,0.824,low,Amazon Mechanical Turk,https://www.mturk.com/pricing,2026-07-12,0.04,0.004,10.0,1.0,11.0
yelp_polarity,hybrid_al,250,2,sentence_transformer_logreg,sentence-transformers/all-MiniLM-L6-v2,0.7232653864445137,0.73,base,Prolific,https://www.prolific.com/pricing,2026-07-12,0.0951999999999999,0.004,23.799999999999997,1.0,24.799999999999997
yelp_polarity,hybrid_al,250,2,sentence_transformer_logreg,sentence-transformers/all-MiniLM-L6-v2,0.7232653864445137,0.73,high,Prolific,https://www.prolific.com/pricing,2026-07-12,0.4283999999999999,0.004,107.09999999999998,1.0,108.09999999999998
yelp_polarity,hybrid_al,250,2,sentence_transformer_logreg,sentence-transformers/all-MiniLM-L6-v2,0.7232653864445137,0.73,low,Amazon Mechanical Turk,https://www.mturk.com/pricing,2026-07-12,0.04,0.004,10.0,1.0,11.0
yelp_polarity,hybrid_al,250,3,sentence_transformer_logreg,sentence-transformers/all-MiniLM-L6-v2,0.8018250205468221,0.803,base,Prolific,https://www.prolific.com/pricing,2026-07-12,0.0951999999999999,0.004,23.799999999999997,1.0,24.799999999999997
yelp_polarity,hybrid_al,250,3,sentence_transformer_logreg,sentence-transformers/all-MiniLM-L6-v2,0.8018250205468221,0.803,high,Prolific,https://www.prolific.com/pricing,2026-07-12,0.4283999999999999,0.004,107.09999999999998,1.0,108.09999999999998
yelp_polarity,hybrid_al,250,3,sentence_transformer_logreg,sentence-transformers/all-MiniLM-L6-v2,0.8018250205468221,0.803,low,Amazon Mechanical Turk,https://www.mturk.com/pricing,2026-07-12,0.04,0.004,10.0,1.0,11.0
yelp_polarity,hybrid_al,250,4,sentence_transformer_logreg,sentence-transformers/all-MiniLM-L6-v2,0.7921751431431351,0.793,base,Prolific,https://www.prolific.com/pricing,2026-07-12,0.0951999999999999,0.004,23.799999999999997,1.0,24.799999999999997
yelp_polarity,hybrid_al,250,4,sentence_transformer_logreg,sentence-transformers/all-MiniLM-L6-v2,0.7921751431431351,0.793,high,Prolific,https://www.prolific.com/pricing,2026-07-12,0.4283999999999999,0.004,107.09999999999998,1.0,108.09999999999998
yelp_polarity,hybrid_al,250,4,sentence_transformer_logreg,sentence-transformers/all-MiniLM-L6-v2,0.7921751431431351,0.793,low,Amazon Mechanical Turk,https://www.mturk.com/pricing,2026-07-12,0.04,0.004,10.0,1.0,11.0
yelp_polarity,hybrid_al,500,0,sentence_transformer_logreg,sentence-transformers/all-MiniLM-L6-v2,0.8143969757742906,0.815,base,Prolific,https://www.prolific.com/pricing,2026-07-12,0.0951999999999999,0.004,47.599999999999994,2.0,49.599999999999994
yelp_polarity,hybrid_al,500,0,sentence_transformer_logreg,sentence-transformers/all-MiniLM-L6-v2,0.8143969757742906,0.815,high,Prolific,https://www.prolific.com/pricing,2026-07-12,0.4283999999999999,0.004,214.19999999999996,2.0,216.19999999999996
yelp_polarity,hybrid_al,500,0,sentence_transformer_logreg,sentence-transformers/all-MiniLM-L6-v2,0.8143969757742906,0.815,low,Amazon Mechanical Turk,https://www.mturk.com/pricing,2026-07-12,0.04,0.004,20.0,2.0,22.0
yelp_polarity,hybrid_al,500,1,sentence_transformer_logreg,sentence-transformers/all-MiniLM-L6-v2,0.8040120246160897,0.805,base,Prolific,https://www.prolific.com/pricing,2026-07-12,0.0951999999999999,0.004,47.599999999999994,2.0,49.599999999999994
yelp_polarity,hybrid_al,500,1,sentence_transformer_logreg,sentence-transformers/all-MiniLM-L6-v2,0.8040120246160897,0.805,high,Prolific,https://www.prolific.com/pricing,2026-07-12,0.4283999999999999,0.004,214.19999999999996,2.0,216.19999999999996
yelp_polarity,hybrid_al,500,1,sentence_transformer_logreg,sentence-transformers/all-MiniLM-L6-v2,0.8040120246160897,0.805,low,Amazon Mechanical Turk,https://www.mturk.com/pricing,2026-07-12,0.04,0.004,20.0,2.0,22.0
yelp_polarity,hybrid_al,500,2,sentence_transformer_logreg,sentence-transformers/all-MiniLM-L6-v2,0.8125860024794771,0.813,base,Prolific,https://www.prolific.com/pricing,2026-07-12,0.0951999999999999,0.004,47.599999999999994,2.0,49.599999999999994
yelp_polarity,hybrid_al,500,2,sentence_transformer_logreg,sentence-transformers/all-MiniLM-L6-v2,0.8125860024794771,0.813,high,Prolific,https://www.prolific.com/pricing,2026-07-12,0.4283999999999999,0.004,214.19999999999996,2.0,216.19999999999996
yelp_polarity,hybrid_al,500,2,sentence_transformer_logreg,sentence-transformers/all-MiniLM-L6-v2,0.8125860024794771,0.813,low,Amazon Mechanical Turk,https://www.mturk.com/pricing,2026-07-12,0.04,0.004,20.0,2.0,22.0
yelp_polarity,hybrid_al,500,3,sentence_transformer_logreg,sentence-transformers/all-MiniLM-L6-v2,0.83989176683438,0.84,base,Prolific,https://www.prolific.com/pricing,2026-07-12,0.0951999999999999,0.004,47.599999999999994,2.0,49.599999999999994
yelp_polarity,hybrid_al,500,3,sentence_transformer_logreg,sentence-transformers/all-MiniLM-L6-v2,0.83989176683438,0.84,high,Prolific,https://www.prolific.com/pricing,2026-07-12,0.4283999999999999,0.004,214.19999999999996,2.0,216.19999999999996
yelp_polarity,hybrid_al,500,3,sentence_transformer_logreg,sentence-transformers/all-MiniLM-L6-v2,0.83989176683438,0.84,low,Amazon Mechanical Turk,https://www.mturk.com/pricing,2026-07-12,0.04,0.004,20.0,2.0,22.0
yelp_polarity,hybrid_al,500,4,sentence_transformer_logreg,sentence-transformers/all-MiniLM-L6-v2,0.7977376808662865,0.799,base,Prolific,https://www.prolific.com/pricing,2026-07-12,0.0951999999999999,0.004,47.599999999999994,2.0,49.599999999999994
yelp_polarity,hybrid_al,500,4,sentence_transformer_logreg,sentence-transformers/all-MiniLM-L6-v2,0.7977376808662865,0.799,high,Prolific,https://www.prolific.com/pricing,2026-07-12,0.4283999999999999,0.004,214.19999999999996,2.0,216.19999999999996
yelp_polarity,hybrid_al,500,4,sentence_transformer_logreg,sentence-transformers/all-MiniLM-L6-v2,0.7977376808662865,0.799,low,Amazon Mechanical Turk,https://www.mturk.com/pricing,2026-07-12,0.04,0.004,20.0,2.0,22.0
yelp_polarity,hybrid_al,1000,0,sentence_transformer_logreg,sentence-transformers/all-MiniLM-L6-v2,0.8466895463313209,0.847,base,Prolific,https://www.prolific.com/pricing,2026-07-12,0.0951999999999999,0.004,95.2,4.0,99.2
yelp_polarity,hybrid_al,1000,0,sentence_transformer_logreg,sentence-transformers/all-MiniLM-L6-v2,0.8466895463313209,0.847,high,Prolific,https://www.prolific.com/pricing,2026-07-12,0.4283999999999999,0.004,428.3999999999999,4.0,432.3999999999999
yelp_polarity,hybrid_al,1000,0,sentence_transformer_logreg,sentence-transformers/all-MiniLM-L6-v2,0.8466895463313209,0.847,low,Amazon Mechanical Turk,https://www.mturk.com/pricing,2026-07-12,0.04,0.004,40.0,4.0,44.0
yelp_polarity,hybrid_al,1000,1,sentence_transformer_logreg,sentence-transformers/all-MiniLM-L6-v2,0.8435092449922958,0.844,base,Prolific,https://www.prolific.com/pricing,2026-07-12,0.0951999999999999,0.004,95.2,4.0,99.2
yelp_polarity,hybrid_al,1000,1,sentence_transformer_logreg,sentence-transformers/all-MiniLM-L6-v2,0.8435092449922958,0.844,high,Prolific,https://www.prolific.com/pricing,2026-07-12,0.4283999999999999,0.004,428.3999999999999,4.0,432.3999999999999
yelp_polarity,hybrid_al,1000,1,sentence_transformer_logreg,sentence-transformers/all-MiniLM-L6-v2,0.8435092449922958,0.844,low,Amazon Mechanical Turk,https://www.mturk.com/pricing,2026-07-12,0.04,0.004,40.0,4.0,44.0
yelp_polarity,hybrid_al,1000,2,sentence_transformer_logreg,sentence-transformers/all-MiniLM-L6-v2,0.8417207954832324,0.842,base,Prolific,https://www.prolific.com/pricing,2026-07-12,0.0951999999999999,0.004,95.2,4.0,99.2
yelp_polarity,hybrid_al,1000,2,sentence_transformer_logreg,sentence-transformers/all-MiniLM-L6-v2,0.8417207954832324,0.842,high,Prolific,https://www.prolific.com/pricing,2026-07-12,0.4283999999999999,0.004,428.3999999999999,4.0,432.3999999999999
yelp_polarity,hybrid_al,1000,2,sentence_transformer_logreg,sentence-transformers/all-MiniLM-L6-v2,0.8417207954832324,0.842,low,Amazon Mechanical Turk,https://www.mturk.com/pricing,2026-07-12,0.04,0.004,40.0,4.0,44.0
yelp_polarity,hybrid_al,1000,3,sentence_transformer_logreg,sentence-transformers/all-MiniLM-L6-v2,0.8465357707063867,0.847,base,Prolific,https://www.prolific.com/pricing,2026-07-12,0.0951999999999999,0.004,95.2,4.0,99.2
yelp_polarity,hybrid_al,1000,3,sentence_transformer_logreg,sentence-transformers/all-MiniLM-L6-v2,0.8465357707063867,0.847,high,Prolific,https://www.prolific.com/pricing,2026-07-12,0.4283999999999999,0.004,428.3999999999999,4.0,432.3999999999999
yelp_polarity,hybrid_al,1000,3,sentence_transformer_logreg,sentence-transformers/all-MiniLM-L6-v2,0.8465357707063867,0.847,low,Amazon Mechanical Turk,https://www.mturk.com/pricing,2026-07-12,0.04,0.004,40.0,4.0,44.0
yelp_polarity,hybrid_al,1000,4,sentence_transformer_logreg,sentence-transformers/all-MiniLM-L6-v2,0.8506114403563669,0.851,base,Prolific,https://www.prolific.com/pricing,2026-07-12,0.0951999999999999,0.004,95.2,4.0,99.2
yelp_polarity,hybrid_al,1000,4,sentence_transformer_logreg,sentence-transformers/all-MiniLM-L6-v2,0.8506114403563669,0.851,high,Prolific,https://www.prolific.com/pricing,2026-07-12,0.4283999999999999,0.004,428.3999999999999,4.0,432.3999999999999
yelp_polarity,hybrid_al,1000,4,sentence_transformer_logreg,sentence-transformers/all-MiniLM-L6-v2,0.8506114403563669,0.851,low,Amazon Mechanical Turk,https://www.mturk.com/pricing,2026-07-12,0.04,0.004,40.0,4.0,44.0
yelp_polarity,random,50,0,sentence_transformer_logreg,sentence-transformers/all-MiniLM-L6-v2,0.7287762040628043,0.746,base,Prolific,https://www.prolific.com/pricing,2026-07-12,0.0951999999999999,0.0,4.76,0.0,4.76
yelp_polarity,random,50,0,sentence_transformer_logreg,sentence-transformers/all-MiniLM-L6-v2,0.7287762040628043,0.746,high,Prolific,https://www.prolific.com/pricing,2026-07-12,0.4283999999999999,0.0,21.42,0.0,21.42
yelp_polarity,random,50,0,sentence_transformer_logreg,sentence-transformers/all-MiniLM-L6-v2,0.7287762040628043,0.746,low,Amazon Mechanical Turk,https://www.mturk.com/pricing,2026-07-12,0.04,0.0,2.0,0.0,2.0
yelp_polarity,random,50,1,sentence_transformer_logreg,sentence-transformers/all-MiniLM-L6-v2,0.7399927935010482,0.746,base,Prolific,https://www.prolific.com/pricing,2026-07-12,0.0951999999999999,0.0,4.76,0.0,4.76
yelp_polarity,random,50,1,sentence_transformer_logreg,sentence-transformers/all-MiniLM-L6-v2,0.7399927935010482,0.746,high,Prolific,https://www.prolific.com/pricing,2026-07-12,0.4283999999999999,0.0,21.42,0.0,21.42
yelp_polarity,random,50,1,sentence_transformer_logreg,sentence-transformers/all-MiniLM-L6-v2,0.7399927935010482,0.746,low,Amazon Mechanical Turk,https://www.mturk.com/pricing,2026-07-12,0.04,0.0,2.0,0.0,2.0
yelp_polarity,random,50,2,sentence_transformer_logreg,sentence-transformers/all-MiniLM-L6-v2,0.5114087301587301,0.606,base,Prolific,https://www.prolific.com/pricing,2026-07-12,0.0951999999999999,0.0,4.76,0.0,4.76
yelp_polarity,random,50,2,sentence_transformer_logreg,sentence-transformers/all-MiniLM-L6-v2,0.5114087301587301,0.606,high,Prolific,https://www.prolific.com/pricing,2026-07-12,0.4283999999999999,0.0,21.42,0.0,21.42
yelp_polarity,random,50,2,sentence_transformer_logreg,sentence-transformers/all-MiniLM-L6-v2,0.5114087301587301,0.606,low,Amazon Mechanical Turk,https://www.mturk.com/pricing,2026-07-12,0.04,0.0,2.0,0.0,2.0
yelp_polarity,random,50,3,sentence_transformer_logreg,sentence-transformers/all-MiniLM-L6-v2,0.8059720599766367,0.806,base,Prolific,https://www.prolific.com/pricing,2026-07-12,0.0951999999999999,0.0,4.76,0.0,4.76
yelp_polarity,random,50,3,sentence_transformer_logreg,sentence-transformers/all-MiniLM-L6-v2,0.8059720599766367,0.806,high,Prolific,https://www.prolific.com/pricing,2026-07-12,0.4283999999999999,0.0,21.42,0.0,21.42
yelp_polarity,random,50,3,sentence_transformer_logreg,sentence-transformers/all-MiniLM-L6-v2,0.8059720599766367,0.806,low,Amazon Mechanical Turk,https://www.mturk.com/pricing,2026-07-12,0.04,0.0,2.0,0.0,2.0
yelp_polarity,random,50,4,sentence_transformer_logreg,sentence-transformers/all-MiniLM-L6-v2,0.7945503472501974,0.796,base,Prolific,https://www.prolific.com/pricing,2026-07-12,0.0951999999999999,0.0,4.76,0.0,4.76
yelp_polarity,random,50,4,sentence_transformer_logreg,sentence-transformers/all-MiniLM-L6-v2,0.7945503472501974,0.796,high,Prolific,https://www.prolific.com/pricing,2026-07-12,0.4283999999999999,0.0,21.42,0.0,21.42
yelp_polarity,random,50,4,sentence_transformer_logreg,sentence-transformers/all-MiniLM-L6-v2,0.7945503472501974,0.796,low,Amazon Mechanical Turk,https://www.mturk.com/pricing,2026-07-12,0.04,0.0,2.0,0.0,2.0
yelp_polarity,random,100,0,sentence_transformer_logreg,sentence-transformers/all-MiniLM-L6-v2,0.807306302689683,0.808,base,Prolific,https://www.prolific.com/pricing,2026-07-12,0.0951999999999999,0.0,9.52,0.0,9.52
yelp_polarity,random,100,0,sentence_transformer_logreg,sentence-transformers/all-MiniLM-L6-v2,0.807306302689683,0.808,high,Prolific,https://www.prolific.com/pricing,2026-07-12,0.4283999999999999,0.0,42.84,0.0,42.84
yelp_polarity,random,100,0,sentence_transformer_logreg,sentence-transformers/all-MiniLM-L6-v2,0.807306302689683,0.808,low,Amazon Mechanical Turk,https://www.mturk.com/pricing,2026-07-12,0.04,0.0,4.0,0.0,4.0
yelp_polarity,random,100,1,sentence_transformer_logreg,sentence-transformers/all-MiniLM-L6-v2,0.779151056661808,0.78,base,Prolific,https://www.prolific.com/pricing,2026-07-12,0.0951999999999999,0.0,9.52,0.0,9.52
yelp_polarity,random,100,1,sentence_transformer_logreg,sentence-transformers/all-MiniLM-L6-v2,0.779151056661808,0.78,high,Prolific,https://www.prolific.com/pricing,2026-07-12,0.4283999999999999,0.0,42.84,0.0,42.84
yelp_polarity,random,100,1,sentence_transformer_logreg,sentence-transformers/all-MiniLM-L6-v2,0.779151056661808,0.78,low,Amazon Mechanical Turk,https://www.mturk.com/pricing,2026-07-12,0.04,0.0,4.0,0.0,4.0
yelp_polarity,random,100,2,sentence_transformer_logreg,sentence-transformers/all-MiniLM-L6-v2,0.7737373737373737,0.776,base,Prolific,https://www.prolific.com/pricing,2026-07-12,0.0951999999999999,0.0,9.52,0.0,9.52
yelp_polarity,random,100,2,sentence_transformer_logreg,sentence-transformers/all-MiniLM-L6-v2,0.7737373737373737,0.776,high,Prolific,https://www.prolific.com/pricing,2026-07-12,0.4283999999999999,0.0,42.84,0.0,42.84
yelp_polarity,random,100,2,sentence_transformer_logreg,sentence-transformers/all-MiniLM-L6-v2,0.7737373737373737,0.776,low,Amazon Mechanical Turk,https://www.mturk.com/pricing,2026-07-12,0.04,0.0,4.0,0.0,4.0
yelp_polarity,random,100,3,sentence_transformer_logreg,sentence-transformers/all-MiniLM-L6-v2,0.7849051431681371,0.785,base,Prolific,https://www.prolific.com/pricing,2026-07-12,0.0951999999999999,0.0,9.52,0.0,9.52
yelp_polarity,random,100,3,sentence_transformer_logreg,sentence-transformers/all-MiniLM-L6-v2,0.7849051431681371,0.785,high,Prolific,https://www.prolific.com/pricing,2026-07-12,0.4283999999999999,0.0,42.84,0.0,42.84
yelp_polarity,random,100,3,sentence_transformer_logreg,sentence-transformers/all-MiniLM-L6-v2,0.7849051431681371,0.785,low,Amazon Mechanical Turk,https://www.mturk.com/pricing,2026-07-12,0.04,0.0,4.0,0.0,4.0
yelp_polarity,random,100,4,sentence_transformer_logreg,sentence-transformers/all-MiniLM-L6-v2,0.7823339780786589,0.789,base,Prolific,https://www.prolific.com/pricing,2026-07-12,0.0951999999999999,0.0,9.52,0.0,9.52
yelp_polarity,random,100,4,sentence_transformer_logreg,sentence-transformers/all-MiniLM-L6-v2,0.7823339780786589,0.789,high,Prolific,https://www.prolific.com/pricing,2026-07-12,0.4283999999999999,0.0,42.84,0.0,42.84
yelp_polarity,random,100,4,sentence_transformer_logreg,sentence-transformers/all-MiniLM-L6-v2,0.7823339780786589,0.789,low,Amazon Mechanical Turk,https://www.mturk.com/pricing,2026-07-12,0.04,0.0,4.0,0.0,4.0
yelp_polarity,random,250,0,sentence_transformer_logreg,sentence-transformers/all-MiniLM-L6-v2,0.8169822290755581,0.819,base,Prolific,https://www.prolific.com/pricing,2026-07-12,0.0951999999999999,0.0,23.799999999999997,0.0,23.799999999999997
yelp_polarity,random,250,0,sentence_transformer_logreg,sentence-transformers/all-MiniLM-L6-v2,0.8169822290755581,0.819,high,Prolific,https://www.prolific.com/pricing,2026-07-12,0.4283999999999999,0.0,107.09999999999998,0.0,107.09999999999998
yelp_polarity,random,250,0,sentence_transformer_logreg,sentence-transformers/all-MiniLM-L6-v2,0.8169822290755581,0.819,low,Amazon Mechanical Turk,https://www.mturk.com/pricing,2026-07-12,0.04,0.0,10.0,0.0,10.0
yelp_polarity,random,250,1,sentence_transformer_logreg,sentence-transformers/all-MiniLM-L6-v2,0.8170515954709212,0.818,base,Prolific,https://www.prolific.com/pricing,2026-07-12,0.0951999999999999,0.0,23.799999999999997,0.0,23.799999999999997
yelp_polarity,random,250,1,sentence_transformer_logreg,sentence-transformers/all-MiniLM-L6-v2,0.8170515954709212,0.818,high,Prolific,https://www.prolific.com/pricing,2026-07-12,0.4283999999999999,0.0,107.09999999999998,0.0,107.09999999999998
yelp_polarity,random,250,1,sentence_transformer_logreg,sentence-transformers/all-MiniLM-L6-v2,0.8170515954709212,0.818,low,Amazon Mechanical Turk,https://www.mturk.com/pricing,2026-07-12,0.04,0.0,10.0,0.0,10.0
yelp_polarity,random,250,2,sentence_transformer_logreg,sentence-transformers/all-MiniLM-L6-v2,0.828891775566758,0.831,base,Prolific,https://www.prolific.com/pricing,2026-07-12,0.0951999999999999,0.0,23.799999999999997,0.0,23.799999999999997
yelp_polarity,random,250,2,sentence_transformer_logreg,sentence-transformers/all-MiniLM-L6-v2,0.828891775566758,0.831,high,Prolific,https://www.prolific.com/pricing,2026-07-12,0.4283999999999999,0.0,107.09999999999998,0.0,107.09999999999998
yelp_polarity,random,250,2,sentence_transformer_logreg,sentence-transformers/all-MiniLM-L6-v2,0.828891775566758,0.831,low,Amazon Mechanical Turk,https://www.mturk.com/pricing,2026-07-12,0.04,0.0,10.0,0.0,10.0
yelp_polarity,random,250,3,sentence_transformer_logreg,sentence-transformers/all-MiniLM-L6-v2,0.8283613325183006,0.829,base,Prolific,https://www.prolific.com/pricing,2026-07-12,0.0951999999999999,0.0,23.799999999999997,0.0,23.799999999999997
yelp_polarity,random,250,3,sentence_transformer_logreg,sentence-transformers/all-MiniLM-L6-v2,0.8283613325183006,0.829,high,Prolific,https://www.prolific.com/pricing,2026-07-12,0.4283999999999999,0.0,107.09999999999998,0.0,107.09999999999998
yelp_polarity,random,250,3,sentence_transformer_logreg,sentence-transformers/all-MiniLM-L6-v2,0.8283613325183006,0.829,low,Amazon Mechanical Turk,https://www.mturk.com/pricing,2026-07-12,0.04,0.0,10.0,0.0,10.0
yelp_polarity,random,250,4,sentence_transformer_logreg,sentence-transformers/all-MiniLM-L6-v2,0.8355155276369233,0.837,base,Prolific,https://www.prolific.com/pricing,2026-07-12,0.0951999999999999,0.0,23.799999999999997,0.0,23.799999999999997
yelp_polarity,random,250,4,sentence_transformer_logreg,sentence-transformers/all-MiniLM-L6-v2,0.8355155276369233,0.837,high,Prolific,https://www.prolific.com/pricing,2026-07-12,0.4283999999999999,0.0,107.09999999999998,0.0,107.09999999999998
yelp_polarity,random,250,4,sentence_transformer_logreg,sentence-transformers/all-MiniLM-L6-v2,0.8355155276369233,0.837,low,Amazon Mechanical Turk,https://www.mturk.com/pricing,2026-07-12,0.04,0.0,10.0,0.0,10.0
yelp_polarity,random,500,0,sentence_transformer_logreg,sentence-transformers/all-MiniLM-L6-v2,0.8379888886540903,0.839,base,Prolific,https://www.prolific.com/pricing,2026-07-12,0.0951999999999999,0.0,47.599999999999994,0.0,47.599999999999994
yelp_polarity,random,500,0,sentence_transformer_logreg,sentence-transformers/all-MiniLM-L6-v2,0.8379888886540903,0.839,high,Prolific,https://www.prolific.com/pricing,2026-07-12,0.4283999999999999,0.0,214.19999999999996,0.0,214.19999999999996
yelp_polarity,random,500,0,sentence_transformer_logreg,sentence-transformers/all-MiniLM-L6-v2,0.8379888886540903,0.839,low,Amazon Mechanical Turk,https://www.mturk.com/pricing,2026-07-12,0.04,0.0,20.0,0.0,20.0
yelp_polarity,random,500,1,sentence_transformer_logreg,sentence-transformers/all-MiniLM-L6-v2,0.8483982928242193,0.849,base,Prolific,https://www.prolific.com/pricing,2026-07-12,0.0951999999999999,0.0,47.599999999999994,0.0,47.599999999999994
yelp_polarity,random,500,1,sentence_transformer_logreg,sentence-transformers/all-MiniLM-L6-v2,0.8483982928242193,0.849,high,Prolific,https://www.prolific.com/pricing,2026-07-12,0.4283999999999999,0.0,214.19999999999996,0.0,214.19999999999996
yelp_polarity,random,500,1,sentence_transformer_logreg,sentence-transformers/all-MiniLM-L6-v2,0.8483982928242193,0.849,low,Amazon Mechanical Turk,https://www.mturk.com/pricing,2026-07-12,0.04,0.0,20.0,0.0,20.0
yelp_polarity,random,500,2,sentence_transformer_logreg,sentence-transformers/all-MiniLM-L6-v2,0.8297110831886549,0.831,base,Prolific,https://www.prolific.com/pricing,2026-07-12,0.0951999999999999,0.0,47.599999999999994,0.0,47.599999999999994
yelp_polarity,random,500,2,sentence_transformer_logreg,sentence-transformers/all-MiniLM-L6-v2,0.8297110831886549,0.831,high,Prolific,https://www.prolific.com/pricing,2026-07-12,0.4283999999999999,0.0,214.19999999999996,0.0,214.19999999999996
yelp_polarity,random,500,2,sentence_transformer_logreg,sentence-transformers/all-MiniLM-L6-v2,0.8297110831886549,0.831,low,Amazon Mechanical Turk,https://www.mturk.com/pricing,2026-07-12,0.04,0.0,20.0,0.0,20.0
yelp_polarity,random,500,3,sentence_transformer_logreg,sentence-transformers/all-MiniLM-L6-v2,0.8456443646160754,0.846,base,Prolific,https://www.prolific.com/pricing,2026-07-12,0.0951999999999999,0.0,47.599999999999994,0.0,47.599999999999994
yelp_polarity,random,500,3,sentence_transformer_logreg,sentence-transformers/all-MiniLM-L6-v2,0.8456443646160754,0.846,high,Prolific,https://www.prolific.com/pricing,2026-07-12,0.4283999999999999,0.0,214.19999999999996,0.0,214.19999999999996
yelp_polarity,random,500,3,sentence_transformer_logreg,sentence-transformers/all-MiniLM-L6-v2,0.8456443646160754,0.846,low,Amazon Mechanical Turk,https://www.mturk.com/pricing,2026-07-12,0.04,0.0,20.0,0.0,20.0
yelp_polarity,random,500,4,sentence_transformer_logreg,sentence-transformers/all-MiniLM-L6-v2,0.8573787417992776,0.858,base,Prolific,https://www.prolific.com/pricing,2026-07-12,0.0951999999999999,0.0,47.599999999999994,0.0,47.599999999999994
yelp_polarity,random,500,4,sentence_transformer_logreg,sentence-transformers/all-MiniLM-L6-v2,0.8573787417992776,0.858,high,Prolific,https://www.prolific.com/pricing,2026-07-12,0.4283999999999999,0.0,214.19999999999996,0.0,214.19999999999996
yelp_polarity,random,500,4,sentence_transformer_logreg,sentence-transformers/all-MiniLM-L6-v2,0.8573787417992776,0.858,low,Amazon Mechanical Turk,https://www.mturk.com/pricing,2026-07-12,0.04,0.0,20.0,0.0,20.0
yelp_polarity,random,1000,0,sentence_transformer_logreg,sentence-transformers/all-MiniLM-L6-v2,0.8502017249924849,0.851,base,Prolific,https://www.prolific.com/pricing,2026-07-12,0.0951999999999999,0.0,95.2,0.0,95.2
yelp_polarity,random,1000,0,sentence_transformer_logreg,sentence-transformers/all-MiniLM-L6-v2,0.8502017249924849,0.851,high,Prolific,https://www.prolific.com/pricing,2026-07-12,0.4283999999999999,0.0,428.3999999999999,0.0,428.3999999999999
yelp_polarity,random,1000,0,sentence_transformer_logreg,sentence-transformers/all-MiniLM-L6-v2,0.8502017249924849,0.851,low,Amazon Mechanical Turk,https://www.mturk.com/pricing,2026-07-12,0.04,0.0,40.0,0.0,40.0
yelp_polarity,random,1000,1,sentence_transformer_logreg,sentence-transformers/all-MiniLM-L6-v2,0.8511850895503779,0.852,base,Prolific,https://www.prolific.com/pricing,2026-07-12,0.0951999999999999,0.0,95.2,0.0,95.2
yelp_polarity,random,1000,1,sentence_transformer_logreg,sentence-transformers/all-MiniLM-L6-v2,0.8511850895503779,0.852,high,Prolific,https://www.prolific.com/pricing,2026-07-12,0.4283999999999999,0.0,428.3999999999999,0.0,428.3999999999999
yelp_polarity,random,1000,1,sentence_transformer_logreg,sentence-transformers/all-MiniLM-L6-v2,0.8511850895503779,0.852,low,Amazon Mechanical Turk,https://www.mturk.com/pricing,2026-07-12,0.04,0.0,40.0,0.0,40.0
yelp_polarity,random,1000,2,sentence_transformer_logreg,sentence-transformers/all-MiniLM-L6-v2,0.861320470304492,0.862,base,Prolific,https://www.prolific.com/pricing,2026-07-12,0.0951999999999999,0.0,95.2,0.0,95.2
yelp_polarity,random,1000,2,sentence_transformer_logreg,sentence-transformers/all-MiniLM-L6-v2,0.861320470304492,0.862,high,Prolific,https://www.prolific.com/pricing,2026-07-12,0.4283999999999999,0.0,428.3999999999999,0.0,428.3999999999999
yelp_polarity,random,1000,2,sentence_transformer_logreg,sentence-transformers/all-MiniLM-L6-v2,0.861320470304492,0.862,low,Amazon Mechanical Turk,https://www.mturk.com/pricing,2026-07-12,0.04,0.0,40.0,0.0,40.0
yelp_polarity,random,1000,3,sentence_transformer_logreg,sentence-transformers/all-MiniLM-L6-v2,0.8491740772470047,0.85,base,Prolific,https://www.prolific.com/pricing,2026-07-12,0.0951999999999999,0.0,95.2,0.0,95.2
yelp_polarity,random,1000,3,sentence_transformer_logreg,sentence-transformers/all-MiniLM-L6-v2,0.8491740772470047,0.85,high,Prolific,https://www.prolific.com/pricing,2026-07-12,0.4283999999999999,0.0,428.3999999999999,0.0,428.3999999999999
yelp_polarity,random,1000,3,sentence_transformer_logreg,sentence-transformers/all-MiniLM-L6-v2,0.8491740772470047,0.85,low,Amazon Mechanical Turk,https://www.mturk.com/pricing,2026-07-12,0.04,0.0,40.0,0.0,40.0
yelp_polarity,random,1000,4,sentence_transformer_logreg,sentence-transformers/all-MiniLM-L6-v2,0.8483191044599205,0.849,base,Prolific,https://www.prolific.com/pricing,2026-07-12,0.0951999999999999,0.0,95.2,0.0,95.2
yelp_polarity,random,1000,4,sentence_transformer_logreg,sentence-transformers/all-MiniLM-L6-v2,0.8483191044599205,0.849,high,Prolific,https://www.prolific.com/pricing,2026-07-12,0.4283999999999999,0.0,428.3999999999999,0.0,428.3999999999999
yelp_polarity,random,1000,4,sentence_transformer_logreg,sentence-transformers/all-MiniLM-L6-v2,0.8483191044599205,0.849,low,Amazon Mechanical Turk,https://www.mturk.com/pricing,2026-07-12,0.04,0.0,40.0,0.0,40.0
yelp_polarity,uncertainty_al,50,0,sentence_transformer_logreg,sentence-transformers/all-MiniLM-L6-v2,0.7836190476190477,0.787,base,Prolific,https://www.prolific.com/pricing,2026-07-12,0.0951999999999999,0.002,4.76,0.1,4.859999999999999
yelp_polarity,uncertainty_al,50,0,sentence_transformer_logreg,sentence-transformers/all-MiniLM-L6-v2,0.7836190476190477,0.787,high,Prolific,https://www.prolific.com/pricing,2026-07-12,0.4283999999999999,0.002,21.42,0.1,21.52
yelp_polarity,uncertainty_al,50,0,sentence_transformer_logreg,sentence-transformers/all-MiniLM-L6-v2,0.7836190476190477,0.787,low,Amazon Mechanical Turk,https://www.mturk.com/pricing,2026-07-12,0.04,0.002,2.0,0.1,2.1
yelp_polarity,uncertainty_al,50,1,sentence_transformer_logreg,sentence-transformers/all-MiniLM-L6-v2,0.4147644487615347,0.518,base,Prolific,https://www.prolific.com/pricing,2026-07-12,0.0951999999999999,0.002,4.76,0.1,4.859999999999999
yelp_polarity,uncertainty_al,50,1,sentence_transformer_logreg,sentence-transformers/all-MiniLM-L6-v2,0.4147644487615347,0.518,high,Prolific,https://www.prolific.com/pricing,2026-07-12,0.4283999999999999,0.002,21.42,0.1,21.52
yelp_polarity,uncertainty_al,50,1,sentence_transformer_logreg,sentence-transformers/all-MiniLM-L6-v2,0.4147644487615347,0.518,low,Amazon Mechanical Turk,https://www.mturk.com/pricing,2026-07-12,0.04,0.002,2.0,0.1,2.1
yelp_polarity,uncertainty_al,50,2,sentence_transformer_logreg,sentence-transformers/all-MiniLM-L6-v2,0.7758052662639204,0.777,base,Prolific,https://www.prolific.com/pricing,2026-07-12,0.0951999999999999,0.002,4.76,0.1,4.859999999999999
yelp_polarity,uncertainty_al,50,2,sentence_transformer_logreg,sentence-transformers/all-MiniLM-L6-v2,0.7758052662639204,0.777,high,Prolific,https://www.prolific.com/pricing,2026-07-12,0.4283999999999999,0.002,21.42,0.1,21.52
yelp_polarity,uncertainty_al,50,2,sentence_transformer_logreg,sentence-transformers/all-MiniLM-L6-v2,0.7758052662639204,0.777,low,Amazon Mechanical Turk,https://www.mturk.com/pricing,2026-07-12,0.04,0.002,2.0,0.1,2.1
yelp_polarity,uncertainty_al,50,3,sentence_transformer_logreg,sentence-transformers/all-MiniLM-L6-v2,0.4294467978678505,0.562,base,Prolific,https://www.prolific.com/pricing,2026-07-12,0.0951999999999999,0.002,4.76,0.1,4.859999999999999
yelp_polarity,uncertainty_al,50,3,sentence_transformer_logreg,sentence-transformers/all-MiniLM-L6-v2,0.4294467978678505,0.562,high,Prolific,https://www.prolific.com/pricing,2026-07-12,0.4283999999999999,0.002,21.42,0.1,21.52
yelp_polarity,uncertainty_al,50,3,sentence_transformer_logreg,sentence-transformers/all-MiniLM-L6-v2,0.4294467978678505,0.562,low,Amazon Mechanical Turk,https://www.mturk.com/pricing,2026-07-12,0.04,0.002,2.0,0.1,2.1
yelp_polarity,uncertainty_al,50,4,sentence_transformer_logreg,sentence-transformers/all-MiniLM-L6-v2,0.3455497382198952,0.528,base,Prolific,https://www.prolific.com/pricing,2026-07-12,0.0951999999999999,0.002,4.76,0.1,4.859999999999999
yelp_polarity,uncertainty_al,50,4,sentence_transformer_logreg,sentence-transformers/all-MiniLM-L6-v2,0.3455497382198952,0.528,high,Prolific,https://www.prolific.com/pricing,2026-07-12,0.4283999999999999,0.002,21.42,0.1,21.52
yelp_polarity,uncertainty_al,50,4,sentence_transformer_logreg,sentence-transformers/all-MiniLM-L6-v2,0.3455497382198952,0.528,low,Amazon Mechanical Turk,https://www.mturk.com/pricing,2026-07-12,0.04,0.002,2.0,0.1,2.1
yelp_polarity,uncertainty_al,100,0,sentence_transformer_logreg,sentence-transformers/all-MiniLM-L6-v2,0.7802986326109391,0.782,base,Prolific,https://www.prolific.com/pricing,2026-07-12,0.0951999999999999,0.002,9.52,0.2,9.72
yelp_polarity,uncertainty_al,100,0,sentence_transformer_logreg,sentence-transformers/all-MiniLM-L6-v2,0.7802986326109391,0.782,high,Prolific,https://www.prolific.com/pricing,2026-07-12,0.4283999999999999,0.002,42.84,0.2,43.04
yelp_polarity,uncertainty_al,100,0,sentence_transformer_logreg,sentence-transformers/all-MiniLM-L6-v2,0.7802986326109391,0.782,low,Amazon Mechanical Turk,https://www.mturk.com/pricing,2026-07-12,0.04,0.002,4.0,0.2,4.2
yelp_polarity,uncertainty_al,100,1,sentence_transformer_logreg,sentence-transformers/all-MiniLM-L6-v2,0.7965880908840401,0.797,base,Prolific,https://www.prolific.com/pricing,2026-07-12,0.0951999999999999,0.002,9.52,0.2,9.72
yelp_polarity,uncertainty_al,100,1,sentence_transformer_logreg,sentence-transformers/all-MiniLM-L6-v2,0.7965880908840401,0.797,high,Prolific,https://www.prolific.com/pricing,2026-07-12,0.4283999999999999,0.002,42.84,0.2,43.04
yelp_polarity,uncertainty_al,100,1,sentence_transformer_logreg,sentence-transformers/all-MiniLM-L6-v2,0.7965880908840401,0.797,low,Amazon Mechanical Turk,https://www.mturk.com/pricing,2026-07-12,0.04,0.002,4.0,0.2,4.2
yelp_polarity,uncertainty_al,100,2,sentence_transformer_logreg,sentence-transformers/all-MiniLM-L6-v2,0.6723969252271139,0.707,base,Prolific,https://www.prolific.com/pricing,2026-07-12,0.0951999999999999,0.002,9.52,0.2,9.72
yelp_polarity,uncertainty_al,100,2,sentence_transformer_logreg,sentence-transformers/all-MiniLM-L6-v2,0.6723969252271139,0.707,high,Prolific,https://www.prolific.com/pricing,2026-07-12,0.4283999999999999,0.002,42.84,0.2,43.04
yelp_polarity,uncertainty_al,100,2,sentence_transformer_logreg,sentence-transformers/all-MiniLM-L6-v2,0.6723969252271139,0.707,low,Amazon Mechanical Turk,https://www.mturk.com/pricing,2026-07-12,0.04,0.002,4.0,0.2,4.2
yelp_polarity,uncertainty_al,100,3,sentence_transformer_logreg,sentence-transformers/all-MiniLM-L6-v2,0.7876934293119264,0.788,base,Prolific,https://www.prolific.com/pricing,2026-07-12,0.0951999999999999,0.002,9.52,0.2,9.72
yelp_polarity,uncertainty_al,100,3,sentence_transformer_logreg,sentence-transformers/all-MiniLM-L6-v2,0.7876934293119264,0.788,high,Prolific,https://www.prolific.com/pricing,2026-07-12,0.4283999999999999,0.002,42.84,0.2,43.04
yelp_polarity,uncertainty_al,100,3,sentence_transformer_logreg,sentence-transformers/all-MiniLM-L6-v2,0.7876934293119264,0.788,low,Amazon Mechanical Turk,https://www.mturk.com/pricing,2026-07-12,0.04,0.002,4.0,0.2,4.2
yelp_polarity,uncertainty_al,100,4,sentence_transformer_logreg,sentence-transformers/all-MiniLM-L6-v2,0.80389692017599,0.805,base,Prolific,https://www.prolific.com/pricing,2026-07-12,0.0951999999999999,0.002,9.52,0.2,9.72
yelp_polarity,uncertainty_al,100,4,sentence_transformer_logreg,sentence-transformers/all-MiniLM-L6-v2,0.80389692017599,0.805,high,Prolific,https://www.prolific.com/pricing,2026-07-12,0.4283999999999999,0.002,42.84,0.2,43.04
yelp_polarity,uncertainty_al,100,4,sentence_transformer_logreg,sentence-transformers/all-MiniLM-L6-v2,0.80389692017599,0.805,low,Amazon Mechanical Turk,https://www.mturk.com/pricing,2026-07-12,0.04,0.002,4.0,0.2,4.2
yelp_polarity,uncertainty_al,250,0,sentence_transformer_logreg,sentence-transformers/all-MiniLM-L6-v2,0.7764404669056022,0.779,base,Prolific,https://www.prolific.com/pricing,2026-07-12,0.0951999999999999,0.002,23.799999999999997,0.5,24.299999999999997
yelp_polarity,uncertainty_al,250,0,sentence_transformer_logreg,sentence-transformers/all-MiniLM-L6-v2,0.7764404669056022,0.779,high,Prolific,https://www.prolific.com/pricing,2026-07-12,0.4283999999999999,0.002,107.09999999999998,0.5,107.59999999999998
yelp_polarity,uncertainty_al,250,0,sentence_transformer_logreg,sentence-transformers/all-MiniLM-L6-v2,0.7764404669056022,0.779,low,Amazon Mechanical Turk,https://www.mturk.com/pricing,2026-07-12,0.04,0.002,10.0,0.5,10.5
yelp_polarity,uncertainty_al,250,1,sentence_transformer_logreg,sentence-transformers/all-MiniLM-L6-v2,0.5706464922056282,0.639,base,Prolific,https://www.prolific.com/pricing,2026-07-12,0.0951999999999999,0.002,23.799999999999997,0.5,24.299999999999997
yelp_polarity,uncertainty_al,250,1,sentence_transformer_logreg,sentence-transformers/all-MiniLM-L6-v2,0.5706464922056282,0.639,high,Prolific,https://www.prolific.com/pricing,2026-07-12,0.4283999999999999,0.002,107.09999999999998,0.5,107.59999999999998
yelp_polarity,uncertainty_al,250,1,sentence_transformer_logreg,sentence-transformers/all-MiniLM-L6-v2,0.5706464922056282,0.639,low,Amazon Mechanical Turk,https://www.mturk.com/pricing,2026-07-12,0.04,0.002,10.0,0.5,10.5
yelp_polarity,uncertainty_al,250,2,sentence_transformer_logreg,sentence-transformers/all-MiniLM-L6-v2,0.7763458539357084,0.778,base,Prolific,https://www.prolific.com/pricing,2026-07-12,0.0951999999999999,0.002,23.799999999999997,0.5,24.299999999999997
yelp_polarity,uncertainty_al,250,2,sentence_transformer_logreg,sentence-transformers/all-MiniLM-L6-v2,0.7763458539357084,0.778,high,Prolific,https://www.prolific.com/pricing,2026-07-12,0.4283999999999999,0.002,107.09999999999998,0.5,107.59999999999998
yelp_polarity,uncertainty_al,250,2,sentence_transformer_logreg,sentence-transformers/all-MiniLM-L6-v2,0.7763458539357084,0.778,low,Amazon Mechanical Turk,https://www.mturk.com/pricing,2026-07-12,0.04,0.002,10.0,0.5,10.5
yelp_polarity,uncertainty_al,250,3,sentence_transformer_logreg,sentence-transformers/all-MiniLM-L6-v2,0.6637956726154681,0.683,base,Prolific,https://www.prolific.com/pricing,2026-07-12,0.0951999999999999,0.002,23.799999999999997,0.5,24.299999999999997
yelp_polarity,uncertainty_al,250,3,sentence_transformer_logreg,sentence-transformers/all-MiniLM-L6-v2,0.6637956726154681,0.683,high,Prolific,https://www.prolific.com/pricing,2026-07-12,0.4283999999999999,0.002,107.09999999999998,0.5,107.59999999999998
yelp_polarity,uncertainty_al,250,3,sentence_transformer_logreg,sentence-transformers/all-MiniLM-L6-v2,0.6637956726154681,0.683,low,Amazon Mechanical Turk,https://www.mturk.com/pricing,2026-07-12,0.04,0.002,10.0,0.5,10.5
yelp_polarity,uncertainty_al,250,4,sentence_transformer_logreg,sentence-transformers/all-MiniLM-L6-v2,0.7342579874685031,0.751,base,Prolific,https://www.prolific.com/pricing,2026-07-12,0.0951999999999999,0.002,23.799999999999997,0.5,24.299999999999997
yelp_polarity,uncertainty_al,250,4,sentence_transformer_logreg,sentence-transformers/all-MiniLM-L6-v2,0.7342579874685031,0.751,high,Prolific,https://www.prolific.com/pricing,2026-07-12,0.4283999999999999,0.002,107.09999999999998,0.5,107.59999999999998
yelp_polarity,uncertainty_al,250,4,sentence_transformer_logreg,sentence-transformers/all-MiniLM-L6-v2,0.7342579874685031,0.751,low,Amazon Mechanical Turk,https://www.mturk.com/pricing,2026-07-12,0.04,0.002,10.0,0.5,10.5
yelp_polarity,uncertainty_al,500,0,sentence_transformer_logreg,sentence-transformers/all-MiniLM-L6-v2,0.8028613270248958,0.804,base,Prolific,https://www.prolific.com/pricing,2026-07-12,0.0951999999999999,0.002,47.599999999999994,1.0,48.599999999999994
yelp_polarity,uncertainty_al,500,0,sentence_transformer_logreg,sentence-transformers/all-MiniLM-L6-v2,0.8028613270248958,0.804,high,Prolific,https://www.prolific.com/pricing,2026-07-12,0.4283999999999999,0.002,214.19999999999996,1.0,215.19999999999996
yelp_polarity,uncertainty_al,500,0,sentence_transformer_logreg,sentence-transformers/all-MiniLM-L6-v2,0.8028613270248958,0.804,low,Amazon Mechanical Turk,https://www.mturk.com/pricing,2026-07-12,0.04,0.002,20.0,1.0,21.0
yelp_polarity,uncertainty_al,500,1,sentence_transformer_logreg,sentence-transformers/all-MiniLM-L6-v2,0.8197115384615384,0.82,base,Prolific,https://www.prolific.com/pricing,2026-07-12,0.0951999999999999,0.002,47.599999999999994,1.0,48.599999999999994
yelp_polarity,uncertainty_al,500,1,sentence_transformer_logreg,sentence-transformers/all-MiniLM-L6-v2,0.8197115384615384,0.82,high,Prolific,https://www.prolific.com/pricing,2026-07-12,0.4283999999999999,0.002,214.19999999999996,1.0,215.19999999999996
yelp_polarity,uncertainty_al,500,1,sentence_transformer_logreg,sentence-transformers/all-MiniLM-L6-v2,0.8197115384615384,0.82,low,Amazon Mechanical Turk,https://www.mturk.com/pricing,2026-07-12,0.04,0.002,20.0,1.0,21.0
yelp_polarity,uncertainty_al,500,2,sentence_transformer_logreg,sentence-transformers/all-MiniLM-L6-v2,0.8168239678330876,0.817,base,Prolific,https://www.prolific.com/pricing,2026-07-12,0.0951999999999999,0.002,47.599999999999994,1.0,48.599999999999994
yelp_polarity,uncertainty_al,500,2,sentence_transformer_logreg,sentence-transformers/all-MiniLM-L6-v2,0.8168239678330876,0.817,high,Prolific,https://www.prolific.com/pricing,2026-07-12,0.4283999999999999,0.002,214.19999999999996,1.0,215.19999999999996
yelp_polarity,uncertainty_al,500,2,sentence_transformer_logreg,sentence-transformers/all-MiniLM-L6-v2,0.8168239678330876,0.817,low,Amazon Mechanical Turk,https://www.mturk.com/pricing,2026-07-12,0.04,0.002,20.0,1.0,21.0
yelp_polarity,uncertainty_al,500,3,sentence_transformer_logreg,sentence-transformers/all-MiniLM-L6-v2,0.7925361349683366,0.794,base,Prolific,https://www.prolific.com/pricing,2026-07-12,0.0951999999999999,0.002,47.599999999999994,1.0,48.599999999999994
yelp_polarity,uncertainty_al,500,3,sentence_transformer_logreg,sentence-transformers/all-MiniLM-L6-v2,0.7925361349683366,0.794,high,Prolific,https://www.prolific.com/pricing,2026-07-12,0.4283999999999999,0.002,214.19999999999996,1.0,215.19999999999996
yelp_polarity,uncertainty_al,500,3,sentence_transformer_logreg,sentence-transformers/all-MiniLM-L6-v2,0.7925361349683366,0.794,low,Amazon Mechanical Turk,https://www.mturk.com/pricing,2026-07-12,0.04,0.002,20.0,1.0,21.0
yelp_polarity,uncertainty_al,500,4,sentence_transformer_logreg,sentence-transformers/all-MiniLM-L6-v2,0.7916329034797305,0.793,base,Prolific,https://www.prolific.com/pricing,2026-07-12,0.0951999999999999,0.002,47.599999999999994,1.0,48.599999999999994
yelp_polarity,uncertainty_al,500,4,sentence_transformer_logreg,sentence-transformers/all-MiniLM-L6-v2,0.7916329034797305,0.793,high,Prolific,https://www.prolific.com/pricing,2026-07-12,0.4283999999999999,0.002,214.19999999999996,1.0,215.19999999999996
yelp_polarity,uncertainty_al,500,4,sentence_transformer_logreg,sentence-transformers/all-MiniLM-L6-v2,0.7916329034797305,0.793,low,Amazon Mechanical Turk,https://www.mturk.com/pricing,2026-07-12,0.04,0.002,20.0,1.0,21.0
yelp_polarity,uncertainty_al,1000,0,sentence_transformer_logreg,sentence-transformers/all-MiniLM-L6-v2,0.8506114403563669,0.851,base,Prolific,https://www.prolific.com/pricing,2026-07-12,0.0951999999999999,0.002,95.2,2.0,97.2
yelp_polarity,uncertainty_al,1000,0,sentence_transformer_logreg,sentence-transformers/all-MiniLM-L6-v2,0.8506114403563669,0.851,high,Prolific,https://www.prolific.com/pricing,2026-07-12,0.4283999999999999,0.002,428.3999999999999,2.0,430.3999999999999
yelp_polarity,uncertainty_al,1000,0,sentence_transformer_logreg,sentence-transformers/all-MiniLM-L6-v2,0.8506114403563669,0.851,low,Amazon Mechanical Turk,https://www.mturk.com/pricing,2026-07-12,0.04,0.002,40.0,2.0,42.0
yelp_polarity,uncertainty_al,1000,1,sentence_transformer_logreg,sentence-transformers/all-MiniLM-L6-v2,0.8505648245752204,0.852,base,Prolific,https://www.prolific.com/pricing,2026-07-12,0.0951999999999999,0.002,95.2,2.0,97.2
yelp_polarity,uncertainty_al,1000,1,sentence_transformer_logreg,sentence-transformers/all-MiniLM-L6-v2,0.8505648245752204,0.852,high,Prolific,https://www.prolific.com/pricing,2026-07-12,0.4283999999999999,0.002,428.3999999999999,2.0,430.3999999999999
yelp_polarity,uncertainty_al,1000,1,sentence_transformer_logreg,sentence-transformers/all-MiniLM-L6-v2,0.8505648245752204,0.852,low,Amazon Mechanical Turk,https://www.mturk.com/pricing,2026-07-12,0.04,0.002,40.0,2.0,42.0
yelp_polarity,uncertainty_al,1000,2,sentence_transformer_logreg,sentence-transformers/all-MiniLM-L6-v2,0.8498103477646437,0.851,base,Prolific,https://www.prolific.com/pricing,2026-07-12,0.0951999999999999,0.002,95.2,2.0,97.2
yelp_polarity,uncertainty_al,1000,2,sentence_transformer_logreg,sentence-transformers/all-MiniLM-L6-v2,0.8498103477646437,0.851,high,Prolific,https://www.prolific.com/pricing,2026-07-12,0.4283999999999999,0.002,428.3999999999999,2.0,430.3999999999999
yelp_polarity,uncertainty_al,1000,2,sentence_transformer_logreg,sentence-transformers/all-MiniLM-L6-v2,0.8498103477646437,0.851,low,Amazon Mechanical Turk,https://www.mturk.com/pricing,2026-07-12,0.04,0.002,40.0,2.0,42.0
yelp_polarity,uncertainty_al,1000,3,sentence_transformer_logreg,sentence-transformers/all-MiniLM-L6-v2,0.850791410424438,0.852,base,Prolific,https://www.prolific.com/pricing,2026-07-12,0.0951999999999999,0.002,95.2,2.0,97.2
yelp_polarity,uncertainty_al,1000,3,sentence_transformer_logreg,sentence-transformers/all-MiniLM-L6-v2,0.850791410424438,0.852,high,Prolific,https://www.prolific.com/pricing,2026-07-12,0.4283999999999999,0.002,428.3999999999999,2.0,430.3999999999999
yelp_polarity,uncertainty_al,1000,3,sentence_transformer_logreg,sentence-transformers/all-MiniLM-L6-v2,0.850791410424438,0.852,low,Amazon Mechanical Turk,https://www.mturk.com/pricing,2026-07-12,0.04,0.002,40.0,2.0,42.0
yelp_polarity,uncertainty_al,1000,4,sentence_transformer_logreg,sentence-transformers/all-MiniLM-L6-v2,0.8508172511326375,0.851,base,Prolific,https://www.prolific.com/pricing,2026-07-12,0.0951999999999999,0.002,95.2,2.0,97.2
yelp_polarity,uncertainty_al,1000,4,sentence_transformer_logreg,sentence-transformers/all-MiniLM-L6-v2,0.8508172511326375,0.851,high,Prolific,https://www.prolific.com/pricing,2026-07-12,0.4283999999999999,0.002,428.3999999999999,2.0,430.3999999999999
yelp_polarity,uncertainty_al,1000,4,sentence_transformer_logreg,sentence-transformers/all-MiniLM-L6-v2,0.8508172511326375,0.851,low,Amazon Mechanical Turk,https://www.mturk.com/pricing,2026-07-12,0.04,0.002,40.0,2.0,42.0
